PASS [open exp-2h created omitted] reset -> 204 or 422 (never 5xx)
PASS [open exp-2h created omitted] clock: new payment created_at within its request window (+-30 ms), not ratcheted by seeded values
FAIL [open exp-2h created omitted] clock: new authorization (cy has 1) created_at within its request window :: (R(201 b'{"authorization_id":"a_1","from_user_id":"u_cy","from_handle":"cy","to_user_id":"u_bob","to_handle":"bob","amount":1,"captured_amount":0,"remaining_amount":1,"currency":"EUR","note":"","visibility":"public","status":"open","expires_at":"2026-10-02T22:36:41+00:00","payment_id":null,"payment_ids":[],"'), '2026-10-02T22:26:41.424492+00:00', '2026-10-02T22:26:41.425500+00:00')
FAIL [open exp-2h created omitted] hold created_at omitted -> the reset instant (between request start and end), not a truncated second :: ('2026-10-02T22:26:41+00:00', '2026-10-02T22:26:41.377994+00:00', '2026-10-02T22:26:41.389662+00:00')
PASS [open exp-2h created omitted] closed_at is never in the future (an event time)
PASS [open exp-2h created omitted] open status iff closed_at null (status shown expired)
PASS [open exp-2h created omitted] current /me held == 2000 exactly for a live seeded open hold, else 0 (0, 9999)
PASS [open exp-2h created omitted]: ada view at 2026-10-02T20:26:41.377993+00:00 consistent (balance=total, available=total-held>=0, held<=total) (10000, 0, 10000)
PASS [open exp-2h created omitted]: bob view at 2026-10-02T20:26:41.377993+00:00 consistent (balance=total, available=total-held>=0, held<=total) (2500, 0, 2500)
PASS [open exp-2h created omitted]: cy view at 2026-10-02T20:26:41.377993+00:00 consistent (balance=total, available=total-held>=0, held<=total) (0, 0, 0)
PASS [open exp-2h created omitted]: sum of totals at 2026-10-02T20:26:41.377993+00:00 == seeded total
PASS [open exp-2h created omitted]: ada view at 2026-10-02T20:26:41.377994+00:00 consistent (balance=total, available=total-held>=0, held<=total) (10000, 0, 10000)
PASS [open exp-2h created omitted]: bob view at 2026-10-02T20:26:41.377994+00:00 consistent (balance=total, available=total-held>=0, held<=total) (2500, 0, 2500)
PASS [open exp-2h created omitted]: cy view at 2026-10-02T20:26:41.377994+00:00 consistent (balance=total, available=total-held>=0, held<=total) (0, 0, 0)
PASS [open exp-2h created omitted]: sum of totals at 2026-10-02T20:26:41.377994+00:00 == seeded total
PASS [open exp-2h created omitted]: ada view at 2026-10-02T20:26:41.377995+00:00 consistent (balance=total, available=total-held>=0, held<=total) (10000, 0, 10000)
PASS [open exp-2h created omitted]: bob view at 2026-10-02T20:26:41.377995+00:00 consistent (balance=total, available=total-held>=0, held<=total) (2500, 0, 2500)
PASS [open exp-2h created omitted]: cy view at 2026-10-02T20:26:41.377995+00:00 consistent (balance=total, available=total-held>=0, held<=total) (0, 0, 0)
PASS [open exp-2h created omitted]: sum of totals at 2026-10-02T20:26:41.377995+00:00 == seeded total
PASS [open exp-2h created omitted]: ada view at 2026-10-02T22:26:40.999999+00:00 consistent (balance=total, available=total-held>=0, held<=total) (10000, 0, 10000)
PASS [open exp-2h created omitted]: bob view at 2026-10-02T22:26:40.999999+00:00 consistent (balance=total, available=total-held>=0, held<=total) (2500, 0, 2500)
PASS [open exp-2h created omitted]: cy view at 2026-10-02T22:26:40.999999+00:00 consistent (balance=total, available=total-held>=0, held<=total) (0, 0, 0)
PASS [open exp-2h created omitted]: sum of totals at 2026-10-02T22:26:40.999999+00:00 == seeded total
PASS [open exp-2h created omitted]: ada view at 2026-10-02T22:26:41.000000+00:00 consistent (balance=total, available=total-held>=0, held<=total) (10000, 0, 10000)
PASS [open exp-2h created omitted]: bob view at 2026-10-02T22:26:41.000000+00:00 consistent (balance=total, available=total-held>=0, held<=total) (2500, 0, 2500)
FAIL [open exp-2h created omitted]: cy view at 2026-10-02T22:26:41.000000+00:00 consistent (balance=total, available=total-held>=0, held<=total) (0, 1, -1) :: {'user_id': 'u_cy', 'display_name': 'Cy', 'handle': 'cy', 'balance': 0, 'total': 0, 'available': -1, 'held': 1, 'currency': 'EUR', 'minor_units': 2, 'as_of': '2026-10-02T22:26:41.000000+00:00'}
PASS [open exp-2h created omitted]: sum of totals at 2026-10-02T22:26:41.000000+00:00 == seeded total
PASS [open exp-2h created omitted]: ada view at 2026-10-02T22:26:41.000001+00:00 consistent (balance=total, available=total-held>=0, held<=total) (10000, 0, 10000)
PASS [open exp-2h created omitted]: bob view at 2026-10-02T22:26:41.000001+00:00 consistent (balance=total, available=total-held>=0, held<=total) (2500, 0, 2500)
FAIL [open exp-2h created omitted]: cy view at 2026-10-02T22:26:41.000001+00:00 consistent (balance=total, available=total-held>=0, held<=total) (0, 1, -1) :: {'user_id': 'u_cy', 'display_name': 'Cy', 'handle': 'cy', 'balance': 0, 'total': 0, 'available': -1, 'held': 1, 'currency': 'EUR', 'minor_units': 2, 'as_of': '2026-10-02T22:26:41.000001+00:00'}
PASS [open exp-2h created omitted]: sum of totals at 2026-10-02T22:26:41.000001+00:00 == seeded total
PASS [open exp-2h created omitted]: ada view at 2026-10-02T22:26:41.377993+00:00 consistent (balance=total, available=total-held>=0, held<=total) (10000, 0, 10000)
PASS [open exp-2h created omitted]: bob view at 2026-10-02T22:26:41.377993+00:00 consistent (balance=total, available=total-held>=0, held<=total) (2500, 0, 2500)
FAIL [open exp-2h created omitted]: cy view at 2026-10-02T22:26:41.377993+00:00 consistent (balance=total, available=total-held>=0, held<=total) (0, 1, -1) :: {'user_id': 'u_cy', 'display_name': 'Cy', 'handle': 'cy', 'balance': 0, 'total': 0, 'available': -1, 'held': 1, 'currency': 'EUR', 'minor_units': 2, 'as_of': '2026-10-02T22:26:41.377993+00:00'}
PASS [open exp-2h created omitted]: sum of totals at 2026-10-02T22:26:41.377993+00:00 == seeded total
PASS [open exp-2h created omitted]: ada view at 2026-10-02T22:26:41.377994+00:00 consistent (balance=total, available=total-held>=0, held<=total) (10000, 0, 10000)
PASS [open exp-2h created omitted]: bob view at 2026-10-02T22:26:41.377994+00:00 consistent (balance=total, available=total-held>=0, held<=total) (2500, 0, 2500)
FAIL [open exp-2h created omitted]: cy view at 2026-10-02T22:26:41.377994+00:00 consistent (balance=total, available=total-held>=0, held<=total) (0, 1, -1) :: {'user_id': 'u_cy', 'display_name': 'Cy', 'handle': 'cy', 'balance': 0, 'total': 0, 'available': -1, 'held': 1, 'currency': 'EUR', 'minor_units': 2, 'as_of': '2026-10-02T22:26:41.377994+00:00'}
PASS [open exp-2h created omitted]: sum of totals at 2026-10-02T22:26:41.377994+00:00 == seeded total
PASS [open exp-2h created omitted]: ada view at 2026-10-02T22:26:41.377995+00:00 consistent (balance=total, available=total-held>=0, held<=total) (10000, 0, 10000)
PASS [open exp-2h created omitted]: bob view at 2026-10-02T22:26:41.377995+00:00 consistent (balance=total, available=total-held>=0, held<=total) (2500, 0, 2500)
FAIL [open exp-2h created omitted]: cy view at 2026-10-02T22:26:41.377995+00:00 consistent (balance=total, available=total-held>=0, held<=total) (0, 1, -1) :: {'user_id': 'u_cy', 'display_name': 'Cy', 'handle': 'cy', 'balance': 0, 'total': 0, 'available': -1, 'held': 1, 'currency': 'EUR', 'minor_units': 2, 'as_of': '2026-10-02T22:26:41.377995+00:00'}
PASS [open exp-2h created omitted]: sum of totals at 2026-10-02T22:26:41.377995+00:00 == seeded total
PASS [open exp-2h created omitted]: ada view at 2026-10-02T22:26:41.389661+00:00 consistent (balance=total, available=total-held>=0, held<=total) (10000, 0, 10000)
PASS [open exp-2h created omitted]: bob view at 2026-10-02T22:26:41.389661+00:00 consistent (balance=total, available=total-held>=0, held<=total) (2500, 0, 2500)
FAIL [open exp-2h created omitted]: cy view at 2026-10-02T22:26:41.389661+00:00 consistent (balance=total, available=total-held>=0, held<=total) (0, 1, -1) :: {'user_id': 'u_cy', 'display_name': 'Cy', 'handle': 'cy', 'balance': 0, 'total': 0, 'available': -1, 'held': 1, 'currency': 'EUR', 'minor_units': 2, 'as_of': '2026-10-02T22:26:41.389661+00:00'}
PASS [open exp-2h created omitted]: sum of totals at 2026-10-02T22:26:41.389661+00:00 == seeded total
PASS [open exp-2h created omitted]: ada view at 2026-10-02T22:26:41.389662+00:00 consistent (balance=total, available=total-held>=0, held<=total) (10000, 0, 10000)
PASS [open exp-2h created omitted]: bob view at 2026-10-02T22:26:41.389662+00:00 consistent (balance=total, available=total-held>=0, held<=total) (2500, 0, 2500)
FAIL [open exp-2h created omitted]: cy view at 2026-10-02T22:26:41.389662+00:00 consistent (balance=total, available=total-held>=0, held<=total) (0, 1, -1) :: {'user_id': 'u_cy', 'display_name': 'Cy', 'handle': 'cy', 'balance': 0, 'total': 0, 'available': -1, 'held': 1, 'currency': 'EUR', 'minor_units': 2, 'as_of': '2026-10-02T22:26:41.389662+00:00'}
PASS [open exp-2h created omitted]: sum of totals at 2026-10-02T22:26:41.389662+00:00 == seeded total
PASS [open exp-2h created omitted]: ada view at 2026-10-02T22:26:41.389663+00:00 consistent (balance=total, available=total-held>=0, held<=total) (10000, 0, 10000)
PASS [open exp-2h created omitted]: bob view at 2026-10-02T22:26:41.389663+00:00 consistent (balance=total, available=total-held>=0, held<=total) (2500, 0, 2500)
FAIL [open exp-2h created omitted]: cy view at 2026-10-02T22:26:41.389663+00:00 consistent (balance=total, available=total-held>=0, held<=total) (0, 1, -1) :: {'user_id': 'u_cy', 'display_name': 'Cy', 'handle': 'cy', 'balance': 0, 'total': 0, 'available': -1, 'held': 1, 'currency': 'EUR', 'minor_units': 2, 'as_of': '2026-10-02T22:26:41.389663+00:00'}
PASS [open exp-2h created omitted]: sum of totals at 2026-10-02T22:26:41.389663+00:00 == seeded total
PASS [open exp-2h created omitted]: ada view at 2026-10-02T22:26:41.439360+00:00 consistent (balance=total, available=total-held>=0, held<=total) (9999, 0, 9999)
PASS [open exp-2h created omitted]: bob view at 2026-10-02T22:26:41.439360+00:00 consistent (balance=total, available=total-held>=0, held<=total) (2500, 0, 2500)
PASS [open exp-2h created omitted]: cy view at 2026-10-02T22:26:41.439360+00:00 consistent (balance=total, available=total-held>=0, held<=total) (1, 1, 0)
PASS [open exp-2h created omitted]: sum of totals at 2026-10-02T22:26:41.439360+00:00 == seeded total
PASS [open exp-2h created omitted]: ada view at 2026-10-02T22:26:41.439361+00:00 consistent (balance=total, available=total-held>=0, held<=total) (9999, 0, 9999)
PASS [open exp-2h created omitted]: bob view at 2026-10-02T22:26:41.439361+00:00 consistent (balance=total, available=total-held>=0, held<=total) (2500, 0, 2500)
PASS [open exp-2h created omitted]: cy view at 2026-10-02T22:26:41.439361+00:00 consistent (balance=total, available=total-held>=0, held<=total) (1, 1, 0)
PASS [open exp-2h created omitted]: sum of totals at 2026-10-02T22:26:41.439361+00:00 == seeded total
PASS [open exp-2h created omitted]: ada view at 2026-10-02T22:26:41.439362+00:00 consistent (balance=total, available=total-held>=0, held<=total) (9999, 0, 9999)
PASS [open exp-2h created omitted]: bob view at 2026-10-02T22:26:41.439362+00:00 consistent (balance=total, available=total-held>=0, held<=total) (2500, 0, 2500)
PASS [open exp-2h created omitted]: cy view at 2026-10-02T22:26:41.439362+00:00 consistent (balance=total, available=total-held>=0, held<=total) (1, 1, 0)
PASS [open exp-2h created omitted]: sum of totals at 2026-10-02T22:26:41.439362+00:00 == seeded total
PASS [open exp-2h created omitted]: ada view at 1970-01-01T00:00:00.000000+00:00 consistent (balance=total, available=total-held>=0, held<=total) (10000, 0, 10000)
PASS [open exp-2h created omitted]: bob view at 1970-01-01T00:00:00.000000+00:00 consistent (balance=total, available=total-held>=0, held<=total) (2500, 0, 2500)
PASS [open exp-2h created omitted]: cy view at 1970-01-01T00:00:00.000000+00:00 consistent (balance=total, available=total-held>=0, held<=total) (0, 0, 0)
PASS [open exp-2h created omitted]: sum of totals at 1970-01-01T00:00:00.000000+00:00 == seeded total
PASS [open exp-2h created omitted]: ada view at 9999-12-31T23:59:59.000000+00:00 consistent (balance=total, available=total-held>=0, held<=total) (9999, 0, 9999)
PASS [open exp-2h created omitted]: bob view at 9999-12-31T23:59:59.000000+00:00 consistent (balance=total, available=total-held>=0, held<=total) (2500, 0, 2500)
PASS [open exp-2h created omitted]: cy view at 9999-12-31T23:59:59.000000+00:00 consistent (balance=total, available=total-held>=0, held<=total) (1, 0, 1)
PASS [open exp-2h created omitted]: sum of totals at 9999-12-31T23:59:59.000000+00:00 == seeded total
PASS [open exp-2h created omitted] a payment above available is refused (409 insufficient_funds) 9999
PASS [open exp-2h created omitted] capture of a closed/expired seeded hold -> 409, never 201 (authorization_expired)
PASS [open exp-2h created omitted] after the capture attempt: balances conserved, all views still consistent
PASS [open exp-2h created omitted] export -> 200
PASS [open exp-2h created omitted] import #1 of its own export -> 204
PASS [open exp-2h created omitted] import #1: balances/held/available and every authorization field (closed_at, expires_at, payment_ids, status, created_at) unchanged
PASS [open exp-2h created omitted] import #1: next payment stamped at its own request time (clock not moved by imported values)
PASS [open exp-2h created omitted] import #2 of its own export -> 204
PASS [open exp-2h created omitted] import #2: balances/held/available and every authorization field (closed_at, expires_at, payment_ids, status, created_at) unchanged
PASS [open exp-2h created omitted] import #2: next payment stamped at its own request time (clock not moved by imported values)
PASS [open exp-2h created -3h] reset -> 204 or 422 (never 5xx)
PASS [open exp-2h created -3h] clock: new payment created_at within its request window (+-30 ms), not ratcheted by seeded values
FAIL [open exp-2h created -3h] clock: new authorization (cy has 1) created_at within its request window :: (R(201 b'{"authorization_id":"a_1","from_user_id":"u_cy","from_handle":"cy","to_user_id":"u_bob","to_handle":"bob","amount":1,"captured_amount":0,"remaining_amount":1,"currency":"EUR","note":"","visibility":"public","status":"open","expires_at":"2026-10-02T22:36:41+00:00","payment_id":null,"payment_ids":[],"'), '2026-10-02T22:26:41.603337+00:00', '2026-10-02T22:26:41.604071+00:00')
PASS [open exp-2h created -3h] supplied created_at kept
PASS [open exp-2h created -3h] closed_at is never in the future (an event time)
PASS [open exp-2h created -3h] open status iff closed_at null (status shown expired)
PASS [open exp-2h created -3h] current /me held == 2000 exactly for a live seeded open hold, else 0 (0, 9999)
PASS [open exp-2h created -3h]: ada view at 2026-10-02T19:26:41.559686+00:00 consistent (balance=total, available=total-held>=0, held<=total) (10000, 0, 10000)
PASS [open exp-2h created -3h]: bob view at 2026-10-02T19:26:41.559686+00:00 consistent (balance=total, available=total-held>=0, held<=total) (2500, 0, 2500)
PASS [open exp-2h created -3h]: cy view at 2026-10-02T19:26:41.559686+00:00 consistent (balance=total, available=total-held>=0, held<=total) (0, 0, 0)
PASS [open exp-2h created -3h]: sum of totals at 2026-10-02T19:26:41.559686+00:00 == seeded total
PASS [open exp-2h created -3h]: ada view at 2026-10-02T19:26:41.559687+00:00 consistent (balance=total, available=total-held>=0, held<=total) (10000, 2000, 8000)
PASS [open exp-2h created -3h]: bob view at 2026-10-02T19:26:41.559687+00:00 consistent (balance=total, available=total-held>=0, held<=total) (2500, 0, 2500)
PASS [open exp-2h created -3h]: cy view at 2026-10-02T19:26:41.559687+00:00 consistent (balance=total, available=total-held>=0, held<=total) (0, 0, 0)
PASS [open exp-2h created -3h]: sum of totals at 2026-10-02T19:26:41.559687+00:00 == seeded total
PASS [open exp-2h created -3h]: ada view at 2026-10-02T19:26:41.559688+00:00 consistent (balance=total, available=total-held>=0, held<=total) (10000, 2000, 8000)
PASS [open exp-2h created -3h]: bob view at 2026-10-02T19:26:41.559688+00:00 consistent (balance=total, available=total-held>=0, held<=total) (2500, 0, 2500)
PASS [open exp-2h created -3h]: cy view at 2026-10-02T19:26:41.559688+00:00 consistent (balance=total, available=total-held>=0, held<=total) (0, 0, 0)
PASS [open exp-2h created -3h]: sum of totals at 2026-10-02T19:26:41.559688+00:00 == seeded total
PASS [open exp-2h created -3h]: ada view at 2026-10-02T20:26:41.559686+00:00 consistent (balance=total, available=total-held>=0, held<=total) (10000, 2000, 8000)
PASS [open exp-2h created -3h]: bob view at 2026-10-02T20:26:41.559686+00:00 consistent (balance=total, available=total-held>=0, held<=total) (2500, 0, 2500)
PASS [open exp-2h created -3h]: cy view at 2026-10-02T20:26:41.559686+00:00 consistent (balance=total, available=total-held>=0, held<=total) (0, 0, 0)
PASS [open exp-2h created -3h]: sum of totals at 2026-10-02T20:26:41.559686+00:00 == seeded total
PASS [open exp-2h created -3h]: ada view at 2026-10-02T20:26:41.559687+00:00 consistent (balance=total, available=total-held>=0, held<=total) (10000, 0, 10000)
PASS [open exp-2h created -3h]: bob view at 2026-10-02T20:26:41.559687+00:00 consistent (balance=total, available=total-held>=0, held<=total) (2500, 0, 2500)
PASS [open exp-2h created -3h]: cy view at 2026-10-02T20:26:41.559687+00:00 consistent (balance=total, available=total-held>=0, held<=total) (0, 0, 0)
PASS [open exp-2h created -3h]: sum of totals at 2026-10-02T20:26:41.559687+00:00 == seeded total
PASS [open exp-2h created -3h]: ada view at 2026-10-02T20:26:41.559688+00:00 consistent (balance=total, available=total-held>=0, held<=total) (10000, 0, 10000)
PASS [open exp-2h created -3h]: bob view at 2026-10-02T20:26:41.559688+00:00 consistent (balance=total, available=total-held>=0, held<=total) (2500, 0, 2500)
PASS [open exp-2h created -3h]: cy view at 2026-10-02T20:26:41.559688+00:00 consistent (balance=total, available=total-held>=0, held<=total) (0, 0, 0)
PASS [open exp-2h created -3h]: sum of totals at 2026-10-02T20:26:41.559688+00:00 == seeded total
PASS [open exp-2h created -3h]: ada view at 2026-10-02T22:26:41.559686+00:00 consistent (balance=total, available=total-held>=0, held<=total) (10000, 0, 10000)
PASS [open exp-2h created -3h]: bob view at 2026-10-02T22:26:41.559686+00:00 consistent (balance=total, available=total-held>=0, held<=total) (2500, 0, 2500)
FAIL [open exp-2h created -3h]: cy view at 2026-10-02T22:26:41.559686+00:00 consistent (balance=total, available=total-held>=0, held<=total) (0, 1, -1) :: {'user_id': 'u_cy', 'display_name': 'Cy', 'handle': 'cy', 'balance': 0, 'total': 0, 'available': -1, 'held': 1, 'currency': 'EUR', 'minor_units': 2, 'as_of': '2026-10-02T22:26:41.559686+00:00'}
PASS [open exp-2h created -3h]: sum of totals at 2026-10-02T22:26:41.559686+00:00 == seeded total
PASS [open exp-2h created -3h]: ada view at 2026-10-02T22:26:41.559687+00:00 consistent (balance=total, available=total-held>=0, held<=total) (10000, 0, 10000)
PASS [open exp-2h created -3h]: bob view at 2026-10-02T22:26:41.559687+00:00 consistent (balance=total, available=total-held>=0, held<=total) (2500, 0, 2500)
FAIL [open exp-2h created -3h]: cy view at 2026-10-02T22:26:41.559687+00:00 consistent (balance=total, available=total-held>=0, held<=total) (0, 1, -1) :: {'user_id': 'u_cy', 'display_name': 'Cy', 'handle': 'cy', 'balance': 0, 'total': 0, 'available': -1, 'held': 1, 'currency': 'EUR', 'minor_units': 2, 'as_of': '2026-10-02T22:26:41.559687+00:00'}
PASS [open exp-2h created -3h]: sum of totals at 2026-10-02T22:26:41.559687+00:00 == seeded total
PASS [open exp-2h created -3h]: ada view at 2026-10-02T22:26:41.559688+00:00 consistent (balance=total, available=total-held>=0, held<=total) (10000, 0, 10000)
PASS [open exp-2h created -3h]: bob view at 2026-10-02T22:26:41.559688+00:00 consistent (balance=total, available=total-held>=0, held<=total) (2500, 0, 2500)
FAIL [open exp-2h created -3h]: cy view at 2026-10-02T22:26:41.559688+00:00 consistent (balance=total, available=total-held>=0, held<=total) (0, 1, -1) :: {'user_id': 'u_cy', 'display_name': 'Cy', 'handle': 'cy', 'balance': 0, 'total': 0, 'available': -1, 'held': 1, 'currency': 'EUR', 'minor_units': 2, 'as_of': '2026-10-02T22:26:41.559688+00:00'}
PASS [open exp-2h created -3h]: sum of totals at 2026-10-02T22:26:41.559688+00:00 == seeded total
PASS [open exp-2h created -3h]: ada view at 2026-10-02T22:26:41.569334+00:00 consistent (balance=total, available=total-held>=0, held<=total) (10000, 0, 10000)
PASS [open exp-2h created -3h]: bob view at 2026-10-02T22:26:41.569334+00:00 consistent (balance=total, available=total-held>=0, held<=total) (2500, 0, 2500)
FAIL [open exp-2h created -3h]: cy view at 2026-10-02T22:26:41.569334+00:00 consistent (balance=total, available=total-held>=0, held<=total) (0, 1, -1) :: {'user_id': 'u_cy', 'display_name': 'Cy', 'handle': 'cy', 'balance': 0, 'total': 0, 'available': -1, 'held': 1, 'currency': 'EUR', 'minor_units': 2, 'as_of': '2026-10-02T22:26:41.569334+00:00'}
PASS [open exp-2h created -3h]: sum of totals at 2026-10-02T22:26:41.569334+00:00 == seeded total
PASS [open exp-2h created -3h]: ada view at 2026-10-02T22:26:41.569335+00:00 consistent (balance=total, available=total-held>=0, held<=total) (10000, 0, 10000)
PASS [open exp-2h created -3h]: bob view at 2026-10-02T22:26:41.569335+00:00 consistent (balance=total, available=total-held>=0, held<=total) (2500, 0, 2500)
FAIL [open exp-2h created -3h]: cy view at 2026-10-02T22:26:41.569335+00:00 consistent (balance=total, available=total-held>=0, held<=total) (0, 1, -1) :: {'user_id': 'u_cy', 'display_name': 'Cy', 'handle': 'cy', 'balance': 0, 'total': 0, 'available': -1, 'held': 1, 'currency': 'EUR', 'minor_units': 2, 'as_of': '2026-10-02T22:26:41.569335+00:00'}
PASS [open exp-2h created -3h]: sum of totals at 2026-10-02T22:26:41.569335+00:00 == seeded total
PASS [open exp-2h created -3h]: ada view at 2026-10-02T22:26:41.569336+00:00 consistent (balance=total, available=total-held>=0, held<=total) (10000, 0, 10000)
PASS [open exp-2h created -3h]: bob view at 2026-10-02T22:26:41.569336+00:00 consistent (balance=total, available=total-held>=0, held<=total) (2500, 0, 2500)
FAIL [open exp-2h created -3h]: cy view at 2026-10-02T22:26:41.569336+00:00 consistent (balance=total, available=total-held>=0, held<=total) (0, 1, -1) :: {'user_id': 'u_cy', 'display_name': 'Cy', 'handle': 'cy', 'balance': 0, 'total': 0, 'available': -1, 'held': 1, 'currency': 'EUR', 'minor_units': 2, 'as_of': '2026-10-02T22:26:41.569336+00:00'}
PASS [open exp-2h created -3h]: sum of totals at 2026-10-02T22:26:41.569336+00:00 == seeded total
PASS [open exp-2h created -3h]: ada view at 2026-10-02T22:26:41.613312+00:00 consistent (balance=total, available=total-held>=0, held<=total) (9999, 0, 9999)
PASS [open exp-2h created -3h]: bob view at 2026-10-02T22:26:41.613312+00:00 consistent (balance=total, available=total-held>=0, held<=total) (2500, 0, 2500)
PASS [open exp-2h created -3h]: cy view at 2026-10-02T22:26:41.613312+00:00 consistent (balance=total, available=total-held>=0, held<=total) (1, 1, 0)
PASS [open exp-2h created -3h]: sum of totals at 2026-10-02T22:26:41.613312+00:00 == seeded total
PASS [open exp-2h created -3h]: ada view at 2026-10-02T22:26:41.613313+00:00 consistent (balance=total, available=total-held>=0, held<=total) (9999, 0, 9999)
PASS [open exp-2h created -3h]: bob view at 2026-10-02T22:26:41.613313+00:00 consistent (balance=total, available=total-held>=0, held<=total) (2500, 0, 2500)
PASS [open exp-2h created -3h]: cy view at 2026-10-02T22:26:41.613313+00:00 consistent (balance=total, available=total-held>=0, held<=total) (1, 1, 0)
PASS [open exp-2h created -3h]: sum of totals at 2026-10-02T22:26:41.613313+00:00 == seeded total
PASS [open exp-2h created -3h]: ada view at 2026-10-02T22:26:41.613314+00:00 consistent (balance=total, available=total-held>=0, held<=total) (9999, 0, 9999)
PASS [open exp-2h created -3h]: bob view at 2026-10-02T22:26:41.613314+00:00 consistent (balance=total, available=total-held>=0, held<=total) (2500, 0, 2500)
PASS [open exp-2h created -3h]: cy view at 2026-10-02T22:26:41.613314+00:00 consistent (balance=total, available=total-held>=0, held<=total) (1, 1, 0)
PASS [open exp-2h created -3h]: sum of totals at 2026-10-02T22:26:41.613314+00:00 == seeded total
PASS [open exp-2h created -3h]: ada view at 1970-01-01T00:00:00.000000+00:00 consistent (balance=total, available=total-held>=0, held<=total) (10000, 0, 10000)
PASS [open exp-2h created -3h]: bob view at 1970-01-01T00:00:00.000000+00:00 consistent (balance=total, available=total-held>=0, held<=total) (2500, 0, 2500)
PASS [open exp-2h created -3h]: cy view at 1970-01-01T00:00:00.000000+00:00 consistent (balance=total, available=total-held>=0, held<=total) (0, 0, 0)
PASS [open exp-2h created -3h]: sum of totals at 1970-01-01T00:00:00.000000+00:00 == seeded total
PASS [open exp-2h created -3h]: ada view at 9999-12-31T23:59:59.000000+00:00 consistent (balance=total, available=total-held>=0, held<=total) (9999, 0, 9999)
PASS [open exp-2h created -3h]: bob view at 9999-12-31T23:59:59.000000+00:00 consistent (balance=total, available=total-held>=0, held<=total) (2500, 0, 2500)
PASS [open exp-2h created -3h]: cy view at 9999-12-31T23:59:59.000000+00:00 consistent (balance=total, available=total-held>=0, held<=total) (1, 0, 1)
PASS [open exp-2h created -3h]: sum of totals at 9999-12-31T23:59:59.000000+00:00 == seeded total
PASS [open exp-2h created -3h] a payment above available is refused (409 insufficient_funds) 9999
PASS [open exp-2h created -3h] capture of a closed/expired seeded hold -> 409, never 201 (authorization_expired)
PASS [open exp-2h created -3h] after the capture attempt: balances conserved, all views still consistent
PASS [open exp-2h created -3h] export -> 200
PASS [open exp-2h created -3h] import #1 of its own export -> 204
PASS [open exp-2h created -3h] import #1: balances/held/available and every authorization field (closed_at, expires_at, payment_ids, status, created_at) unchanged
PASS [open exp-2h created -3h] import #1: next payment stamped at its own request time (clock not moved by imported values)
PASS [open exp-2h created -3h] import #2 of its own export -> 204
PASS [open exp-2h created -3h] import #2: balances/held/available and every authorization field (closed_at, expires_at, payment_ids, status, created_at) unchanged
PASS [open exp-2h created -3h] import #2: next payment stamped at its own request time (clock not moved by imported values)
PASS [open exp-2h created +2h] reset -> 204 or 422 (never 5xx)
PASS [open exp+2h created omitted] reset -> 204 or 422 (never 5xx)
PASS [open exp+2h created omitted] clock: new payment created_at within its request window (+-30 ms), not ratcheted by seeded values
FAIL [open exp+2h created omitted] clock: new authorization (cy has 1) created_at within its request window :: (R(201 b'{"authorization_id":"a_1","from_user_id":"u_cy","from_handle":"cy","to_user_id":"u_bob","to_handle":"bob","amount":1,"captured_amount":0,"remaining_amount":1,"currency":"EUR","note":"","visibility":"public","status":"open","expires_at":"2026-10-02T22:36:41+00:00","payment_id":null,"payment_ids":[],"'), '2026-10-02T22:26:41.788295+00:00', '2026-10-02T22:26:41.789034+00:00')
FAIL [open exp+2h created omitted] hold created_at omitted -> the reset instant (between request start and end), not a truncated second :: ('2026-10-02T22:26:41+00:00', '2026-10-02T22:26:41.744451+00:00', '2026-10-02T22:26:41.753959+00:00')
PASS [open exp+2h created omitted] open status iff closed_at null (status shown open)
PASS [open exp+2h created omitted] current /me held == 2000 exactly for a live seeded open hold, else 0 (2000, 7999)
PASS [open exp+2h created omitted]: ada view at 2026-10-02T22:26:40.999999+00:00 consistent (balance=total, available=total-held>=0, held<=total) (10000, 0, 10000)
PASS [open exp+2h created omitted]: bob view at 2026-10-02T22:26:40.999999+00:00 consistent (balance=total, available=total-held>=0, held<=total) (2500, 0, 2500)
PASS [open exp+2h created omitted]: cy view at 2026-10-02T22:26:40.999999+00:00 consistent (balance=total, available=total-held>=0, held<=total) (0, 0, 0)
PASS [open exp+2h created omitted]: sum of totals at 2026-10-02T22:26:40.999999+00:00 == seeded total
PASS [open exp+2h created omitted]: ada view at 2026-10-02T22:26:41.000000+00:00 consistent (balance=total, available=total-held>=0, held<=total) (10000, 2000, 8000)
PASS [open exp+2h created omitted]: bob view at 2026-10-02T22:26:41.000000+00:00 consistent (balance=total, available=total-held>=0, held<=total) (2500, 0, 2500)
FAIL [open exp+2h created omitted]: cy view at 2026-10-02T22:26:41.000000+00:00 consistent (balance=total, available=total-held>=0, held<=total) (0, 1, -1) :: {'user_id': 'u_cy', 'display_name': 'Cy', 'handle': 'cy', 'balance': 0, 'total': 0, 'available': -1, 'held': 1, 'currency': 'EUR', 'minor_units': 2, 'as_of': '2026-10-02T22:26:41.000000+00:00'}
PASS [open exp+2h created omitted]: sum of totals at 2026-10-02T22:26:41.000000+00:00 == seeded total
PASS [open exp+2h created omitted]: ada view at 2026-10-02T22:26:41.000001+00:00 consistent (balance=total, available=total-held>=0, held<=total) (10000, 2000, 8000)
PASS [open exp+2h created omitted]: bob view at 2026-10-02T22:26:41.000001+00:00 consistent (balance=total, available=total-held>=0, held<=total) (2500, 0, 2500)
FAIL [open exp+2h created omitted]: cy view at 2026-10-02T22:26:41.000001+00:00 consistent (balance=total, available=total-held>=0, held<=total) (0, 1, -1) :: {'user_id': 'u_cy', 'display_name': 'Cy', 'handle': 'cy', 'balance': 0, 'total': 0, 'available': -1, 'held': 1, 'currency': 'EUR', 'minor_units': 2, 'as_of': '2026-10-02T22:26:41.000001+00:00'}
PASS [open exp+2h created omitted]: sum of totals at 2026-10-02T22:26:41.000001+00:00 == seeded total
PASS [open exp+2h created omitted]: ada view at 2026-10-02T22:26:41.744450+00:00 consistent (balance=total, available=total-held>=0, held<=total) (10000, 2000, 8000)
PASS [open exp+2h created omitted]: bob view at 2026-10-02T22:26:41.744450+00:00 consistent (balance=total, available=total-held>=0, held<=total) (2500, 0, 2500)
FAIL [open exp+2h created omitted]: cy view at 2026-10-02T22:26:41.744450+00:00 consistent (balance=total, available=total-held>=0, held<=total) (0, 1, -1) :: {'user_id': 'u_cy', 'display_name': 'Cy', 'handle': 'cy', 'balance': 0, 'total': 0, 'available': -1, 'held': 1, 'currency': 'EUR', 'minor_units': 2, 'as_of': '2026-10-02T22:26:41.744450+00:00'}
PASS [open exp+2h created omitted]: sum of totals at 2026-10-02T22:26:41.744450+00:00 == seeded total
PASS [open exp+2h created omitted]: ada view at 2026-10-02T22:26:41.744451+00:00 consistent (balance=total, available=total-held>=0, held<=total) (10000, 2000, 8000)
PASS [open exp+2h created omitted]: bob view at 2026-10-02T22:26:41.744451+00:00 consistent (balance=total, available=total-held>=0, held<=total) (2500, 0, 2500)
FAIL [open exp+2h created omitted]: cy view at 2026-10-02T22:26:41.744451+00:00 consistent (balance=total, available=total-held>=0, held<=total) (0, 1, -1) :: {'user_id': 'u_cy', 'display_name': 'Cy', 'handle': 'cy', 'balance': 0, 'total': 0, 'available': -1, 'held': 1, 'currency': 'EUR', 'minor_units': 2, 'as_of': '2026-10-02T22:26:41.744451+00:00'}
PASS [open exp+2h created omitted]: sum of totals at 2026-10-02T22:26:41.744451+00:00 == seeded total
PASS [open exp+2h created omitted]: ada view at 2026-10-02T22:26:41.744452+00:00 consistent (balance=total, available=total-held>=0, held<=total) (10000, 2000, 8000)
PASS [open exp+2h created omitted]: bob view at 2026-10-02T22:26:41.744452+00:00 consistent (balance=total, available=total-held>=0, held<=total) (2500, 0, 2500)
FAIL [open exp+2h created omitted]: cy view at 2026-10-02T22:26:41.744452+00:00 consistent (balance=total, available=total-held>=0, held<=total) (0, 1, -1) :: {'user_id': 'u_cy', 'display_name': 'Cy', 'handle': 'cy', 'balance': 0, 'total': 0, 'available': -1, 'held': 1, 'currency': 'EUR', 'minor_units': 2, 'as_of': '2026-10-02T22:26:41.744452+00:00'}
PASS [open exp+2h created omitted]: sum of totals at 2026-10-02T22:26:41.744452+00:00 == seeded total
PASS [open exp+2h created omitted]: ada view at 2026-10-02T22:26:41.753958+00:00 consistent (balance=total, available=total-held>=0, held<=total) (10000, 2000, 8000)
PASS [open exp+2h created omitted]: bob view at 2026-10-02T22:26:41.753958+00:00 consistent (balance=total, available=total-held>=0, held<=total) (2500, 0, 2500)
FAIL [open exp+2h created omitted]: cy view at 2026-10-02T22:26:41.753958+00:00 consistent (balance=total, available=total-held>=0, held<=total) (0, 1, -1) :: {'user_id': 'u_cy', 'display_name': 'Cy', 'handle': 'cy', 'balance': 0, 'total': 0, 'available': -1, 'held': 1, 'currency': 'EUR', 'minor_units': 2, 'as_of': '2026-10-02T22:26:41.753958+00:00'}
PASS [open exp+2h created omitted]: sum of totals at 2026-10-02T22:26:41.753958+00:00 == seeded total
PASS [open exp+2h created omitted]: ada view at 2026-10-02T22:26:41.753959+00:00 consistent (balance=total, available=total-held>=0, held<=total) (10000, 2000, 8000)
PASS [open exp+2h created omitted]: bob view at 2026-10-02T22:26:41.753959+00:00 consistent (balance=total, available=total-held>=0, held<=total) (2500, 0, 2500)
FAIL [open exp+2h created omitted]: cy view at 2026-10-02T22:26:41.753959+00:00 consistent (balance=total, available=total-held>=0, held<=total) (0, 1, -1) :: {'user_id': 'u_cy', 'display_name': 'Cy', 'handle': 'cy', 'balance': 0, 'total': 0, 'available': -1, 'held': 1, 'currency': 'EUR', 'minor_units': 2, 'as_of': '2026-10-02T22:26:41.753959+00:00'}
PASS [open exp+2h created omitted]: sum of totals at 2026-10-02T22:26:41.753959+00:00 == seeded total
PASS [open exp+2h created omitted]: ada view at 2026-10-02T22:26:41.753960+00:00 consistent (balance=total, available=total-held>=0, held<=total) (10000, 2000, 8000)
PASS [open exp+2h created omitted]: bob view at 2026-10-02T22:26:41.753960+00:00 consistent (balance=total, available=total-held>=0, held<=total) (2500, 0, 2500)
FAIL [open exp+2h created omitted]: cy view at 2026-10-02T22:26:41.753960+00:00 consistent (balance=total, available=total-held>=0, held<=total) (0, 1, -1) :: {'user_id': 'u_cy', 'display_name': 'Cy', 'handle': 'cy', 'balance': 0, 'total': 0, 'available': -1, 'held': 1, 'currency': 'EUR', 'minor_units': 2, 'as_of': '2026-10-02T22:26:41.753960+00:00'}
PASS [open exp+2h created omitted]: sum of totals at 2026-10-02T22:26:41.753960+00:00 == seeded total
PASS [open exp+2h created omitted]: ada view at 2026-10-02T22:26:41.798648+00:00 consistent (balance=total, available=total-held>=0, held<=total) (9999, 2000, 7999)
PASS [open exp+2h created omitted]: bob view at 2026-10-02T22:26:41.798648+00:00 consistent (balance=total, available=total-held>=0, held<=total) (2500, 0, 2500)
PASS [open exp+2h created omitted]: cy view at 2026-10-02T22:26:41.798648+00:00 consistent (balance=total, available=total-held>=0, held<=total) (1, 1, 0)
PASS [open exp+2h created omitted]: sum of totals at 2026-10-02T22:26:41.798648+00:00 == seeded total
PASS [open exp+2h created omitted]: ada view at 2026-10-02T22:26:41.798649+00:00 consistent (balance=total, available=total-held>=0, held<=total) (9999, 2000, 7999)
PASS [open exp+2h created omitted]: bob view at 2026-10-02T22:26:41.798649+00:00 consistent (balance=total, available=total-held>=0, held<=total) (2500, 0, 2500)
PASS [open exp+2h created omitted]: cy view at 2026-10-02T22:26:41.798649+00:00 consistent (balance=total, available=total-held>=0, held<=total) (1, 1, 0)
PASS [open exp+2h created omitted]: sum of totals at 2026-10-02T22:26:41.798649+00:00 == seeded total
PASS [open exp+2h created omitted]: ada view at 2026-10-02T22:26:41.798650+00:00 consistent (balance=total, available=total-held>=0, held<=total) (9999, 2000, 7999)
PASS [open exp+2h created omitted]: bob view at 2026-10-02T22:26:41.798650+00:00 consistent (balance=total, available=total-held>=0, held<=total) (2500, 0, 2500)
PASS [open exp+2h created omitted]: cy view at 2026-10-02T22:26:41.798650+00:00 consistent (balance=total, available=total-held>=0, held<=total) (1, 1, 0)
PASS [open exp+2h created omitted]: sum of totals at 2026-10-02T22:26:41.798650+00:00 == seeded total
PASS [open exp+2h created omitted]: ada view at 2026-10-03T00:26:41.744450+00:00 consistent (balance=total, available=total-held>=0, held<=total) (9999, 2000, 7999)
PASS [open exp+2h created omitted]: bob view at 2026-10-03T00:26:41.744450+00:00 consistent (balance=total, available=total-held>=0, held<=total) (2500, 0, 2500)
PASS [open exp+2h created omitted]: cy view at 2026-10-03T00:26:41.744450+00:00 consistent (balance=total, available=total-held>=0, held<=total) (1, 0, 1)
PASS [open exp+2h created omitted]: sum of totals at 2026-10-03T00:26:41.744450+00:00 == seeded total
PASS [open exp+2h created omitted]: ada view at 2026-10-03T00:26:41.744451+00:00 consistent (balance=total, available=total-held>=0, held<=total) (9999, 0, 9999)
PASS [open exp+2h created omitted]: bob view at 2026-10-03T00:26:41.744451+00:00 consistent (balance=total, available=total-held>=0, held<=total) (2500, 0, 2500)
PASS [open exp+2h created omitted]: cy view at 2026-10-03T00:26:41.744451+00:00 consistent (balance=total, available=total-held>=0, held<=total) (1, 0, 1)
PASS [open exp+2h created omitted]: sum of totals at 2026-10-03T00:26:41.744451+00:00 == seeded total
PASS [open exp+2h created omitted]: ada view at 2026-10-03T00:26:41.744452+00:00 consistent (balance=total, available=total-held>=0, held<=total) (9999, 0, 9999)
PASS [open exp+2h created omitted]: bob view at 2026-10-03T00:26:41.744452+00:00 consistent (balance=total, available=total-held>=0, held<=total) (2500, 0, 2500)
PASS [open exp+2h created omitted]: cy view at 2026-10-03T00:26:41.744452+00:00 consistent (balance=total, available=total-held>=0, held<=total) (1, 0, 1)
PASS [open exp+2h created omitted]: sum of totals at 2026-10-03T00:26:41.744452+00:00 == seeded total
PASS [open exp+2h created omitted]: ada view at 1970-01-01T00:00:00.000000+00:00 consistent (balance=total, available=total-held>=0, held<=total) (10000, 0, 10000)
PASS [open exp+2h created omitted]: bob view at 1970-01-01T00:00:00.000000+00:00 consistent (balance=total, available=total-held>=0, held<=total) (2500, 0, 2500)
PASS [open exp+2h created omitted]: cy view at 1970-01-01T00:00:00.000000+00:00 consistent (balance=total, available=total-held>=0, held<=total) (0, 0, 0)
PASS [open exp+2h created omitted]: sum of totals at 1970-01-01T00:00:00.000000+00:00 == seeded total
PASS [open exp+2h created omitted]: ada view at 9999-12-31T23:59:59.000000+00:00 consistent (balance=total, available=total-held>=0, held<=total) (9999, 0, 9999)
PASS [open exp+2h created omitted]: bob view at 9999-12-31T23:59:59.000000+00:00 consistent (balance=total, available=total-held>=0, held<=total) (2500, 0, 2500)
PASS [open exp+2h created omitted]: cy view at 9999-12-31T23:59:59.000000+00:00 consistent (balance=total, available=total-held>=0, held<=total) (1, 0, 1)
PASS [open exp+2h created omitted]: sum of totals at 9999-12-31T23:59:59.000000+00:00 == seeded total
PASS [open exp+2h created omitted] a payment above available is refused (409 insufficient_funds) 7999
PASS [open exp+2h created omitted] capture of the seeded live open hold -> 201, created_at now
PASS [open exp+2h created omitted] after the capture attempt: balances conserved, all views still consistent
PASS [open exp+2h created omitted] export -> 200
PASS [open exp+2h created omitted] import #1 of its own export -> 204
PASS [open exp+2h created omitted] import #1: balances/held/available and every authorization field (closed_at, expires_at, payment_ids, status, created_at) unchanged
PASS [open exp+2h created omitted] import #1: next payment stamped at its own request time (clock not moved by imported values)
PASS [open exp+2h created omitted] import #2 of its own export -> 204
PASS [open exp+2h created omitted] import #2: balances/held/available and every authorization field (closed_at, expires_at, payment_ids, status, created_at) unchanged
PASS [open exp+2h created omitted] import #2: next payment stamped at its own request time (clock not moved by imported values)
PASS [open exp+2h created -3h] reset -> 204 or 422 (never 5xx)
PASS [open exp+2h created -3h] clock: new payment created_at within its request window (+-30 ms), not ratcheted by seeded values
FAIL [open exp+2h created -3h] clock: new authorization (cy has 1) created_at within its request window :: (R(201 b'{"authorization_id":"a_1","from_user_id":"u_cy","from_handle":"cy","to_user_id":"u_bob","to_handle":"bob","amount":1,"captured_amount":0,"remaining_amount":1,"currency":"EUR","note":"","visibility":"public","status":"open","expires_at":"2026-10-02T22:36:41+00:00","payment_id":null,"payment_ids":[],"'), '2026-10-02T22:26:41.958158+00:00', '2026-10-02T22:26:41.959235+00:00')
PASS [open exp+2h created -3h] supplied created_at kept
PASS [open exp+2h created -3h] open status iff closed_at null (status shown open)
PASS [open exp+2h created -3h] current /me held == 2000 exactly for a live seeded open hold, else 0 (2000, 7999)
PASS [open exp+2h created -3h]: ada view at 2026-10-02T19:26:41.914871+00:00 consistent (balance=total, available=total-held>=0, held<=total) (10000, 0, 10000)
PASS [open exp+2h created -3h]: bob view at 2026-10-02T19:26:41.914871+00:00 consistent (balance=total, available=total-held>=0, held<=total) (2500, 0, 2500)
PASS [open exp+2h created -3h]: cy view at 2026-10-02T19:26:41.914871+00:00 consistent (balance=total, available=total-held>=0, held<=total) (0, 0, 0)
PASS [open exp+2h created -3h]: sum of totals at 2026-10-02T19:26:41.914871+00:00 == seeded total
PASS [open exp+2h created -3h]: ada view at 2026-10-02T19:26:41.914872+00:00 consistent (balance=total, available=total-held>=0, held<=total) (10000, 2000, 8000)
PASS [open exp+2h created -3h]: bob view at 2026-10-02T19:26:41.914872+00:00 consistent (balance=total, available=total-held>=0, held<=total) (2500, 0, 2500)
PASS [open exp+2h created -3h]: cy view at 2026-10-02T19:26:41.914872+00:00 consistent (balance=total, available=total-held>=0, held<=total) (0, 0, 0)
PASS [open exp+2h created -3h]: sum of totals at 2026-10-02T19:26:41.914872+00:00 == seeded total
PASS [open exp+2h created -3h]: ada view at 2026-10-02T19:26:41.914873+00:00 consistent (balance=total, available=total-held>=0, held<=total) (10000, 2000, 8000)
PASS [open exp+2h created -3h]: bob view at 2026-10-02T19:26:41.914873+00:00 consistent (balance=total, available=total-held>=0, held<=total) (2500, 0, 2500)
PASS [open exp+2h created -3h]: cy view at 2026-10-02T19:26:41.914873+00:00 consistent (balance=total, available=total-held>=0, held<=total) (0, 0, 0)
PASS [open exp+2h created -3h]: sum of totals at 2026-10-02T19:26:41.914873+00:00 == seeded total
PASS [open exp+2h created -3h]: ada view at 2026-10-02T22:26:41.914871+00:00 consistent (balance=total, available=total-held>=0, held<=total) (10000, 2000, 8000)
PASS [open exp+2h created -3h]: bob view at 2026-10-02T22:26:41.914871+00:00 consistent (balance=total, available=total-held>=0, held<=total) (2500, 0, 2500)
FAIL [open exp+2h created -3h]: cy view at 2026-10-02T22:26:41.914871+00:00 consistent (balance=total, available=total-held>=0, held<=total) (0, 1, -1) :: {'user_id': 'u_cy', 'display_name': 'Cy', 'handle': 'cy', 'balance': 0, 'total': 0, 'available': -1, 'held': 1, 'currency': 'EUR', 'minor_units': 2, 'as_of': '2026-10-02T22:26:41.914871+00:00'}
PASS [open exp+2h created -3h]: sum of totals at 2026-10-02T22:26:41.914871+00:00 == seeded total
PASS [open exp+2h created -3h]: ada view at 2026-10-02T22:26:41.914872+00:00 consistent (balance=total, available=total-held>=0, held<=total) (10000, 2000, 8000)
PASS [open exp+2h created -3h]: bob view at 2026-10-02T22:26:41.914872+00:00 consistent (balance=total, available=total-held>=0, held<=total) (2500, 0, 2500)
FAIL [open exp+2h created -3h]: cy view at 2026-10-02T22:26:41.914872+00:00 consistent (balance=total, available=total-held>=0, held<=total) (0, 1, -1) :: {'user_id': 'u_cy', 'display_name': 'Cy', 'handle': 'cy', 'balance': 0, 'total': 0, 'available': -1, 'held': 1, 'currency': 'EUR', 'minor_units': 2, 'as_of': '2026-10-02T22:26:41.914872+00:00'}
PASS [open exp+2h created -3h]: sum of totals at 2026-10-02T22:26:41.914872+00:00 == seeded total
PASS [open exp+2h created -3h]: ada view at 2026-10-02T22:26:41.914873+00:00 consistent (balance=total, available=total-held>=0, held<=total) (10000, 2000, 8000)
PASS [open exp+2h created -3h]: bob view at 2026-10-02T22:26:41.914873+00:00 consistent (balance=total, available=total-held>=0, held<=total) (2500, 0, 2500)
FAIL [open exp+2h created -3h]: cy view at 2026-10-02T22:26:41.914873+00:00 consistent (balance=total, available=total-held>=0, held<=total) (0, 1, -1) :: {'user_id': 'u_cy', 'display_name': 'Cy', 'handle': 'cy', 'balance': 0, 'total': 0, 'available': -1, 'held': 1, 'currency': 'EUR', 'minor_units': 2, 'as_of': '2026-10-02T22:26:41.914873+00:00'}
PASS [open exp+2h created -3h]: sum of totals at 2026-10-02T22:26:41.914873+00:00 == seeded total
PASS [open exp+2h created -3h]: ada view at 2026-10-02T22:26:41.924436+00:00 consistent (balance=total, available=total-held>=0, held<=total) (10000, 2000, 8000)
PASS [open exp+2h created -3h]: bob view at 2026-10-02T22:26:41.924436+00:00 consistent (balance=total, available=total-held>=0, held<=total) (2500, 0, 2500)
FAIL [open exp+2h created -3h]: cy view at 2026-10-02T22:26:41.924436+00:00 consistent (balance=total, available=total-held>=0, held<=total) (0, 1, -1) :: {'user_id': 'u_cy', 'display_name': 'Cy', 'handle': 'cy', 'balance': 0, 'total': 0, 'available': -1, 'held': 1, 'currency': 'EUR', 'minor_units': 2, 'as_of': '2026-10-02T22:26:41.924436+00:00'}
PASS [open exp+2h created -3h]: sum of totals at 2026-10-02T22:26:41.924436+00:00 == seeded total
PASS [open exp+2h created -3h]: ada view at 2026-10-02T22:26:41.924437+00:00 consistent (balance=total, available=total-held>=0, held<=total) (10000, 2000, 8000)
PASS [open exp+2h created -3h]: bob view at 2026-10-02T22:26:41.924437+00:00 consistent (balance=total, available=total-held>=0, held<=total) (2500, 0, 2500)
FAIL [open exp+2h created -3h]: cy view at 2026-10-02T22:26:41.924437+00:00 consistent (balance=total, available=total-held>=0, held<=total) (0, 1, -1) :: {'user_id': 'u_cy', 'display_name': 'Cy', 'handle': 'cy', 'balance': 0, 'total': 0, 'available': -1, 'held': 1, 'currency': 'EUR', 'minor_units': 2, 'as_of': '2026-10-02T22:26:41.924437+00:00'}
PASS [open exp+2h created -3h]: sum of totals at 2026-10-02T22:26:41.924437+00:00 == seeded total
PASS [open exp+2h created -3h]: ada view at 2026-10-02T22:26:41.924438+00:00 consistent (balance=total, available=total-held>=0, held<=total) (10000, 2000, 8000)
PASS [open exp+2h created -3h]: bob view at 2026-10-02T22:26:41.924438+00:00 consistent (balance=total, available=total-held>=0, held<=total) (2500, 0, 2500)
FAIL [open exp+2h created -3h]: cy view at 2026-10-02T22:26:41.924438+00:00 consistent (balance=total, available=total-held>=0, held<=total) (0, 1, -1) :: {'user_id': 'u_cy', 'display_name': 'Cy', 'handle': 'cy', 'balance': 0, 'total': 0, 'available': -1, 'held': 1, 'currency': 'EUR', 'minor_units': 2, 'as_of': '2026-10-02T22:26:41.924438+00:00'}
PASS [open exp+2h created -3h]: sum of totals at 2026-10-02T22:26:41.924438+00:00 == seeded total
PASS [open exp+2h created -3h]: ada view at 2026-10-02T22:26:41.964232+00:00 consistent (balance=total, available=total-held>=0, held<=total) (9999, 2000, 7999)
PASS [open exp+2h created -3h]: bob view at 2026-10-02T22:26:41.964232+00:00 consistent (balance=total, available=total-held>=0, held<=total) (2500, 0, 2500)
PASS [open exp+2h created -3h]: cy view at 2026-10-02T22:26:41.964232+00:00 consistent (balance=total, available=total-held>=0, held<=total) (1, 1, 0)
PASS [open exp+2h created -3h]: sum of totals at 2026-10-02T22:26:41.964232+00:00 == seeded total
PASS [open exp+2h created -3h]: ada view at 2026-10-02T22:26:41.964233+00:00 consistent (balance=total, available=total-held>=0, held<=total) (9999, 2000, 7999)
PASS [open exp+2h created -3h]: bob view at 2026-10-02T22:26:41.964233+00:00 consistent (balance=total, available=total-held>=0, held<=total) (2500, 0, 2500)
PASS [open exp+2h created -3h]: cy view at 2026-10-02T22:26:41.964233+00:00 consistent (balance=total, available=total-held>=0, held<=total) (1, 1, 0)
PASS [open exp+2h created -3h]: sum of totals at 2026-10-02T22:26:41.964233+00:00 == seeded total
PASS [open exp+2h created -3h]: ada view at 2026-10-02T22:26:41.964234+00:00 consistent (balance=total, available=total-held>=0, held<=total) (9999, 2000, 7999)
PASS [open exp+2h created -3h]: bob view at 2026-10-02T22:26:41.964234+00:00 consistent (balance=total, available=total-held>=0, held<=total) (2500, 0, 2500)
PASS [open exp+2h created -3h]: cy view at 2026-10-02T22:26:41.964234+00:00 consistent (balance=total, available=total-held>=0, held<=total) (1, 1, 0)
PASS [open exp+2h created -3h]: sum of totals at 2026-10-02T22:26:41.964234+00:00 == seeded total
PASS [open exp+2h created -3h]: ada view at 2026-10-03T00:26:41.914871+00:00 consistent (balance=total, available=total-held>=0, held<=total) (9999, 2000, 7999)
PASS [open exp+2h created -3h]: bob view at 2026-10-03T00:26:41.914871+00:00 consistent (balance=total, available=total-held>=0, held<=total) (2500, 0, 2500)
PASS [open exp+2h created -3h]: cy view at 2026-10-03T00:26:41.914871+00:00 consistent (balance=total, available=total-held>=0, held<=total) (1, 0, 1)
PASS [open exp+2h created -3h]: sum of totals at 2026-10-03T00:26:41.914871+00:00 == seeded total
PASS [open exp+2h created -3h]: ada view at 2026-10-03T00:26:41.914872+00:00 consistent (balance=total, available=total-held>=0, held<=total) (9999, 0, 9999)
PASS [open exp+2h created -3h]: bob view at 2026-10-03T00:26:41.914872+00:00 consistent (balance=total, available=total-held>=0, held<=total) (2500, 0, 2500)
PASS [open exp+2h created -3h]: cy view at 2026-10-03T00:26:41.914872+00:00 consistent (balance=total, available=total-held>=0, held<=total) (1, 0, 1)
PASS [open exp+2h created -3h]: sum of totals at 2026-10-03T00:26:41.914872+00:00 == seeded total
PASS [open exp+2h created -3h]: ada view at 2026-10-03T00:26:41.914873+00:00 consistent (balance=total, available=total-held>=0, held<=total) (9999, 0, 9999)
PASS [open exp+2h created -3h]: bob view at 2026-10-03T00:26:41.914873+00:00 consistent (balance=total, available=total-held>=0, held<=total) (2500, 0, 2500)
PASS [open exp+2h created -3h]: cy view at 2026-10-03T00:26:41.914873+00:00 consistent (balance=total, available=total-held>=0, held<=total) (1, 0, 1)
PASS [open exp+2h created -3h]: sum of totals at 2026-10-03T00:26:41.914873+00:00 == seeded total
PASS [open exp+2h created -3h]: ada view at 1970-01-01T00:00:00.000000+00:00 consistent (balance=total, available=total-held>=0, held<=total) (10000, 0, 10000)
PASS [open exp+2h created -3h]: bob view at 1970-01-01T00:00:00.000000+00:00 consistent (balance=total, available=total-held>=0, held<=total) (2500, 0, 2500)
PASS [open exp+2h created -3h]: cy view at 1970-01-01T00:00:00.000000+00:00 consistent (balance=total, available=total-held>=0, held<=total) (0, 0, 0)
PASS [open exp+2h created -3h]: sum of totals at 1970-01-01T00:00:00.000000+00:00 == seeded total
PASS [open exp+2h created -3h]: ada view at 9999-12-31T23:59:59.000000+00:00 consistent (balance=total, available=total-held>=0, held<=total) (9999, 0, 9999)
PASS [open exp+2h created -3h]: bob view at 9999-12-31T23:59:59.000000+00:00 consistent (balance=total, available=total-held>=0, held<=total) (2500, 0, 2500)
PASS [open exp+2h created -3h]: cy view at 9999-12-31T23:59:59.000000+00:00 consistent (balance=total, available=total-held>=0, held<=total) (1, 0, 1)
PASS [open exp+2h created -3h]: sum of totals at 9999-12-31T23:59:59.000000+00:00 == seeded total
PASS [open exp+2h created -3h] a payment above available is refused (409 insufficient_funds) 7999
PASS [open exp+2h created -3h] capture of the seeded live open hold -> 201, created_at now
PASS [open exp+2h created -3h] after the capture attempt: balances conserved, all views still consistent
PASS [open exp+2h created -3h] export -> 200
PASS [open exp+2h created -3h] import #1 of its own export -> 204
PASS [open exp+2h created -3h] import #1: balances/held/available and every authorization field (closed_at, expires_at, payment_ids, status, created_at) unchanged
PASS [open exp+2h created -3h] import #1: next payment stamped at its own request time (clock not moved by imported values)
PASS [open exp+2h created -3h] import #2 of its own export -> 204
PASS [open exp+2h created -3h] import #2: balances/held/available and every authorization field (closed_at, expires_at, payment_ids, status, created_at) unchanged
PASS [open exp+2h created -3h] import #2: next payment stamped at its own request time (clock not moved by imported values)
PASS [open exp+2h created +2h] reset -> 204 or 422 (never 5xx)
PASS [captured exp-2h created omitted] reset -> 204 or 422 (never 5xx)
PASS [captured exp-2h created omitted] clock: new payment created_at within its request window (+-30 ms), not ratcheted by seeded values
FAIL [captured exp-2h created omitted] clock: new authorization (cy has 1) created_at within its request window :: (R(201 b'{"authorization_id":"a_1","from_user_id":"u_cy","from_handle":"cy","to_user_id":"u_bob","to_handle":"bob","amount":1,"captured_amount":0,"remaining_amount":1,"currency":"EUR","note":"","visibility":"public","status":"open","expires_at":"2026-10-02T22:36:42+00:00","payment_id":null,"payment_ids":[],"'), '2026-10-02T22:26:42.137223+00:00', '2026-10-02T22:26:42.138265+00:00')
FAIL [captured exp-2h created omitted] hold created_at omitted -> the reset instant (between request start and end), not a truncated second :: ('2026-10-02T22:26:42+00:00', '2026-10-02T22:26:42.093761+00:00', '2026-10-02T22:26:42.103250+00:00')
PASS [captured exp-2h created omitted] closed_at is never in the future (an event time)
PASS [captured exp-2h created omitted] open status iff closed_at null (status shown captured)
PASS [captured exp-2h created omitted] current /me held == 2000 exactly for a live seeded open hold, else 0 (0, 9999)
PASS [captured exp-2h created omitted]: ada view at 2026-10-02T20:26:42.093760+00:00 consistent (balance=total, available=total-held>=0, held<=total) (10000, 0, 10000)
PASS [captured exp-2h created omitted]: bob view at 2026-10-02T20:26:42.093760+00:00 consistent (balance=total, available=total-held>=0, held<=total) (2500, 0, 2500)
PASS [captured exp-2h created omitted]: cy view at 2026-10-02T20:26:42.093760+00:00 consistent (balance=total, available=total-held>=0, held<=total) (0, 0, 0)
PASS [captured exp-2h created omitted]: sum of totals at 2026-10-02T20:26:42.093760+00:00 == seeded total
PASS [captured exp-2h created omitted]: ada view at 2026-10-02T20:26:42.093761+00:00 consistent (balance=total, available=total-held>=0, held<=total) (10000, 0, 10000)
PASS [captured exp-2h created omitted]: bob view at 2026-10-02T20:26:42.093761+00:00 consistent (balance=total, available=total-held>=0, held<=total) (2500, 0, 2500)
PASS [captured exp-2h created omitted]: cy view at 2026-10-02T20:26:42.093761+00:00 consistent (balance=total, available=total-held>=0, held<=total) (0, 0, 0)
PASS [captured exp-2h created omitted]: sum of totals at 2026-10-02T20:26:42.093761+00:00 == seeded total
PASS [captured exp-2h created omitted]: ada view at 2026-10-02T20:26:42.093762+00:00 consistent (balance=total, available=total-held>=0, held<=total) (10000, 0, 10000)
PASS [captured exp-2h created omitted]: bob view at 2026-10-02T20:26:42.093762+00:00 consistent (balance=total, available=total-held>=0, held<=total) (2500, 0, 2500)
PASS [captured exp-2h created omitted]: cy view at 2026-10-02T20:26:42.093762+00:00 consistent (balance=total, available=total-held>=0, held<=total) (0, 0, 0)
PASS [captured exp-2h created omitted]: sum of totals at 2026-10-02T20:26:42.093762+00:00 == seeded total
PASS [captured exp-2h created omitted]: ada view at 2026-10-02T22:26:41.999999+00:00 consistent (balance=total, available=total-held>=0, held<=total) (10000, 0, 10000)
PASS [captured exp-2h created omitted]: bob view at 2026-10-02T22:26:41.999999+00:00 consistent (balance=total, available=total-held>=0, held<=total) (2500, 0, 2500)
PASS [captured exp-2h created omitted]: cy view at 2026-10-02T22:26:41.999999+00:00 consistent (balance=total, available=total-held>=0, held<=total) (0, 0, 0)
PASS [captured exp-2h created omitted]: sum of totals at 2026-10-02T22:26:41.999999+00:00 == seeded total
PASS [captured exp-2h created omitted]: ada view at 2026-10-02T22:26:42.000000+00:00 consistent (balance=total, available=total-held>=0, held<=total) (10000, 0, 10000)
PASS [captured exp-2h created omitted]: bob view at 2026-10-02T22:26:42.000000+00:00 consistent (balance=total, available=total-held>=0, held<=total) (2500, 0, 2500)
FAIL [captured exp-2h created omitted]: cy view at 2026-10-02T22:26:42.000000+00:00 consistent (balance=total, available=total-held>=0, held<=total) (0, 1, -1) :: {'user_id': 'u_cy', 'display_name': 'Cy', 'handle': 'cy', 'balance': 0, 'total': 0, 'available': -1, 'held': 1, 'currency': 'EUR', 'minor_units': 2, 'as_of': '2026-10-02T22:26:42.000000+00:00'}
PASS [captured exp-2h created omitted]: sum of totals at 2026-10-02T22:26:42.000000+00:00 == seeded total
PASS [captured exp-2h created omitted]: ada view at 2026-10-02T22:26:42.000001+00:00 consistent (balance=total, available=total-held>=0, held<=total) (10000, 0, 10000)
PASS [captured exp-2h created omitted]: bob view at 2026-10-02T22:26:42.000001+00:00 consistent (balance=total, available=total-held>=0, held<=total) (2500, 0, 2500)
FAIL [captured exp-2h created omitted]: cy view at 2026-10-02T22:26:42.000001+00:00 consistent (balance=total, available=total-held>=0, held<=total) (0, 1, -1) :: {'user_id': 'u_cy', 'display_name': 'Cy', 'handle': 'cy', 'balance': 0, 'total': 0, 'available': -1, 'held': 1, 'currency': 'EUR', 'minor_units': 2, 'as_of': '2026-10-02T22:26:42.000001+00:00'}
PASS [captured exp-2h created omitted]: sum of totals at 2026-10-02T22:26:42.000001+00:00 == seeded total
PASS [captured exp-2h created omitted]: ada view at 2026-10-02T22:26:42.093760+00:00 consistent (balance=total, available=total-held>=0, held<=total) (10000, 0, 10000)
PASS [captured exp-2h created omitted]: bob view at 2026-10-02T22:26:42.093760+00:00 consistent (balance=total, available=total-held>=0, held<=total) (2500, 0, 2500)
FAIL [captured exp-2h created omitted]: cy view at 2026-10-02T22:26:42.093760+00:00 consistent (balance=total, available=total-held>=0, held<=total) (0, 1, -1) :: {'user_id': 'u_cy', 'display_name': 'Cy', 'handle': 'cy', 'balance': 0, 'total': 0, 'available': -1, 'held': 1, 'currency': 'EUR', 'minor_units': 2, 'as_of': '2026-10-02T22:26:42.093760+00:00'}
PASS [captured exp-2h created omitted]: sum of totals at 2026-10-02T22:26:42.093760+00:00 == seeded total
PASS [captured exp-2h created omitted]: ada view at 2026-10-02T22:26:42.093761+00:00 consistent (balance=total, available=total-held>=0, held<=total) (10000, 0, 10000)
PASS [captured exp-2h created omitted]: bob view at 2026-10-02T22:26:42.093761+00:00 consistent (balance=total, available=total-held>=0, held<=total) (2500, 0, 2500)
FAIL [captured exp-2h created omitted]: cy view at 2026-10-02T22:26:42.093761+00:00 consistent (balance=total, available=total-held>=0, held<=total) (0, 1, -1) :: {'user_id': 'u_cy', 'display_name': 'Cy', 'handle': 'cy', 'balance': 0, 'total': 0, 'available': -1, 'held': 1, 'currency': 'EUR', 'minor_units': 2, 'as_of': '2026-10-02T22:26:42.093761+00:00'}
PASS [captured exp-2h created omitted]: sum of totals at 2026-10-02T22:26:42.093761+00:00 == seeded total
PASS [captured exp-2h created omitted]: ada view at 2026-10-02T22:26:42.093762+00:00 consistent (balance=total, available=total-held>=0, held<=total) (10000, 0, 10000)
PASS [captured exp-2h created omitted]: bob view at 2026-10-02T22:26:42.093762+00:00 consistent (balance=total, available=total-held>=0, held<=total) (2500, 0, 2500)
FAIL [captured exp-2h created omitted]: cy view at 2026-10-02T22:26:42.093762+00:00 consistent (balance=total, available=total-held>=0, held<=total) (0, 1, -1) :: {'user_id': 'u_cy', 'display_name': 'Cy', 'handle': 'cy', 'balance': 0, 'total': 0, 'available': -1, 'held': 1, 'currency': 'EUR', 'minor_units': 2, 'as_of': '2026-10-02T22:26:42.093762+00:00'}
PASS [captured exp-2h created omitted]: sum of totals at 2026-10-02T22:26:42.093762+00:00 == seeded total
PASS [captured exp-2h created omitted]: ada view at 2026-10-02T22:26:42.103249+00:00 consistent (balance=total, available=total-held>=0, held<=total) (10000, 0, 10000)
PASS [captured exp-2h created omitted]: bob view at 2026-10-02T22:26:42.103249+00:00 consistent (balance=total, available=total-held>=0, held<=total) (2500, 0, 2500)
FAIL [captured exp-2h created omitted]: cy view at 2026-10-02T22:26:42.103249+00:00 consistent (balance=total, available=total-held>=0, held<=total) (0, 1, -1) :: {'user_id': 'u_cy', 'display_name': 'Cy', 'handle': 'cy', 'balance': 0, 'total': 0, 'available': -1, 'held': 1, 'currency': 'EUR', 'minor_units': 2, 'as_of': '2026-10-02T22:26:42.103249+00:00'}
PASS [captured exp-2h created omitted]: sum of totals at 2026-10-02T22:26:42.103249+00:00 == seeded total
PASS [captured exp-2h created omitted]: ada view at 2026-10-02T22:26:42.103250+00:00 consistent (balance=total, available=total-held>=0, held<=total) (10000, 0, 10000)
PASS [captured exp-2h created omitted]: bob view at 2026-10-02T22:26:42.103250+00:00 consistent (balance=total, available=total-held>=0, held<=total) (2500, 0, 2500)
FAIL [captured exp-2h created omitted]: cy view at 2026-10-02T22:26:42.103250+00:00 consistent (balance=total, available=total-held>=0, held<=total) (0, 1, -1) :: {'user_id': 'u_cy', 'display_name': 'Cy', 'handle': 'cy', 'balance': 0, 'total': 0, 'available': -1, 'held': 1, 'currency': 'EUR', 'minor_units': 2, 'as_of': '2026-10-02T22:26:42.103250+00:00'}
PASS [captured exp-2h created omitted]: sum of totals at 2026-10-02T22:26:42.103250+00:00 == seeded total
PASS [captured exp-2h created omitted]: ada view at 2026-10-02T22:26:42.103251+00:00 consistent (balance=total, available=total-held>=0, held<=total) (10000, 0, 10000)
PASS [captured exp-2h created omitted]: bob view at 2026-10-02T22:26:42.103251+00:00 consistent (balance=total, available=total-held>=0, held<=total) (2500, 0, 2500)
FAIL [captured exp-2h created omitted]: cy view at 2026-10-02T22:26:42.103251+00:00 consistent (balance=total, available=total-held>=0, held<=total) (0, 1, -1) :: {'user_id': 'u_cy', 'display_name': 'Cy', 'handle': 'cy', 'balance': 0, 'total': 0, 'available': -1, 'held': 1, 'currency': 'EUR', 'minor_units': 2, 'as_of': '2026-10-02T22:26:42.103251+00:00'}
PASS [captured exp-2h created omitted]: sum of totals at 2026-10-02T22:26:42.103251+00:00 == seeded total
PASS [captured exp-2h created omitted]: ada view at 2026-10-02T22:26:42.151571+00:00 consistent (balance=total, available=total-held>=0, held<=total) (9999, 0, 9999)
PASS [captured exp-2h created omitted]: bob view at 2026-10-02T22:26:42.151571+00:00 consistent (balance=total, available=total-held>=0, held<=total) (2500, 0, 2500)
PASS [captured exp-2h created omitted]: cy view at 2026-10-02T22:26:42.151571+00:00 consistent (balance=total, available=total-held>=0, held<=total) (1, 1, 0)
PASS [captured exp-2h created omitted]: sum of totals at 2026-10-02T22:26:42.151571+00:00 == seeded total
PASS [captured exp-2h created omitted]: ada view at 2026-10-02T22:26:42.151572+00:00 consistent (balance=total, available=total-held>=0, held<=total) (9999, 0, 9999)
PASS [captured exp-2h created omitted]: bob view at 2026-10-02T22:26:42.151572+00:00 consistent (balance=total, available=total-held>=0, held<=total) (2500, 0, 2500)
PASS [captured exp-2h created omitted]: cy view at 2026-10-02T22:26:42.151572+00:00 consistent (balance=total, available=total-held>=0, held<=total) (1, 1, 0)
PASS [captured exp-2h created omitted]: sum of totals at 2026-10-02T22:26:42.151572+00:00 == seeded total
PASS [captured exp-2h created omitted]: ada view at 2026-10-02T22:26:42.151573+00:00 consistent (balance=total, available=total-held>=0, held<=total) (9999, 0, 9999)
PASS [captured exp-2h created omitted]: bob view at 2026-10-02T22:26:42.151573+00:00 consistent (balance=total, available=total-held>=0, held<=total) (2500, 0, 2500)
PASS [captured exp-2h created omitted]: cy view at 2026-10-02T22:26:42.151573+00:00 consistent (balance=total, available=total-held>=0, held<=total) (1, 1, 0)
PASS [captured exp-2h created omitted]: sum of totals at 2026-10-02T22:26:42.151573+00:00 == seeded total
PASS [captured exp-2h created omitted]: ada view at 1970-01-01T00:00:00.000000+00:00 consistent (balance=total, available=total-held>=0, held<=total) (10000, 0, 10000)
PASS [captured exp-2h created omitted]: bob view at 1970-01-01T00:00:00.000000+00:00 consistent (balance=total, available=total-held>=0, held<=total) (2500, 0, 2500)
PASS [captured exp-2h created omitted]: cy view at 1970-01-01T00:00:00.000000+00:00 consistent (balance=total, available=total-held>=0, held<=total) (0, 0, 0)
PASS [captured exp-2h created omitted]: sum of totals at 1970-01-01T00:00:00.000000+00:00 == seeded total
PASS [captured exp-2h created omitted]: ada view at 9999-12-31T23:59:59.000000+00:00 consistent (balance=total, available=total-held>=0, held<=total) (9999, 0, 9999)
PASS [captured exp-2h created omitted]: bob view at 9999-12-31T23:59:59.000000+00:00 consistent (balance=total, available=total-held>=0, held<=total) (2500, 0, 2500)
PASS [captured exp-2h created omitted]: cy view at 9999-12-31T23:59:59.000000+00:00 consistent (balance=total, available=total-held>=0, held<=total) (1, 0, 1)
PASS [captured exp-2h created omitted]: sum of totals at 9999-12-31T23:59:59.000000+00:00 == seeded total
PASS [captured exp-2h created omitted] a payment above available is refused (409 insufficient_funds) 9999
PASS [captured exp-2h created omitted] capture of a closed/expired seeded hold -> 409, never 201 (authorization_not_open)
PASS [captured exp-2h created omitted] after the capture attempt: balances conserved, all views still consistent
PASS [captured exp-2h created omitted] export -> 200
PASS [captured exp-2h created omitted] import #1 of its own export -> 204
PASS [captured exp-2h created omitted] import #1: balances/held/available and every authorization field (closed_at, expires_at, payment_ids, status, created_at) unchanged
PASS [captured exp-2h created omitted] import #1: next payment stamped at its own request time (clock not moved by imported values)
PASS [captured exp-2h created omitted] import #2 of its own export -> 204
PASS [captured exp-2h created omitted] import #2: balances/held/available and every authorization field (closed_at, expires_at, payment_ids, status, created_at) unchanged
PASS [captured exp-2h created omitted] import #2: next payment stamped at its own request time (clock not moved by imported values)
PASS [captured exp-2h created -3h] reset -> 204 or 422 (never 5xx)
PASS [captured exp-2h created -3h] clock: new payment created_at within its request window (+-30 ms), not ratcheted by seeded values
FAIL [captured exp-2h created -3h] clock: new authorization (cy has 1) created_at within its request window :: (R(201 b'{"authorization_id":"a_1","from_user_id":"u_cy","from_handle":"cy","to_user_id":"u_bob","to_handle":"bob","amount":1,"captured_amount":0,"remaining_amount":1,"currency":"EUR","note":"","visibility":"public","status":"open","expires_at":"2026-10-02T22:36:42+00:00","payment_id":null,"payment_ids":[],"'), '2026-10-02T22:26:42.309082+00:00', '2026-10-02T22:26:42.309816+00:00')
PASS [captured exp-2h created -3h] supplied created_at kept
PASS [captured exp-2h created -3h] closed_at is never in the future (an event time)
PASS [captured exp-2h created -3h] open status iff closed_at null (status shown captured)
PASS [captured exp-2h created -3h] current /me held == 2000 exactly for a live seeded open hold, else 0 (0, 9999)
PASS [captured exp-2h created -3h]: ada view at 2026-10-02T19:26:42.265506+00:00 consistent (balance=total, available=total-held>=0, held<=total) (10000, 0, 10000)
PASS [captured exp-2h created -3h]: bob view at 2026-10-02T19:26:42.265506+00:00 consistent (balance=total, available=total-held>=0, held<=total) (2500, 0, 2500)
PASS [captured exp-2h created -3h]: cy view at 2026-10-02T19:26:42.265506+00:00 consistent (balance=total, available=total-held>=0, held<=total) (0, 0, 0)
PASS [captured exp-2h created -3h]: sum of totals at 2026-10-02T19:26:42.265506+00:00 == seeded total
PASS [captured exp-2h created -3h]: ada view at 2026-10-02T19:26:42.265507+00:00 consistent (balance=total, available=total-held>=0, held<=total) (10000, 0, 10000)
PASS [captured exp-2h created -3h]: bob view at 2026-10-02T19:26:42.265507+00:00 consistent (balance=total, available=total-held>=0, held<=total) (2500, 0, 2500)
PASS [captured exp-2h created -3h]: cy view at 2026-10-02T19:26:42.265507+00:00 consistent (balance=total, available=total-held>=0, held<=total) (0, 0, 0)
PASS [captured exp-2h created -3h]: sum of totals at 2026-10-02T19:26:42.265507+00:00 == seeded total
PASS [captured exp-2h created -3h]: ada view at 2026-10-02T19:26:42.265508+00:00 consistent (balance=total, available=total-held>=0, held<=total) (10000, 0, 10000)
PASS [captured exp-2h created -3h]: bob view at 2026-10-02T19:26:42.265508+00:00 consistent (balance=total, available=total-held>=0, held<=total) (2500, 0, 2500)
PASS [captured exp-2h created -3h]: cy view at 2026-10-02T19:26:42.265508+00:00 consistent (balance=total, available=total-held>=0, held<=total) (0, 0, 0)
PASS [captured exp-2h created -3h]: sum of totals at 2026-10-02T19:26:42.265508+00:00 == seeded total
PASS [captured exp-2h created -3h]: ada view at 2026-10-02T20:26:42.265506+00:00 consistent (balance=total, available=total-held>=0, held<=total) (10000, 0, 10000)
PASS [captured exp-2h created -3h]: bob view at 2026-10-02T20:26:42.265506+00:00 consistent (balance=total, available=total-held>=0, held<=total) (2500, 0, 2500)
PASS [captured exp-2h created -3h]: cy view at 2026-10-02T20:26:42.265506+00:00 consistent (balance=total, available=total-held>=0, held<=total) (0, 0, 0)
PASS [captured exp-2h created -3h]: sum of totals at 2026-10-02T20:26:42.265506+00:00 == seeded total
PASS [captured exp-2h created -3h]: ada view at 2026-10-02T20:26:42.265507+00:00 consistent (balance=total, available=total-held>=0, held<=total) (10000, 0, 10000)
PASS [captured exp-2h created -3h]: bob view at 2026-10-02T20:26:42.265507+00:00 consistent (balance=total, available=total-held>=0, held<=total) (2500, 0, 2500)
PASS [captured exp-2h created -3h]: cy view at 2026-10-02T20:26:42.265507+00:00 consistent (balance=total, available=total-held>=0, held<=total) (0, 0, 0)
PASS [captured exp-2h created -3h]: sum of totals at 2026-10-02T20:26:42.265507+00:00 == seeded total
PASS [captured exp-2h created -3h]: ada view at 2026-10-02T20:26:42.265508+00:00 consistent (balance=total, available=total-held>=0, held<=total) (10000, 0, 10000)
PASS [captured exp-2h created -3h]: bob view at 2026-10-02T20:26:42.265508+00:00 consistent (balance=total, available=total-held>=0, held<=total) (2500, 0, 2500)
PASS [captured exp-2h created -3h]: cy view at 2026-10-02T20:26:42.265508+00:00 consistent (balance=total, available=total-held>=0, held<=total) (0, 0, 0)
PASS [captured exp-2h created -3h]: sum of totals at 2026-10-02T20:26:42.265508+00:00 == seeded total
PASS [captured exp-2h created -3h]: ada view at 2026-10-02T22:26:42.265506+00:00 consistent (balance=total, available=total-held>=0, held<=total) (10000, 0, 10000)
PASS [captured exp-2h created -3h]: bob view at 2026-10-02T22:26:42.265506+00:00 consistent (balance=total, available=total-held>=0, held<=total) (2500, 0, 2500)
FAIL [captured exp-2h created -3h]: cy view at 2026-10-02T22:26:42.265506+00:00 consistent (balance=total, available=total-held>=0, held<=total) (0, 1, -1) :: {'user_id': 'u_cy', 'display_name': 'Cy', 'handle': 'cy', 'balance': 0, 'total': 0, 'available': -1, 'held': 1, 'currency': 'EUR', 'minor_units': 2, 'as_of': '2026-10-02T22:26:42.265506+00:00'}
PASS [captured exp-2h created -3h]: sum of totals at 2026-10-02T22:26:42.265506+00:00 == seeded total
PASS [captured exp-2h created -3h]: ada view at 2026-10-02T22:26:42.265507+00:00 consistent (balance=total, available=total-held>=0, held<=total) (10000, 0, 10000)
PASS [captured exp-2h created -3h]: bob view at 2026-10-02T22:26:42.265507+00:00 consistent (balance=total, available=total-held>=0, held<=total) (2500, 0, 2500)
FAIL [captured exp-2h created -3h]: cy view at 2026-10-02T22:26:42.265507+00:00 consistent (balance=total, available=total-held>=0, held<=total) (0, 1, -1) :: {'user_id': 'u_cy', 'display_name': 'Cy', 'handle': 'cy', 'balance': 0, 'total': 0, 'available': -1, 'held': 1, 'currency': 'EUR', 'minor_units': 2, 'as_of': '2026-10-02T22:26:42.265507+00:00'}
PASS [captured exp-2h created -3h]: sum of totals at 2026-10-02T22:26:42.265507+00:00 == seeded total
PASS [captured exp-2h created -3h]: ada view at 2026-10-02T22:26:42.265508+00:00 consistent (balance=total, available=total-held>=0, held<=total) (10000, 0, 10000)
PASS [captured exp-2h created -3h]: bob view at 2026-10-02T22:26:42.265508+00:00 consistent (balance=total, available=total-held>=0, held<=total) (2500, 0, 2500)
FAIL [captured exp-2h created -3h]: cy view at 2026-10-02T22:26:42.265508+00:00 consistent (balance=total, available=total-held>=0, held<=total) (0, 1, -1) :: {'user_id': 'u_cy', 'display_name': 'Cy', 'handle': 'cy', 'balance': 0, 'total': 0, 'available': -1, 'held': 1, 'currency': 'EUR', 'minor_units': 2, 'as_of': '2026-10-02T22:26:42.265508+00:00'}
PASS [captured exp-2h created -3h]: sum of totals at 2026-10-02T22:26:42.265508+00:00 == seeded total
PASS [captured exp-2h created -3h]: ada view at 2026-10-02T22:26:42.275055+00:00 consistent (balance=total, available=total-held>=0, held<=total) (10000, 0, 10000)
PASS [captured exp-2h created -3h]: bob view at 2026-10-02T22:26:42.275055+00:00 consistent (balance=total, available=total-held>=0, held<=total) (2500, 0, 2500)
FAIL [captured exp-2h created -3h]: cy view at 2026-10-02T22:26:42.275055+00:00 consistent (balance=total, available=total-held>=0, held<=total) (0, 1, -1) :: {'user_id': 'u_cy', 'display_name': 'Cy', 'handle': 'cy', 'balance': 0, 'total': 0, 'available': -1, 'held': 1, 'currency': 'EUR', 'minor_units': 2, 'as_of': '2026-10-02T22:26:42.275055+00:00'}
PASS [captured exp-2h created -3h]: sum of totals at 2026-10-02T22:26:42.275055+00:00 == seeded total
PASS [captured exp-2h created -3h]: ada view at 2026-10-02T22:26:42.275056+00:00 consistent (balance=total, available=total-held>=0, held<=total) (10000, 0, 10000)
PASS [captured exp-2h created -3h]: bob view at 2026-10-02T22:26:42.275056+00:00 consistent (balance=total, available=total-held>=0, held<=total) (2500, 0, 2500)
FAIL [captured exp-2h created -3h]: cy view at 2026-10-02T22:26:42.275056+00:00 consistent (balance=total, available=total-held>=0, held<=total) (0, 1, -1) :: {'user_id': 'u_cy', 'display_name': 'Cy', 'handle': 'cy', 'balance': 0, 'total': 0, 'available': -1, 'held': 1, 'currency': 'EUR', 'minor_units': 2, 'as_of': '2026-10-02T22:26:42.275056+00:00'}
PASS [captured exp-2h created -3h]: sum of totals at 2026-10-02T22:26:42.275056+00:00 == seeded total
PASS [captured exp-2h created -3h]: ada view at 2026-10-02T22:26:42.275057+00:00 consistent (balance=total, available=total-held>=0, held<=total) (10000, 0, 10000)
PASS [captured exp-2h created -3h]: bob view at 2026-10-02T22:26:42.275057+00:00 consistent (balance=total, available=total-held>=0, held<=total) (2500, 0, 2500)
FAIL [captured exp-2h created -3h]: cy view at 2026-10-02T22:26:42.275057+00:00 consistent (balance=total, available=total-held>=0, held<=total) (0, 1, -1) :: {'user_id': 'u_cy', 'display_name': 'Cy', 'handle': 'cy', 'balance': 0, 'total': 0, 'available': -1, 'held': 1, 'currency': 'EUR', 'minor_units': 2, 'as_of': '2026-10-02T22:26:42.275057+00:00'}
PASS [captured exp-2h created -3h]: sum of totals at 2026-10-02T22:26:42.275057+00:00 == seeded total
PASS [captured exp-2h created -3h]: ada view at 2026-10-02T22:26:42.319584+00:00 consistent (balance=total, available=total-held>=0, held<=total) (9999, 0, 9999)
PASS [captured exp-2h created -3h]: bob view at 2026-10-02T22:26:42.319584+00:00 consistent (balance=total, available=total-held>=0, held<=total) (2500, 0, 2500)
PASS [captured exp-2h created -3h]: cy view at 2026-10-02T22:26:42.319584+00:00 consistent (balance=total, available=total-held>=0, held<=total) (1, 1, 0)
PASS [captured exp-2h created -3h]: sum of totals at 2026-10-02T22:26:42.319584+00:00 == seeded total
PASS [captured exp-2h created -3h]: ada view at 2026-10-02T22:26:42.319585+00:00 consistent (balance=total, available=total-held>=0, held<=total) (9999, 0, 9999)
PASS [captured exp-2h created -3h]: bob view at 2026-10-02T22:26:42.319585+00:00 consistent (balance=total, available=total-held>=0, held<=total) (2500, 0, 2500)
PASS [captured exp-2h created -3h]: cy view at 2026-10-02T22:26:42.319585+00:00 consistent (balance=total, available=total-held>=0, held<=total) (1, 1, 0)
PASS [captured exp-2h created -3h]: sum of totals at 2026-10-02T22:26:42.319585+00:00 == seeded total
PASS [captured exp-2h created -3h]: ada view at 2026-10-02T22:26:42.319586+00:00 consistent (balance=total, available=total-held>=0, held<=total) (9999, 0, 9999)
PASS [captured exp-2h created -3h]: bob view at 2026-10-02T22:26:42.319586+00:00 consistent (balance=total, available=total-held>=0, held<=total) (2500, 0, 2500)
PASS [captured exp-2h created -3h]: cy view at 2026-10-02T22:26:42.319586+00:00 consistent (balance=total, available=total-held>=0, held<=total) (1, 1, 0)
PASS [captured exp-2h created -3h]: sum of totals at 2026-10-02T22:26:42.319586+00:00 == seeded total
PASS [captured exp-2h created -3h]: ada view at 1970-01-01T00:00:00.000000+00:00 consistent (balance=total, available=total-held>=0, held<=total) (10000, 0, 10000)
PASS [captured exp-2h created -3h]: bob view at 1970-01-01T00:00:00.000000+00:00 consistent (balance=total, available=total-held>=0, held<=total) (2500, 0, 2500)
PASS [captured exp-2h created -3h]: cy view at 1970-01-01T00:00:00.000000+00:00 consistent (balance=total, available=total-held>=0, held<=total) (0, 0, 0)
PASS [captured exp-2h created -3h]: sum of totals at 1970-01-01T00:00:00.000000+00:00 == seeded total
PASS [captured exp-2h created -3h]: ada view at 9999-12-31T23:59:59.000000+00:00 consistent (balance=total, available=total-held>=0, held<=total) (9999, 0, 9999)
PASS [captured exp-2h created -3h]: bob view at 9999-12-31T23:59:59.000000+00:00 consistent (balance=total, available=total-held>=0, held<=total) (2500, 0, 2500)
PASS [captured exp-2h created -3h]: cy view at 9999-12-31T23:59:59.000000+00:00 consistent (balance=total, available=total-held>=0, held<=total) (1, 0, 1)
PASS [captured exp-2h created -3h]: sum of totals at 9999-12-31T23:59:59.000000+00:00 == seeded total
PASS [captured exp-2h created -3h] a payment above available is refused (409 insufficient_funds) 9999
PASS [captured exp-2h created -3h] capture of a closed/expired seeded hold -> 409, never 201 (authorization_not_open)
PASS [captured exp-2h created -3h] after the capture attempt: balances conserved, all views still consistent
PASS [captured exp-2h created -3h] export -> 200
PASS [captured exp-2h created -3h] import #1 of its own export -> 204
PASS [captured exp-2h created -3h] import #1: balances/held/available and every authorization field (closed_at, expires_at, payment_ids, status, created_at) unchanged
PASS [captured exp-2h created -3h] import #1: next payment stamped at its own request time (clock not moved by imported values)
PASS [captured exp-2h created -3h] import #2 of its own export -> 204
PASS [captured exp-2h created -3h] import #2: balances/held/available and every authorization field (closed_at, expires_at, payment_ids, status, created_at) unchanged
PASS [captured exp-2h created -3h] import #2: next payment stamped at its own request time (clock not moved by imported values)
PASS [captured exp-2h created +2h] reset -> 204 or 422 (never 5xx)
PASS [captured exp+2h created omitted] reset -> 204 or 422 (never 5xx)
PASS [captured exp+2h created omitted] clock: new payment created_at within its request window (+-30 ms), not ratcheted by seeded values
FAIL [captured exp+2h created omitted] clock: new authorization (cy has 1) created_at within its request window :: (R(201 b'{"authorization_id":"a_1","from_user_id":"u_cy","from_handle":"cy","to_user_id":"u_bob","to_handle":"bob","amount":1,"captured_amount":0,"remaining_amount":1,"currency":"EUR","note":"","visibility":"public","status":"open","expires_at":"2026-10-02T22:36:42+00:00","payment_id":null,"payment_ids":[],"'), '2026-10-02T22:26:42.487478+00:00', '2026-10-02T22:26:42.488222+00:00')
FAIL [captured exp+2h created omitted] hold created_at omitted -> the reset instant (between request start and end), not a truncated second :: ('2026-10-02T22:26:42+00:00', '2026-10-02T22:26:42.443104+00:00', '2026-10-02T22:26:42.453179+00:00')
PASS [captured exp+2h created omitted] closed_at is never in the future (an event time)
PASS [captured exp+2h created omitted] open status iff closed_at null (status shown captured)
PASS [captured exp+2h created omitted] current /me held == 2000 exactly for a live seeded open hold, else 0 (0, 9999)
PASS [captured exp+2h created omitted]: ada view at 2026-10-02T22:26:41.999999+00:00 consistent (balance=total, available=total-held>=0, held<=total) (10000, 0, 10000)
PASS [captured exp+2h created omitted]: bob view at 2026-10-02T22:26:41.999999+00:00 consistent (balance=total, available=total-held>=0, held<=total) (2500, 0, 2500)
PASS [captured exp+2h created omitted]: cy view at 2026-10-02T22:26:41.999999+00:00 consistent (balance=total, available=total-held>=0, held<=total) (0, 0, 0)
PASS [captured exp+2h created omitted]: sum of totals at 2026-10-02T22:26:41.999999+00:00 == seeded total
PASS [captured exp+2h created omitted]: ada view at 2026-10-02T22:26:42.000000+00:00 consistent (balance=total, available=total-held>=0, held<=total) (10000, 0, 10000)
PASS [captured exp+2h created omitted]: bob view at 2026-10-02T22:26:42.000000+00:00 consistent (balance=total, available=total-held>=0, held<=total) (2500, 0, 2500)
FAIL [captured exp+2h created omitted]: cy view at 2026-10-02T22:26:42.000000+00:00 consistent (balance=total, available=total-held>=0, held<=total) (0, 1, -1) :: {'user_id': 'u_cy', 'display_name': 'Cy', 'handle': 'cy', 'balance': 0, 'total': 0, 'available': -1, 'held': 1, 'currency': 'EUR', 'minor_units': 2, 'as_of': '2026-10-02T22:26:42.000000+00:00'}
PASS [captured exp+2h created omitted]: sum of totals at 2026-10-02T22:26:42.000000+00:00 == seeded total
PASS [captured exp+2h created omitted]: ada view at 2026-10-02T22:26:42.000001+00:00 consistent (balance=total, available=total-held>=0, held<=total) (10000, 0, 10000)
PASS [captured exp+2h created omitted]: bob view at 2026-10-02T22:26:42.000001+00:00 consistent (balance=total, available=total-held>=0, held<=total) (2500, 0, 2500)
FAIL [captured exp+2h created omitted]: cy view at 2026-10-02T22:26:42.000001+00:00 consistent (balance=total, available=total-held>=0, held<=total) (0, 1, -1) :: {'user_id': 'u_cy', 'display_name': 'Cy', 'handle': 'cy', 'balance': 0, 'total': 0, 'available': -1, 'held': 1, 'currency': 'EUR', 'minor_units': 2, 'as_of': '2026-10-02T22:26:42.000001+00:00'}
PASS [captured exp+2h created omitted]: sum of totals at 2026-10-02T22:26:42.000001+00:00 == seeded total
PASS [captured exp+2h created omitted]: ada view at 2026-10-02T22:26:42.443103+00:00 consistent (balance=total, available=total-held>=0, held<=total) (10000, 0, 10000)
PASS [captured exp+2h created omitted]: bob view at 2026-10-02T22:26:42.443103+00:00 consistent (balance=total, available=total-held>=0, held<=total) (2500, 0, 2500)
FAIL [captured exp+2h created omitted]: cy view at 2026-10-02T22:26:42.443103+00:00 consistent (balance=total, available=total-held>=0, held<=total) (0, 1, -1) :: {'user_id': 'u_cy', 'display_name': 'Cy', 'handle': 'cy', 'balance': 0, 'total': 0, 'available': -1, 'held': 1, 'currency': 'EUR', 'minor_units': 2, 'as_of': '2026-10-02T22:26:42.443103+00:00'}
PASS [captured exp+2h created omitted]: sum of totals at 2026-10-02T22:26:42.443103+00:00 == seeded total
PASS [captured exp+2h created omitted]: ada view at 2026-10-02T22:26:42.443104+00:00 consistent (balance=total, available=total-held>=0, held<=total) (10000, 0, 10000)
PASS [captured exp+2h created omitted]: bob view at 2026-10-02T22:26:42.443104+00:00 consistent (balance=total, available=total-held>=0, held<=total) (2500, 0, 2500)
FAIL [captured exp+2h created omitted]: cy view at 2026-10-02T22:26:42.443104+00:00 consistent (balance=total, available=total-held>=0, held<=total) (0, 1, -1) :: {'user_id': 'u_cy', 'display_name': 'Cy', 'handle': 'cy', 'balance': 0, 'total': 0, 'available': -1, 'held': 1, 'currency': 'EUR', 'minor_units': 2, 'as_of': '2026-10-02T22:26:42.443104+00:00'}
PASS [captured exp+2h created omitted]: sum of totals at 2026-10-02T22:26:42.443104+00:00 == seeded total
PASS [captured exp+2h created omitted]: ada view at 2026-10-02T22:26:42.443105+00:00 consistent (balance=total, available=total-held>=0, held<=total) (10000, 0, 10000)
PASS [captured exp+2h created omitted]: bob view at 2026-10-02T22:26:42.443105+00:00 consistent (balance=total, available=total-held>=0, held<=total) (2500, 0, 2500)
FAIL [captured exp+2h created omitted]: cy view at 2026-10-02T22:26:42.443105+00:00 consistent (balance=total, available=total-held>=0, held<=total) (0, 1, -1) :: {'user_id': 'u_cy', 'display_name': 'Cy', 'handle': 'cy', 'balance': 0, 'total': 0, 'available': -1, 'held': 1, 'currency': 'EUR', 'minor_units': 2, 'as_of': '2026-10-02T22:26:42.443105+00:00'}
PASS [captured exp+2h created omitted]: sum of totals at 2026-10-02T22:26:42.443105+00:00 == seeded total
PASS [captured exp+2h created omitted]: ada view at 2026-10-02T22:26:42.453178+00:00 consistent (balance=total, available=total-held>=0, held<=total) (10000, 0, 10000)
PASS [captured exp+2h created omitted]: bob view at 2026-10-02T22:26:42.453178+00:00 consistent (balance=total, available=total-held>=0, held<=total) (2500, 0, 2500)
FAIL [captured exp+2h created omitted]: cy view at 2026-10-02T22:26:42.453178+00:00 consistent (balance=total, available=total-held>=0, held<=total) (0, 1, -1) :: {'user_id': 'u_cy', 'display_name': 'Cy', 'handle': 'cy', 'balance': 0, 'total': 0, 'available': -1, 'held': 1, 'currency': 'EUR', 'minor_units': 2, 'as_of': '2026-10-02T22:26:42.453178+00:00'}
PASS [captured exp+2h created omitted]: sum of totals at 2026-10-02T22:26:42.453178+00:00 == seeded total
PASS [captured exp+2h created omitted]: ada view at 2026-10-02T22:26:42.453179+00:00 consistent (balance=total, available=total-held>=0, held<=total) (10000, 0, 10000)
PASS [captured exp+2h created omitted]: bob view at 2026-10-02T22:26:42.453179+00:00 consistent (balance=total, available=total-held>=0, held<=total) (2500, 0, 2500)
FAIL [captured exp+2h created omitted]: cy view at 2026-10-02T22:26:42.453179+00:00 consistent (balance=total, available=total-held>=0, held<=total) (0, 1, -1) :: {'user_id': 'u_cy', 'display_name': 'Cy', 'handle': 'cy', 'balance': 0, 'total': 0, 'available': -1, 'held': 1, 'currency': 'EUR', 'minor_units': 2, 'as_of': '2026-10-02T22:26:42.453179+00:00'}
PASS [captured exp+2h created omitted]: sum of totals at 2026-10-02T22:26:42.453179+00:00 == seeded total
PASS [captured exp+2h created omitted]: ada view at 2026-10-02T22:26:42.453180+00:00 consistent (balance=total, available=total-held>=0, held<=total) (10000, 0, 10000)
PASS [captured exp+2h created omitted]: bob view at 2026-10-02T22:26:42.453180+00:00 consistent (balance=total, available=total-held>=0, held<=total) (2500, 0, 2500)
FAIL [captured exp+2h created omitted]: cy view at 2026-10-02T22:26:42.453180+00:00 consistent (balance=total, available=total-held>=0, held<=total) (0, 1, -1) :: {'user_id': 'u_cy', 'display_name': 'Cy', 'handle': 'cy', 'balance': 0, 'total': 0, 'available': -1, 'held': 1, 'currency': 'EUR', 'minor_units': 2, 'as_of': '2026-10-02T22:26:42.453180+00:00'}
PASS [captured exp+2h created omitted]: sum of totals at 2026-10-02T22:26:42.453180+00:00 == seeded total
PASS [captured exp+2h created omitted]: ada view at 2026-10-02T22:26:42.501914+00:00 consistent (balance=total, available=total-held>=0, held<=total) (9999, 0, 9999)
PASS [captured exp+2h created omitted]: bob view at 2026-10-02T22:26:42.501914+00:00 consistent (balance=total, available=total-held>=0, held<=total) (2500, 0, 2500)
PASS [captured exp+2h created omitted]: cy view at 2026-10-02T22:26:42.501914+00:00 consistent (balance=total, available=total-held>=0, held<=total) (1, 1, 0)
PASS [captured exp+2h created omitted]: sum of totals at 2026-10-02T22:26:42.501914+00:00 == seeded total
PASS [captured exp+2h created omitted]: ada view at 2026-10-02T22:26:42.501915+00:00 consistent (balance=total, available=total-held>=0, held<=total) (9999, 0, 9999)
PASS [captured exp+2h created omitted]: bob view at 2026-10-02T22:26:42.501915+00:00 consistent (balance=total, available=total-held>=0, held<=total) (2500, 0, 2500)
PASS [captured exp+2h created omitted]: cy view at 2026-10-02T22:26:42.501915+00:00 consistent (balance=total, available=total-held>=0, held<=total) (1, 1, 0)
PASS [captured exp+2h created omitted]: sum of totals at 2026-10-02T22:26:42.501915+00:00 == seeded total
PASS [captured exp+2h created omitted]: ada view at 2026-10-02T22:26:42.501916+00:00 consistent (balance=total, available=total-held>=0, held<=total) (9999, 0, 9999)
PASS [captured exp+2h created omitted]: bob view at 2026-10-02T22:26:42.501916+00:00 consistent (balance=total, available=total-held>=0, held<=total) (2500, 0, 2500)
PASS [captured exp+2h created omitted]: cy view at 2026-10-02T22:26:42.501916+00:00 consistent (balance=total, available=total-held>=0, held<=total) (1, 1, 0)
PASS [captured exp+2h created omitted]: sum of totals at 2026-10-02T22:26:42.501916+00:00 == seeded total
PASS [captured exp+2h created omitted]: ada view at 2026-10-03T00:26:42.443103+00:00 consistent (balance=total, available=total-held>=0, held<=total) (9999, 0, 9999)
PASS [captured exp+2h created omitted]: bob view at 2026-10-03T00:26:42.443103+00:00 consistent (balance=total, available=total-held>=0, held<=total) (2500, 0, 2500)
PASS [captured exp+2h created omitted]: cy view at 2026-10-03T00:26:42.443103+00:00 consistent (balance=total, available=total-held>=0, held<=total) (1, 0, 1)
PASS [captured exp+2h created omitted]: sum of totals at 2026-10-03T00:26:42.443103+00:00 == seeded total
PASS [captured exp+2h created omitted]: ada view at 2026-10-03T00:26:42.443104+00:00 consistent (balance=total, available=total-held>=0, held<=total) (9999, 0, 9999)
PASS [captured exp+2h created omitted]: bob view at 2026-10-03T00:26:42.443104+00:00 consistent (balance=total, available=total-held>=0, held<=total) (2500, 0, 2500)
PASS [captured exp+2h created omitted]: cy view at 2026-10-03T00:26:42.443104+00:00 consistent (balance=total, available=total-held>=0, held<=total) (1, 0, 1)
PASS [captured exp+2h created omitted]: sum of totals at 2026-10-03T00:26:42.443104+00:00 == seeded total
PASS [captured exp+2h created omitted]: ada view at 2026-10-03T00:26:42.443105+00:00 consistent (balance=total, available=total-held>=0, held<=total) (9999, 0, 9999)
PASS [captured exp+2h created omitted]: bob view at 2026-10-03T00:26:42.443105+00:00 consistent (balance=total, available=total-held>=0, held<=total) (2500, 0, 2500)
PASS [captured exp+2h created omitted]: cy view at 2026-10-03T00:26:42.443105+00:00 consistent (balance=total, available=total-held>=0, held<=total) (1, 0, 1)
PASS [captured exp+2h created omitted]: sum of totals at 2026-10-03T00:26:42.443105+00:00 == seeded total
PASS [captured exp+2h created omitted]: ada view at 1970-01-01T00:00:00.000000+00:00 consistent (balance=total, available=total-held>=0, held<=total) (10000, 0, 10000)
PASS [captured exp+2h created omitted]: bob view at 1970-01-01T00:00:00.000000+00:00 consistent (balance=total, available=total-held>=0, held<=total) (2500, 0, 2500)
PASS [captured exp+2h created omitted]: cy view at 1970-01-01T00:00:00.000000+00:00 consistent (balance=total, available=total-held>=0, held<=total) (0, 0, 0)
PASS [captured exp+2h created omitted]: sum of totals at 1970-01-01T00:00:00.000000+00:00 == seeded total
PASS [captured exp+2h created omitted]: ada view at 9999-12-31T23:59:59.000000+00:00 consistent (balance=total, available=total-held>=0, held<=total) (9999, 0, 9999)
PASS [captured exp+2h created omitted]: bob view at 9999-12-31T23:59:59.000000+00:00 consistent (balance=total, available=total-held>=0, held<=total) (2500, 0, 2500)
PASS [captured exp+2h created omitted]: cy view at 9999-12-31T23:59:59.000000+00:00 consistent (balance=total, available=total-held>=0, held<=total) (1, 0, 1)
PASS [captured exp+2h created omitted]: sum of totals at 9999-12-31T23:59:59.000000+00:00 == seeded total
PASS [captured exp+2h created omitted] a payment above available is refused (409 insufficient_funds) 9999
PASS [captured exp+2h created omitted] capture of a closed/expired seeded hold -> 409, never 201 (authorization_not_open)
PASS [captured exp+2h created omitted] after the capture attempt: balances conserved, all views still consistent
PASS [captured exp+2h created omitted] export -> 200
PASS [captured exp+2h created omitted] import #1 of its own export -> 204
PASS [captured exp+2h created omitted] import #1: balances/held/available and every authorization field (closed_at, expires_at, payment_ids, status, created_at) unchanged
PASS [captured exp+2h created omitted] import #1: next payment stamped at its own request time (clock not moved by imported values)
PASS [captured exp+2h created omitted] import #2 of its own export -> 204
PASS [captured exp+2h created omitted] import #2: balances/held/available and every authorization field (closed_at, expires_at, payment_ids, status, created_at) unchanged
PASS [captured exp+2h created omitted] import #2: next payment stamped at its own request time (clock not moved by imported values)
PASS [captured exp+2h created -3h] reset -> 204 or 422 (never 5xx)
PASS [captured exp+2h created -3h] clock: new payment created_at within its request window (+-30 ms), not ratcheted by seeded values
FAIL [captured exp+2h created -3h] clock: new authorization (cy has 1) created_at within its request window :: (R(201 b'{"authorization_id":"a_1","from_user_id":"u_cy","from_handle":"cy","to_user_id":"u_bob","to_handle":"bob","amount":1,"captured_amount":0,"remaining_amount":1,"currency":"EUR","note":"","visibility":"public","status":"open","expires_at":"2026-10-02T22:36:42+00:00","payment_id":null,"payment_ids":[],"'), '2026-10-02T22:26:42.664836+00:00', '2026-10-02T22:26:42.665766+00:00')
PASS [captured exp+2h created -3h] supplied created_at kept
PASS [captured exp+2h created -3h] closed_at is never in the future (an event time)
PASS [captured exp+2h created -3h] open status iff closed_at null (status shown captured)
PASS [captured exp+2h created -3h] current /me held == 2000 exactly for a live seeded open hold, else 0 (0, 9999)
PASS [captured exp+2h created -3h]: ada view at 2026-10-02T19:26:42.620972+00:00 consistent (balance=total, available=total-held>=0, held<=total) (10000, 0, 10000)
PASS [captured exp+2h created -3h]: bob view at 2026-10-02T19:26:42.620972+00:00 consistent (balance=total, available=total-held>=0, held<=total) (2500, 0, 2500)
PASS [captured exp+2h created -3h]: cy view at 2026-10-02T19:26:42.620972+00:00 consistent (balance=total, available=total-held>=0, held<=total) (0, 0, 0)
PASS [captured exp+2h created -3h]: sum of totals at 2026-10-02T19:26:42.620972+00:00 == seeded total
PASS [captured exp+2h created -3h]: ada view at 2026-10-02T19:26:42.620973+00:00 consistent (balance=total, available=total-held>=0, held<=total) (10000, 0, 10000)
PASS [captured exp+2h created -3h]: bob view at 2026-10-02T19:26:42.620973+00:00 consistent (balance=total, available=total-held>=0, held<=total) (2500, 0, 2500)
PASS [captured exp+2h created -3h]: cy view at 2026-10-02T19:26:42.620973+00:00 consistent (balance=total, available=total-held>=0, held<=total) (0, 0, 0)
PASS [captured exp+2h created -3h]: sum of totals at 2026-10-02T19:26:42.620973+00:00 == seeded total
PASS [captured exp+2h created -3h]: ada view at 2026-10-02T19:26:42.620974+00:00 consistent (balance=total, available=total-held>=0, held<=total) (10000, 0, 10000)
PASS [captured exp+2h created -3h]: bob view at 2026-10-02T19:26:42.620974+00:00 consistent (balance=total, available=total-held>=0, held<=total) (2500, 0, 2500)
PASS [captured exp+2h created -3h]: cy view at 2026-10-02T19:26:42.620974+00:00 consistent (balance=total, available=total-held>=0, held<=total) (0, 0, 0)
PASS [captured exp+2h created -3h]: sum of totals at 2026-10-02T19:26:42.620974+00:00 == seeded total
PASS [captured exp+2h created -3h]: ada view at 2026-10-02T22:26:42.620972+00:00 consistent (balance=total, available=total-held>=0, held<=total) (10000, 0, 10000)
PASS [captured exp+2h created -3h]: bob view at 2026-10-02T22:26:42.620972+00:00 consistent (balance=total, available=total-held>=0, held<=total) (2500, 0, 2500)
FAIL [captured exp+2h created -3h]: cy view at 2026-10-02T22:26:42.620972+00:00 consistent (balance=total, available=total-held>=0, held<=total) (0, 1, -1) :: {'user_id': 'u_cy', 'display_name': 'Cy', 'handle': 'cy', 'balance': 0, 'total': 0, 'available': -1, 'held': 1, 'currency': 'EUR', 'minor_units': 2, 'as_of': '2026-10-02T22:26:42.620972+00:00'}
PASS [captured exp+2h created -3h]: sum of totals at 2026-10-02T22:26:42.620972+00:00 == seeded total
PASS [captured exp+2h created -3h]: ada view at 2026-10-02T22:26:42.620973+00:00 consistent (balance=total, available=total-held>=0, held<=total) (10000, 0, 10000)
PASS [captured exp+2h created -3h]: bob view at 2026-10-02T22:26:42.620973+00:00 consistent (balance=total, available=total-held>=0, held<=total) (2500, 0, 2500)
FAIL [captured exp+2h created -3h]: cy view at 2026-10-02T22:26:42.620973+00:00 consistent (balance=total, available=total-held>=0, held<=total) (0, 1, -1) :: {'user_id': 'u_cy', 'display_name': 'Cy', 'handle': 'cy', 'balance': 0, 'total': 0, 'available': -1, 'held': 1, 'currency': 'EUR', 'minor_units': 2, 'as_of': '2026-10-02T22:26:42.620973+00:00'}
PASS [captured exp+2h created -3h]: sum of totals at 2026-10-02T22:26:42.620973+00:00 == seeded total
PASS [captured exp+2h created -3h]: ada view at 2026-10-02T22:26:42.620974+00:00 consistent (balance=total, available=total-held>=0, held<=total) (10000, 0, 10000)
PASS [captured exp+2h created -3h]: bob view at 2026-10-02T22:26:42.620974+00:00 consistent (balance=total, available=total-held>=0, held<=total) (2500, 0, 2500)
FAIL [captured exp+2h created -3h]: cy view at 2026-10-02T22:26:42.620974+00:00 consistent (balance=total, available=total-held>=0, held<=total) (0, 1, -1) :: {'user_id': 'u_cy', 'display_name': 'Cy', 'handle': 'cy', 'balance': 0, 'total': 0, 'available': -1, 'held': 1, 'currency': 'EUR', 'minor_units': 2, 'as_of': '2026-10-02T22:26:42.620974+00:00'}
PASS [captured exp+2h created -3h]: sum of totals at 2026-10-02T22:26:42.620974+00:00 == seeded total
PASS [captured exp+2h created -3h]: ada view at 2026-10-02T22:26:42.630680+00:00 consistent (balance=total, available=total-held>=0, held<=total) (10000, 0, 10000)
PASS [captured exp+2h created -3h]: bob view at 2026-10-02T22:26:42.630680+00:00 consistent (balance=total, available=total-held>=0, held<=total) (2500, 0, 2500)
FAIL [captured exp+2h created -3h]: cy view at 2026-10-02T22:26:42.630680+00:00 consistent (balance=total, available=total-held>=0, held<=total) (0, 1, -1) :: {'user_id': 'u_cy', 'display_name': 'Cy', 'handle': 'cy', 'balance': 0, 'total': 0, 'available': -1, 'held': 1, 'currency': 'EUR', 'minor_units': 2, 'as_of': '2026-10-02T22:26:42.630680+00:00'}
PASS [captured exp+2h created -3h]: sum of totals at 2026-10-02T22:26:42.630680+00:00 == seeded total
PASS [captured exp+2h created -3h]: ada view at 2026-10-02T22:26:42.630681+00:00 consistent (balance=total, available=total-held>=0, held<=total) (10000, 0, 10000)
PASS [captured exp+2h created -3h]: bob view at 2026-10-02T22:26:42.630681+00:00 consistent (balance=total, available=total-held>=0, held<=total) (2500, 0, 2500)
FAIL [captured exp+2h created -3h]: cy view at 2026-10-02T22:26:42.630681+00:00 consistent (balance=total, available=total-held>=0, held<=total) (0, 1, -1) :: {'user_id': 'u_cy', 'display_name': 'Cy', 'handle': 'cy', 'balance': 0, 'total': 0, 'available': -1, 'held': 1, 'currency': 'EUR', 'minor_units': 2, 'as_of': '2026-10-02T22:26:42.630681+00:00'}
PASS [captured exp+2h created -3h]: sum of totals at 2026-10-02T22:26:42.630681+00:00 == seeded total
PASS [captured exp+2h created -3h]: ada view at 2026-10-02T22:26:42.630682+00:00 consistent (balance=total, available=total-held>=0, held<=total) (10000, 0, 10000)
PASS [captured exp+2h created -3h]: bob view at 2026-10-02T22:26:42.630682+00:00 consistent (balance=total, available=total-held>=0, held<=total) (2500, 0, 2500)
FAIL [captured exp+2h created -3h]: cy view at 2026-10-02T22:26:42.630682+00:00 consistent (balance=total, available=total-held>=0, held<=total) (0, 1, -1) :: {'user_id': 'u_cy', 'display_name': 'Cy', 'handle': 'cy', 'balance': 0, 'total': 0, 'available': -1, 'held': 1, 'currency': 'EUR', 'minor_units': 2, 'as_of': '2026-10-02T22:26:42.630682+00:00'}
PASS [captured exp+2h created -3h]: sum of totals at 2026-10-02T22:26:42.630682+00:00 == seeded total
PASS [captured exp+2h created -3h]: ada view at 2026-10-02T22:26:42.675434+00:00 consistent (balance=total, available=total-held>=0, held<=total) (9999, 0, 9999)
PASS [captured exp+2h created -3h]: bob view at 2026-10-02T22:26:42.675434+00:00 consistent (balance=total, available=total-held>=0, held<=total) (2500, 0, 2500)
PASS [captured exp+2h created -3h]: cy view at 2026-10-02T22:26:42.675434+00:00 consistent (balance=total, available=total-held>=0, held<=total) (1, 1, 0)
PASS [captured exp+2h created -3h]: sum of totals at 2026-10-02T22:26:42.675434+00:00 == seeded total
PASS [captured exp+2h created -3h]: ada view at 2026-10-02T22:26:42.675435+00:00 consistent (balance=total, available=total-held>=0, held<=total) (9999, 0, 9999)
PASS [captured exp+2h created -3h]: bob view at 2026-10-02T22:26:42.675435+00:00 consistent (balance=total, available=total-held>=0, held<=total) (2500, 0, 2500)
PASS [captured exp+2h created -3h]: cy view at 2026-10-02T22:26:42.675435+00:00 consistent (balance=total, available=total-held>=0, held<=total) (1, 1, 0)
PASS [captured exp+2h created -3h]: sum of totals at 2026-10-02T22:26:42.675435+00:00 == seeded total
PASS [captured exp+2h created -3h]: ada view at 2026-10-02T22:26:42.675436+00:00 consistent (balance=total, available=total-held>=0, held<=total) (9999, 0, 9999)
PASS [captured exp+2h created -3h]: bob view at 2026-10-02T22:26:42.675436+00:00 consistent (balance=total, available=total-held>=0, held<=total) (2500, 0, 2500)
PASS [captured exp+2h created -3h]: cy view at 2026-10-02T22:26:42.675436+00:00 consistent (balance=total, available=total-held>=0, held<=total) (1, 1, 0)
PASS [captured exp+2h created -3h]: sum of totals at 2026-10-02T22:26:42.675436+00:00 == seeded total
PASS [captured exp+2h created -3h]: ada view at 2026-10-03T00:26:42.620972+00:00 consistent (balance=total, available=total-held>=0, held<=total) (9999, 0, 9999)
PASS [captured exp+2h created -3h]: bob view at 2026-10-03T00:26:42.620972+00:00 consistent (balance=total, available=total-held>=0, held<=total) (2500, 0, 2500)
PASS [captured exp+2h created -3h]: cy view at 2026-10-03T00:26:42.620972+00:00 consistent (balance=total, available=total-held>=0, held<=total) (1, 0, 1)
PASS [captured exp+2h created -3h]: sum of totals at 2026-10-03T00:26:42.620972+00:00 == seeded total
PASS [captured exp+2h created -3h]: ada view at 2026-10-03T00:26:42.620973+00:00 consistent (balance=total, available=total-held>=0, held<=total) (9999, 0, 9999)
PASS [captured exp+2h created -3h]: bob view at 2026-10-03T00:26:42.620973+00:00 consistent (balance=total, available=total-held>=0, held<=total) (2500, 0, 2500)
PASS [captured exp+2h created -3h]: cy view at 2026-10-03T00:26:42.620973+00:00 consistent (balance=total, available=total-held>=0, held<=total) (1, 0, 1)
PASS [captured exp+2h created -3h]: sum of totals at 2026-10-03T00:26:42.620973+00:00 == seeded total
PASS [captured exp+2h created -3h]: ada view at 2026-10-03T00:26:42.620974+00:00 consistent (balance=total, available=total-held>=0, held<=total) (9999, 0, 9999)
PASS [captured exp+2h created -3h]: bob view at 2026-10-03T00:26:42.620974+00:00 consistent (balance=total, available=total-held>=0, held<=total) (2500, 0, 2500)
PASS [captured exp+2h created -3h]: cy view at 2026-10-03T00:26:42.620974+00:00 consistent (balance=total, available=total-held>=0, held<=total) (1, 0, 1)
PASS [captured exp+2h created -3h]: sum of totals at 2026-10-03T00:26:42.620974+00:00 == seeded total
PASS [captured exp+2h created -3h]: ada view at 1970-01-01T00:00:00.000000+00:00 consistent (balance=total, available=total-held>=0, held<=total) (10000, 0, 10000)
PASS [captured exp+2h created -3h]: bob view at 1970-01-01T00:00:00.000000+00:00 consistent (balance=total, available=total-held>=0, held<=total) (2500, 0, 2500)
PASS [captured exp+2h created -3h]: cy view at 1970-01-01T00:00:00.000000+00:00 consistent (balance=total, available=total-held>=0, held<=total) (0, 0, 0)
PASS [captured exp+2h created -3h]: sum of totals at 1970-01-01T00:00:00.000000+00:00 == seeded total
PASS [captured exp+2h created -3h]: ada view at 9999-12-31T23:59:59.000000+00:00 consistent (balance=total, available=total-held>=0, held<=total) (9999, 0, 9999)
PASS [captured exp+2h created -3h]: bob view at 9999-12-31T23:59:59.000000+00:00 consistent (balance=total, available=total-held>=0, held<=total) (2500, 0, 2500)
PASS [captured exp+2h created -3h]: cy view at 9999-12-31T23:59:59.000000+00:00 consistent (balance=total, available=total-held>=0, held<=total) (1, 0, 1)
PASS [captured exp+2h created -3h]: sum of totals at 9999-12-31T23:59:59.000000+00:00 == seeded total
PASS [captured exp+2h created -3h] a payment above available is refused (409 insufficient_funds) 9999
PASS [captured exp+2h created -3h] capture of a closed/expired seeded hold -> 409, never 201 (authorization_not_open)
PASS [captured exp+2h created -3h] after the capture attempt: balances conserved, all views still consistent
PASS [captured exp+2h created -3h] export -> 200
PASS [captured exp+2h created -3h] import #1 of its own export -> 204
PASS [captured exp+2h created -3h] import #1: balances/held/available and every authorization field (closed_at, expires_at, payment_ids, status, created_at) unchanged
PASS [captured exp+2h created -3h] import #1: next payment stamped at its own request time (clock not moved by imported values)
PASS [captured exp+2h created -3h] import #2 of its own export -> 204
PASS [captured exp+2h created -3h] import #2: balances/held/available and every authorization field (closed_at, expires_at, payment_ids, status, created_at) unchanged
PASS [captured exp+2h created -3h] import #2: next payment stamped at its own request time (clock not moved by imported values)
PASS [captured exp+2h created +2h] reset -> 204 or 422 (never 5xx)
PASS [voided exp-2h created omitted] reset -> 204 or 422 (never 5xx)
PASS [voided exp-2h created omitted] clock: new payment created_at within its request window (+-30 ms), not ratcheted by seeded values
FAIL [voided exp-2h created omitted] clock: new authorization (cy has 1) created_at within its request window :: (R(201 b'{"authorization_id":"a_1","from_user_id":"u_cy","from_handle":"cy","to_user_id":"u_bob","to_handle":"bob","amount":1,"captured_amount":0,"remaining_amount":1,"currency":"EUR","note":"","visibility":"public","status":"open","expires_at":"2026-10-02T22:36:42+00:00","payment_id":null,"payment_ids":[],"'), '2026-10-02T22:26:42.836046+00:00', '2026-10-02T22:26:42.836970+00:00')
FAIL [voided exp-2h created omitted] hold created_at omitted -> the reset instant (between request start and end), not a truncated second :: ('2026-10-02T22:26:42+00:00', '2026-10-02T22:26:42.793004+00:00', '2026-10-02T22:26:42.802144+00:00')
PASS [voided exp-2h created omitted] closed_at is never in the future (an event time)
PASS [voided exp-2h created omitted] open status iff closed_at null (status shown voided)
PASS [voided exp-2h created omitted] current /me held == 2000 exactly for a live seeded open hold, else 0 (0, 9999)
PASS [voided exp-2h created omitted]: ada view at 2026-10-02T20:26:42.793003+00:00 consistent (balance=total, available=total-held>=0, held<=total) (10000, 0, 10000)
PASS [voided exp-2h created omitted]: bob view at 2026-10-02T20:26:42.793003+00:00 consistent (balance=total, available=total-held>=0, held<=total) (2500, 0, 2500)
PASS [voided exp-2h created omitted]: cy view at 2026-10-02T20:26:42.793003+00:00 consistent (balance=total, available=total-held>=0, held<=total) (0, 0, 0)
PASS [voided exp-2h created omitted]: sum of totals at 2026-10-02T20:26:42.793003+00:00 == seeded total
PASS [voided exp-2h created omitted]: ada view at 2026-10-02T20:26:42.793004+00:00 consistent (balance=total, available=total-held>=0, held<=total) (10000, 0, 10000)
PASS [voided exp-2h created omitted]: bob view at 2026-10-02T20:26:42.793004+00:00 consistent (balance=total, available=total-held>=0, held<=total) (2500, 0, 2500)
PASS [voided exp-2h created omitted]: cy view at 2026-10-02T20:26:42.793004+00:00 consistent (balance=total, available=total-held>=0, held<=total) (0, 0, 0)
PASS [voided exp-2h created omitted]: sum of totals at 2026-10-02T20:26:42.793004+00:00 == seeded total
PASS [voided exp-2h created omitted]: ada view at 2026-10-02T20:26:42.793005+00:00 consistent (balance=total, available=total-held>=0, held<=total) (10000, 0, 10000)
PASS [voided exp-2h created omitted]: bob view at 2026-10-02T20:26:42.793005+00:00 consistent (balance=total, available=total-held>=0, held<=total) (2500, 0, 2500)
PASS [voided exp-2h created omitted]: cy view at 2026-10-02T20:26:42.793005+00:00 consistent (balance=total, available=total-held>=0, held<=total) (0, 0, 0)
PASS [voided exp-2h created omitted]: sum of totals at 2026-10-02T20:26:42.793005+00:00 == seeded total
PASS [voided exp-2h created omitted]: ada view at 2026-10-02T22:26:41.999999+00:00 consistent (balance=total, available=total-held>=0, held<=total) (10000, 0, 10000)
PASS [voided exp-2h created omitted]: bob view at 2026-10-02T22:26:41.999999+00:00 consistent (balance=total, available=total-held>=0, held<=total) (2500, 0, 2500)
PASS [voided exp-2h created omitted]: cy view at 2026-10-02T22:26:41.999999+00:00 consistent (balance=total, available=total-held>=0, held<=total) (0, 0, 0)
PASS [voided exp-2h created omitted]: sum of totals at 2026-10-02T22:26:41.999999+00:00 == seeded total
PASS [voided exp-2h created omitted]: ada view at 2026-10-02T22:26:42.000000+00:00 consistent (balance=total, available=total-held>=0, held<=total) (10000, 0, 10000)
PASS [voided exp-2h created omitted]: bob view at 2026-10-02T22:26:42.000000+00:00 consistent (balance=total, available=total-held>=0, held<=total) (2500, 0, 2500)
FAIL [voided exp-2h created omitted]: cy view at 2026-10-02T22:26:42.000000+00:00 consistent (balance=total, available=total-held>=0, held<=total) (0, 1, -1) :: {'user_id': 'u_cy', 'display_name': 'Cy', 'handle': 'cy', 'balance': 0, 'total': 0, 'available': -1, 'held': 1, 'currency': 'EUR', 'minor_units': 2, 'as_of': '2026-10-02T22:26:42.000000+00:00'}
PASS [voided exp-2h created omitted]: sum of totals at 2026-10-02T22:26:42.000000+00:00 == seeded total
PASS [voided exp-2h created omitted]: ada view at 2026-10-02T22:26:42.000001+00:00 consistent (balance=total, available=total-held>=0, held<=total) (10000, 0, 10000)
PASS [voided exp-2h created omitted]: bob view at 2026-10-02T22:26:42.000001+00:00 consistent (balance=total, available=total-held>=0, held<=total) (2500, 0, 2500)
FAIL [voided exp-2h created omitted]: cy view at 2026-10-02T22:26:42.000001+00:00 consistent (balance=total, available=total-held>=0, held<=total) (0, 1, -1) :: {'user_id': 'u_cy', 'display_name': 'Cy', 'handle': 'cy', 'balance': 0, 'total': 0, 'available': -1, 'held': 1, 'currency': 'EUR', 'minor_units': 2, 'as_of': '2026-10-02T22:26:42.000001+00:00'}
PASS [voided exp-2h created omitted]: sum of totals at 2026-10-02T22:26:42.000001+00:00 == seeded total
PASS [voided exp-2h created omitted]: ada view at 2026-10-02T22:26:42.793003+00:00 consistent (balance=total, available=total-held>=0, held<=total) (10000, 0, 10000)
PASS [voided exp-2h created omitted]: bob view at 2026-10-02T22:26:42.793003+00:00 consistent (balance=total, available=total-held>=0, held<=total) (2500, 0, 2500)
FAIL [voided exp-2h created omitted]: cy view at 2026-10-02T22:26:42.793003+00:00 consistent (balance=total, available=total-held>=0, held<=total) (0, 1, -1) :: {'user_id': 'u_cy', 'display_name': 'Cy', 'handle': 'cy', 'balance': 0, 'total': 0, 'available': -1, 'held': 1, 'currency': 'EUR', 'minor_units': 2, 'as_of': '2026-10-02T22:26:42.793003+00:00'}
PASS [voided exp-2h created omitted]: sum of totals at 2026-10-02T22:26:42.793003+00:00 == seeded total
PASS [voided exp-2h created omitted]: ada view at 2026-10-02T22:26:42.793004+00:00 consistent (balance=total, available=total-held>=0, held<=total) (10000, 0, 10000)
PASS [voided exp-2h created omitted]: bob view at 2026-10-02T22:26:42.793004+00:00 consistent (balance=total, available=total-held>=0, held<=total) (2500, 0, 2500)
FAIL [voided exp-2h created omitted]: cy view at 2026-10-02T22:26:42.793004+00:00 consistent (balance=total, available=total-held>=0, held<=total) (0, 1, -1) :: {'user_id': 'u_cy', 'display_name': 'Cy', 'handle': 'cy', 'balance': 0, 'total': 0, 'available': -1, 'held': 1, 'currency': 'EUR', 'minor_units': 2, 'as_of': '2026-10-02T22:26:42.793004+00:00'}
PASS [voided exp-2h created omitted]: sum of totals at 2026-10-02T22:26:42.793004+00:00 == seeded total
PASS [voided exp-2h created omitted]: ada view at 2026-10-02T22:26:42.793005+00:00 consistent (balance=total, available=total-held>=0, held<=total) (10000, 0, 10000)
PASS [voided exp-2h created omitted]: bob view at 2026-10-02T22:26:42.793005+00:00 consistent (balance=total, available=total-held>=0, held<=total) (2500, 0, 2500)
FAIL [voided exp-2h created omitted]: cy view at 2026-10-02T22:26:42.793005+00:00 consistent (balance=total, available=total-held>=0, held<=total) (0, 1, -1) :: {'user_id': 'u_cy', 'display_name': 'Cy', 'handle': 'cy', 'balance': 0, 'total': 0, 'available': -1, 'held': 1, 'currency': 'EUR', 'minor_units': 2, 'as_of': '2026-10-02T22:26:42.793005+00:00'}
PASS [voided exp-2h created omitted]: sum of totals at 2026-10-02T22:26:42.793005+00:00 == seeded total
PASS [voided exp-2h created omitted]: ada view at 2026-10-02T22:26:42.802143+00:00 consistent (balance=total, available=total-held>=0, held<=total) (10000, 0, 10000)
PASS [voided exp-2h created omitted]: bob view at 2026-10-02T22:26:42.802143+00:00 consistent (balance=total, available=total-held>=0, held<=total) (2500, 0, 2500)
FAIL [voided exp-2h created omitted]: cy view at 2026-10-02T22:26:42.802143+00:00 consistent (balance=total, available=total-held>=0, held<=total) (0, 1, -1) :: {'user_id': 'u_cy', 'display_name': 'Cy', 'handle': 'cy', 'balance': 0, 'total': 0, 'available': -1, 'held': 1, 'currency': 'EUR', 'minor_units': 2, 'as_of': '2026-10-02T22:26:42.802143+00:00'}
PASS [voided exp-2h created omitted]: sum of totals at 2026-10-02T22:26:42.802143+00:00 == seeded total
PASS [voided exp-2h created omitted]: ada view at 2026-10-02T22:26:42.802144+00:00 consistent (balance=total, available=total-held>=0, held<=total) (10000, 0, 10000)
PASS [voided exp-2h created omitted]: bob view at 2026-10-02T22:26:42.802144+00:00 consistent (balance=total, available=total-held>=0, held<=total) (2500, 0, 2500)
FAIL [voided exp-2h created omitted]: cy view at 2026-10-02T22:26:42.802144+00:00 consistent (balance=total, available=total-held>=0, held<=total) (0, 1, -1) :: {'user_id': 'u_cy', 'display_name': 'Cy', 'handle': 'cy', 'balance': 0, 'total': 0, 'available': -1, 'held': 1, 'currency': 'EUR', 'minor_units': 2, 'as_of': '2026-10-02T22:26:42.802144+00:00'}
PASS [voided exp-2h created omitted]: sum of totals at 2026-10-02T22:26:42.802144+00:00 == seeded total
PASS [voided exp-2h created omitted]: ada view at 2026-10-02T22:26:42.802145+00:00 consistent (balance=total, available=total-held>=0, held<=total) (10000, 0, 10000)
PASS [voided exp-2h created omitted]: bob view at 2026-10-02T22:26:42.802145+00:00 consistent (balance=total, available=total-held>=0, held<=total) (2500, 0, 2500)
FAIL [voided exp-2h created omitted]: cy view at 2026-10-02T22:26:42.802145+00:00 consistent (balance=total, available=total-held>=0, held<=total) (0, 1, -1) :: {'user_id': 'u_cy', 'display_name': 'Cy', 'handle': 'cy', 'balance': 0, 'total': 0, 'available': -1, 'held': 1, 'currency': 'EUR', 'minor_units': 2, 'as_of': '2026-10-02T22:26:42.802145+00:00'}
PASS [voided exp-2h created omitted]: sum of totals at 2026-10-02T22:26:42.802145+00:00 == seeded total
PASS [voided exp-2h created omitted]: ada view at 2026-10-02T22:26:42.850300+00:00 consistent (balance=total, available=total-held>=0, held<=total) (9999, 0, 9999)
PASS [voided exp-2h created omitted]: bob view at 2026-10-02T22:26:42.850300+00:00 consistent (balance=total, available=total-held>=0, held<=total) (2500, 0, 2500)
PASS [voided exp-2h created omitted]: cy view at 2026-10-02T22:26:42.850300+00:00 consistent (balance=total, available=total-held>=0, held<=total) (1, 1, 0)
PASS [voided exp-2h created omitted]: sum of totals at 2026-10-02T22:26:42.850300+00:00 == seeded total
PASS [voided exp-2h created omitted]: ada view at 2026-10-02T22:26:42.850301+00:00 consistent (balance=total, available=total-held>=0, held<=total) (9999, 0, 9999)
PASS [voided exp-2h created omitted]: bob view at 2026-10-02T22:26:42.850301+00:00 consistent (balance=total, available=total-held>=0, held<=total) (2500, 0, 2500)
PASS [voided exp-2h created omitted]: cy view at 2026-10-02T22:26:42.850301+00:00 consistent (balance=total, available=total-held>=0, held<=total) (1, 1, 0)
PASS [voided exp-2h created omitted]: sum of totals at 2026-10-02T22:26:42.850301+00:00 == seeded total
PASS [voided exp-2h created omitted]: ada view at 2026-10-02T22:26:42.850302+00:00 consistent (balance=total, available=total-held>=0, held<=total) (9999, 0, 9999)
PASS [voided exp-2h created omitted]: bob view at 2026-10-02T22:26:42.850302+00:00 consistent (balance=total, available=total-held>=0, held<=total) (2500, 0, 2500)
PASS [voided exp-2h created omitted]: cy view at 2026-10-02T22:26:42.850302+00:00 consistent (balance=total, available=total-held>=0, held<=total) (1, 1, 0)
PASS [voided exp-2h created omitted]: sum of totals at 2026-10-02T22:26:42.850302+00:00 == seeded total
PASS [voided exp-2h created omitted]: ada view at 1970-01-01T00:00:00.000000+00:00 consistent (balance=total, available=total-held>=0, held<=total) (10000, 0, 10000)
PASS [voided exp-2h created omitted]: bob view at 1970-01-01T00:00:00.000000+00:00 consistent (balance=total, available=total-held>=0, held<=total) (2500, 0, 2500)
PASS [voided exp-2h created omitted]: cy view at 1970-01-01T00:00:00.000000+00:00 consistent (balance=total, available=total-held>=0, held<=total) (0, 0, 0)
PASS [voided exp-2h created omitted]: sum of totals at 1970-01-01T00:00:00.000000+00:00 == seeded total
PASS [voided exp-2h created omitted]: ada view at 9999-12-31T23:59:59.000000+00:00 consistent (balance=total, available=total-held>=0, held<=total) (9999, 0, 9999)
PASS [voided exp-2h created omitted]: bob view at 9999-12-31T23:59:59.000000+00:00 consistent (balance=total, available=total-held>=0, held<=total) (2500, 0, 2500)
PASS [voided exp-2h created omitted]: cy view at 9999-12-31T23:59:59.000000+00:00 consistent (balance=total, available=total-held>=0, held<=total) (1, 0, 1)
PASS [voided exp-2h created omitted]: sum of totals at 9999-12-31T23:59:59.000000+00:00 == seeded total
PASS [voided exp-2h created omitted] a payment above available is refused (409 insufficient_funds) 9999
PASS [voided exp-2h created omitted] capture of a closed/expired seeded hold -> 409, never 201 (authorization_not_open)
PASS [voided exp-2h created omitted] after the capture attempt: balances conserved, all views still consistent
PASS [voided exp-2h created omitted] export -> 200
PASS [voided exp-2h created omitted] import #1 of its own export -> 204
PASS [voided exp-2h created omitted] import #1: balances/held/available and every authorization field (closed_at, expires_at, payment_ids, status, created_at) unchanged
PASS [voided exp-2h created omitted] import #1: next payment stamped at its own request time (clock not moved by imported values)
PASS [voided exp-2h created omitted] import #2 of its own export -> 204
PASS [voided exp-2h created omitted] import #2: balances/held/available and every authorization field (closed_at, expires_at, payment_ids, status, created_at) unchanged
PASS [voided exp-2h created omitted] import #2: next payment stamped at its own request time (clock not moved by imported values)
PASS [voided exp-2h created -3h] reset -> 204 or 422 (never 5xx)
PASS [voided exp-2h created -3h] clock: new payment created_at within its request window (+-30 ms), not ratcheted by seeded values
PASS [voided exp-2h created -3h] clock: new authorization (cy has 1) created_at within its request window
PASS [voided exp-2h created -3h] supplied created_at kept
PASS [voided exp-2h created -3h] closed_at is never in the future (an event time)
PASS [voided exp-2h created -3h] open status iff closed_at null (status shown voided)
PASS [voided exp-2h created -3h] current /me held == 2000 exactly for a live seeded open hold, else 0 (0, 9999)
PASS [voided exp-2h created -3h]: ada view at 2026-10-02T19:26:42.960131+00:00 consistent (balance=total, available=total-held>=0, held<=total) (10000, 0, 10000)
PASS [voided exp-2h created -3h]: bob view at 2026-10-02T19:26:42.960131+00:00 consistent (balance=total, available=total-held>=0, held<=total) (2500, 0, 2500)
PASS [voided exp-2h created -3h]: cy view at 2026-10-02T19:26:42.960131+00:00 consistent (balance=total, available=total-held>=0, held<=total) (0, 0, 0)
PASS [voided exp-2h created -3h]: sum of totals at 2026-10-02T19:26:42.960131+00:00 == seeded total
PASS [voided exp-2h created -3h]: ada view at 2026-10-02T19:26:42.960132+00:00 consistent (balance=total, available=total-held>=0, held<=total) (10000, 0, 10000)
PASS [voided exp-2h created -3h]: bob view at 2026-10-02T19:26:42.960132+00:00 consistent (balance=total, available=total-held>=0, held<=total) (2500, 0, 2500)
PASS [voided exp-2h created -3h]: cy view at 2026-10-02T19:26:42.960132+00:00 consistent (balance=total, available=total-held>=0, held<=total) (0, 0, 0)
PASS [voided exp-2h created -3h]: sum of totals at 2026-10-02T19:26:42.960132+00:00 == seeded total
PASS [voided exp-2h created -3h]: ada view at 2026-10-02T19:26:42.960133+00:00 consistent (balance=total, available=total-held>=0, held<=total) (10000, 0, 10000)
PASS [voided exp-2h created -3h]: bob view at 2026-10-02T19:26:42.960133+00:00 consistent (balance=total, available=total-held>=0, held<=total) (2500, 0, 2500)
PASS [voided exp-2h created -3h]: cy view at 2026-10-02T19:26:42.960133+00:00 consistent (balance=total, available=total-held>=0, held<=total) (0, 0, 0)
PASS [voided exp-2h created -3h]: sum of totals at 2026-10-02T19:26:42.960133+00:00 == seeded total
PASS [voided exp-2h created -3h]: ada view at 2026-10-02T20:26:42.960131+00:00 consistent (balance=total, available=total-held>=0, held<=total) (10000, 0, 10000)
PASS [voided exp-2h created -3h]: bob view at 2026-10-02T20:26:42.960131+00:00 consistent (balance=total, available=total-held>=0, held<=total) (2500, 0, 2500)
PASS [voided exp-2h created -3h]: cy view at 2026-10-02T20:26:42.960131+00:00 consistent (balance=total, available=total-held>=0, held<=total) (0, 0, 0)
PASS [voided exp-2h created -3h]: sum of totals at 2026-10-02T20:26:42.960131+00:00 == seeded total
PASS [voided exp-2h created -3h]: ada view at 2026-10-02T20:26:42.960132+00:00 consistent (balance=total, available=total-held>=0, held<=total) (10000, 0, 10000)
PASS [voided exp-2h created -3h]: bob view at 2026-10-02T20:26:42.960132+00:00 consistent (balance=total, available=total-held>=0, held<=total) (2500, 0, 2500)
PASS [voided exp-2h created -3h]: cy view at 2026-10-02T20:26:42.960132+00:00 consistent (balance=total, available=total-held>=0, held<=total) (0, 0, 0)
PASS [voided exp-2h created -3h]: sum of totals at 2026-10-02T20:26:42.960132+00:00 == seeded total
PASS [voided exp-2h created -3h]: ada view at 2026-10-02T20:26:42.960133+00:00 consistent (balance=total, available=total-held>=0, held<=total) (10000, 0, 10000)
PASS [voided exp-2h created -3h]: bob view at 2026-10-02T20:26:42.960133+00:00 consistent (balance=total, available=total-held>=0, held<=total) (2500, 0, 2500)
PASS [voided exp-2h created -3h]: cy view at 2026-10-02T20:26:42.960133+00:00 consistent (balance=total, available=total-held>=0, held<=total) (0, 0, 0)
PASS [voided exp-2h created -3h]: sum of totals at 2026-10-02T20:26:42.960133+00:00 == seeded total
PASS [voided exp-2h created -3h]: ada view at 2026-10-02T22:26:42.960131+00:00 consistent (balance=total, available=total-held>=0, held<=total) (10000, 0, 10000)
PASS [voided exp-2h created -3h]: bob view at 2026-10-02T22:26:42.960131+00:00 consistent (balance=total, available=total-held>=0, held<=total) (2500, 0, 2500)
PASS [voided exp-2h created -3h]: cy view at 2026-10-02T22:26:42.960131+00:00 consistent (balance=total, available=total-held>=0, held<=total) (0, 0, 0)
PASS [voided exp-2h created -3h]: sum of totals at 2026-10-02T22:26:42.960131+00:00 == seeded total
PASS [voided exp-2h created -3h]: ada view at 2026-10-02T22:26:42.960132+00:00 consistent (balance=total, available=total-held>=0, held<=total) (10000, 0, 10000)
PASS [voided exp-2h created -3h]: bob view at 2026-10-02T22:26:42.960132+00:00 consistent (balance=total, available=total-held>=0, held<=total) (2500, 0, 2500)
PASS [voided exp-2h created -3h]: cy view at 2026-10-02T22:26:42.960132+00:00 consistent (balance=total, available=total-held>=0, held<=total) (0, 0, 0)
PASS [voided exp-2h created -3h]: sum of totals at 2026-10-02T22:26:42.960132+00:00 == seeded total
PASS [voided exp-2h created -3h]: ada view at 2026-10-02T22:26:42.960133+00:00 consistent (balance=total, available=total-held>=0, held<=total) (10000, 0, 10000)
PASS [voided exp-2h created -3h]: bob view at 2026-10-02T22:26:42.960133+00:00 consistent (balance=total, available=total-held>=0, held<=total) (2500, 0, 2500)
PASS [voided exp-2h created -3h]: cy view at 2026-10-02T22:26:42.960133+00:00 consistent (balance=total, available=total-held>=0, held<=total) (0, 0, 0)
PASS [voided exp-2h created -3h]: sum of totals at 2026-10-02T22:26:42.960133+00:00 == seeded total
PASS [voided exp-2h created -3h]: ada view at 2026-10-02T22:26:42.969510+00:00 consistent (balance=total, available=total-held>=0, held<=total) (10000, 0, 10000)
PASS [voided exp-2h created -3h]: bob view at 2026-10-02T22:26:42.969510+00:00 consistent (balance=total, available=total-held>=0, held<=total) (2500, 0, 2500)
PASS [voided exp-2h created -3h]: cy view at 2026-10-02T22:26:42.969510+00:00 consistent (balance=total, available=total-held>=0, held<=total) (0, 0, 0)
PASS [voided exp-2h created -3h]: sum of totals at 2026-10-02T22:26:42.969510+00:00 == seeded total
PASS [voided exp-2h created -3h]: ada view at 2026-10-02T22:26:42.969511+00:00 consistent (balance=total, available=total-held>=0, held<=total) (10000, 0, 10000)
PASS [voided exp-2h created -3h]: bob view at 2026-10-02T22:26:42.969511+00:00 consistent (balance=total, available=total-held>=0, held<=total) (2500, 0, 2500)
PASS [voided exp-2h created -3h]: cy view at 2026-10-02T22:26:42.969511+00:00 consistent (balance=total, available=total-held>=0, held<=total) (0, 0, 0)
PASS [voided exp-2h created -3h]: sum of totals at 2026-10-02T22:26:42.969511+00:00 == seeded total
PASS [voided exp-2h created -3h]: ada view at 2026-10-02T22:26:42.969512+00:00 consistent (balance=total, available=total-held>=0, held<=total) (10000, 0, 10000)
PASS [voided exp-2h created -3h]: bob view at 2026-10-02T22:26:42.969512+00:00 consistent (balance=total, available=total-held>=0, held<=total) (2500, 0, 2500)
PASS [voided exp-2h created -3h]: cy view at 2026-10-02T22:26:42.969512+00:00 consistent (balance=total, available=total-held>=0, held<=total) (0, 0, 0)
PASS [voided exp-2h created -3h]: sum of totals at 2026-10-02T22:26:42.969512+00:00 == seeded total
PASS [voided exp-2h created -3h]: ada view at 2026-10-02T22:26:43.012573+00:00 consistent (balance=total, available=total-held>=0, held<=total) (9999, 0, 9999)
PASS [voided exp-2h created -3h]: bob view at 2026-10-02T22:26:43.012573+00:00 consistent (balance=total, available=total-held>=0, held<=total) (2500, 0, 2500)
PASS [voided exp-2h created -3h]: cy view at 2026-10-02T22:26:43.012573+00:00 consistent (balance=total, available=total-held>=0, held<=total) (1, 1, 0)
PASS [voided exp-2h created -3h]: sum of totals at 2026-10-02T22:26:43.012573+00:00 == seeded total
PASS [voided exp-2h created -3h]: ada view at 2026-10-02T22:26:43.012574+00:00 consistent (balance=total, available=total-held>=0, held<=total) (9999, 0, 9999)
PASS [voided exp-2h created -3h]: bob view at 2026-10-02T22:26:43.012574+00:00 consistent (balance=total, available=total-held>=0, held<=total) (2500, 0, 2500)
PASS [voided exp-2h created -3h]: cy view at 2026-10-02T22:26:43.012574+00:00 consistent (balance=total, available=total-held>=0, held<=total) (1, 1, 0)
PASS [voided exp-2h created -3h]: sum of totals at 2026-10-02T22:26:43.012574+00:00 == seeded total
PASS [voided exp-2h created -3h]: ada view at 2026-10-02T22:26:43.012575+00:00 consistent (balance=total, available=total-held>=0, held<=total) (9999, 0, 9999)
PASS [voided exp-2h created -3h]: bob view at 2026-10-02T22:26:43.012575+00:00 consistent (balance=total, available=total-held>=0, held<=total) (2500, 0, 2500)
PASS [voided exp-2h created -3h]: cy view at 2026-10-02T22:26:43.012575+00:00 consistent (balance=total, available=total-held>=0, held<=total) (1, 1, 0)
PASS [voided exp-2h created -3h]: sum of totals at 2026-10-02T22:26:43.012575+00:00 == seeded total
PASS [voided exp-2h created -3h]: ada view at 1970-01-01T00:00:00.000000+00:00 consistent (balance=total, available=total-held>=0, held<=total) (10000, 0, 10000)
PASS [voided exp-2h created -3h]: bob view at 1970-01-01T00:00:00.000000+00:00 consistent (balance=total, available=total-held>=0, held<=total) (2500, 0, 2500)
PASS [voided exp-2h created -3h]: cy view at 1970-01-01T00:00:00.000000+00:00 consistent (balance=total, available=total-held>=0, held<=total) (0, 0, 0)
PASS [voided exp-2h created -3h]: sum of totals at 1970-01-01T00:00:00.000000+00:00 == seeded total
PASS [voided exp-2h created -3h]: ada view at 9999-12-31T23:59:59.000000+00:00 consistent (balance=total, available=total-held>=0, held<=total) (9999, 0, 9999)
PASS [voided exp-2h created -3h]: bob view at 9999-12-31T23:59:59.000000+00:00 consistent (balance=total, available=total-held>=0, held<=total) (2500, 0, 2500)
PASS [voided exp-2h created -3h]: cy view at 9999-12-31T23:59:59.000000+00:00 consistent (balance=total, available=total-held>=0, held<=total) (1, 0, 1)
PASS [voided exp-2h created -3h]: sum of totals at 9999-12-31T23:59:59.000000+00:00 == seeded total
PASS [voided exp-2h created -3h] a payment above available is refused (409 insufficient_funds) 9999
PASS [voided exp-2h created -3h] capture of a closed/expired seeded hold -> 409, never 201 (authorization_not_open)
PASS [voided exp-2h created -3h] after the capture attempt: balances conserved, all views still consistent
PASS [voided exp-2h created -3h] export -> 200
PASS [voided exp-2h created -3h] import #1 of its own export -> 204
PASS [voided exp-2h created -3h] import #1: balances/held/available and every authorization field (closed_at, expires_at, payment_ids, status, created_at) unchanged
PASS [voided exp-2h created -3h] import #1: next payment stamped at its own request time (clock not moved by imported values)
PASS [voided exp-2h created -3h] import #2 of its own export -> 204
PASS [voided exp-2h created -3h] import #2: balances/held/available and every authorization field (closed_at, expires_at, payment_ids, status, created_at) unchanged
PASS [voided exp-2h created -3h] import #2: next payment stamped at its own request time (clock not moved by imported values)
PASS [voided exp-2h created +2h] reset -> 204 or 422 (never 5xx)
PASS [voided exp+2h created omitted] reset -> 204 or 422 (never 5xx)
PASS [voided exp+2h created omitted] clock: new payment created_at within its request window (+-30 ms), not ratcheted by seeded values
FAIL [voided exp+2h created omitted] clock: new authorization (cy has 1) created_at within its request window :: (R(201 b'{"authorization_id":"a_1","from_user_id":"u_cy","from_handle":"cy","to_user_id":"u_bob","to_handle":"bob","amount":1,"captured_amount":0,"remaining_amount":1,"currency":"EUR","note":"","visibility":"public","status":"open","expires_at":"2026-10-02T22:36:43+00:00","payment_id":null,"payment_ids":[],"'), '2026-10-02T22:26:43.175350+00:00', '2026-10-02T22:26:43.176186+00:00')
FAIL [voided exp+2h created omitted] hold created_at omitted -> the reset instant (between request start and end), not a truncated second :: ('2026-10-02T22:26:43+00:00', '2026-10-02T22:26:43.132821+00:00', '2026-10-02T22:26:43.142017+00:00')
PASS [voided exp+2h created omitted] closed_at is never in the future (an event time)
PASS [voided exp+2h created omitted] open status iff closed_at null (status shown voided)
PASS [voided exp+2h created omitted] current /me held == 2000 exactly for a live seeded open hold, else 0 (0, 9999)
PASS [voided exp+2h created omitted]: ada view at 2026-10-02T22:26:42.999999+00:00 consistent (balance=total, available=total-held>=0, held<=total) (10000, 0, 10000)
PASS [voided exp+2h created omitted]: bob view at 2026-10-02T22:26:42.999999+00:00 consistent (balance=total, available=total-held>=0, held<=total) (2500, 0, 2500)
PASS [voided exp+2h created omitted]: cy view at 2026-10-02T22:26:42.999999+00:00 consistent (balance=total, available=total-held>=0, held<=total) (0, 0, 0)
PASS [voided exp+2h created omitted]: sum of totals at 2026-10-02T22:26:42.999999+00:00 == seeded total
PASS [voided exp+2h created omitted]: ada view at 2026-10-02T22:26:43.000000+00:00 consistent (balance=total, available=total-held>=0, held<=total) (10000, 0, 10000)
PASS [voided exp+2h created omitted]: bob view at 2026-10-02T22:26:43.000000+00:00 consistent (balance=total, available=total-held>=0, held<=total) (2500, 0, 2500)
FAIL [voided exp+2h created omitted]: cy view at 2026-10-02T22:26:43.000000+00:00 consistent (balance=total, available=total-held>=0, held<=total) (0, 1, -1) :: {'user_id': 'u_cy', 'display_name': 'Cy', 'handle': 'cy', 'balance': 0, 'total': 0, 'available': -1, 'held': 1, 'currency': 'EUR', 'minor_units': 2, 'as_of': '2026-10-02T22:26:43.000000+00:00'}
PASS [voided exp+2h created omitted]: sum of totals at 2026-10-02T22:26:43.000000+00:00 == seeded total
PASS [voided exp+2h created omitted]: ada view at 2026-10-02T22:26:43.000001+00:00 consistent (balance=total, available=total-held>=0, held<=total) (10000, 0, 10000)
PASS [voided exp+2h created omitted]: bob view at 2026-10-02T22:26:43.000001+00:00 consistent (balance=total, available=total-held>=0, held<=total) (2500, 0, 2500)
FAIL [voided exp+2h created omitted]: cy view at 2026-10-02T22:26:43.000001+00:00 consistent (balance=total, available=total-held>=0, held<=total) (0, 1, -1) :: {'user_id': 'u_cy', 'display_name': 'Cy', 'handle': 'cy', 'balance': 0, 'total': 0, 'available': -1, 'held': 1, 'currency': 'EUR', 'minor_units': 2, 'as_of': '2026-10-02T22:26:43.000001+00:00'}
PASS [voided exp+2h created omitted]: sum of totals at 2026-10-02T22:26:43.000001+00:00 == seeded total
PASS [voided exp+2h created omitted]: ada view at 2026-10-02T22:26:43.132820+00:00 consistent (balance=total, available=total-held>=0, held<=total) (10000, 0, 10000)
PASS [voided exp+2h created omitted]: bob view at 2026-10-02T22:26:43.132820+00:00 consistent (balance=total, available=total-held>=0, held<=total) (2500, 0, 2500)
FAIL [voided exp+2h created omitted]: cy view at 2026-10-02T22:26:43.132820+00:00 consistent (balance=total, available=total-held>=0, held<=total) (0, 1, -1) :: {'user_id': 'u_cy', 'display_name': 'Cy', 'handle': 'cy', 'balance': 0, 'total': 0, 'available': -1, 'held': 1, 'currency': 'EUR', 'minor_units': 2, 'as_of': '2026-10-02T22:26:43.132820+00:00'}
PASS [voided exp+2h created omitted]: sum of totals at 2026-10-02T22:26:43.132820+00:00 == seeded total
PASS [voided exp+2h created omitted]: ada view at 2026-10-02T22:26:43.132821+00:00 consistent (balance=total, available=total-held>=0, held<=total) (10000, 0, 10000)
PASS [voided exp+2h created omitted]: bob view at 2026-10-02T22:26:43.132821+00:00 consistent (balance=total, available=total-held>=0, held<=total) (2500, 0, 2500)
FAIL [voided exp+2h created omitted]: cy view at 2026-10-02T22:26:43.132821+00:00 consistent (balance=total, available=total-held>=0, held<=total) (0, 1, -1) :: {'user_id': 'u_cy', 'display_name': 'Cy', 'handle': 'cy', 'balance': 0, 'total': 0, 'available': -1, 'held': 1, 'currency': 'EUR', 'minor_units': 2, 'as_of': '2026-10-02T22:26:43.132821+00:00'}
PASS [voided exp+2h created omitted]: sum of totals at 2026-10-02T22:26:43.132821+00:00 == seeded total
PASS [voided exp+2h created omitted]: ada view at 2026-10-02T22:26:43.132822+00:00 consistent (balance=total, available=total-held>=0, held<=total) (10000, 0, 10000)
PASS [voided exp+2h created omitted]: bob view at 2026-10-02T22:26:43.132822+00:00 consistent (balance=total, available=total-held>=0, held<=total) (2500, 0, 2500)
FAIL [voided exp+2h created omitted]: cy view at 2026-10-02T22:26:43.132822+00:00 consistent (balance=total, available=total-held>=0, held<=total) (0, 1, -1) :: {'user_id': 'u_cy', 'display_name': 'Cy', 'handle': 'cy', 'balance': 0, 'total': 0, 'available': -1, 'held': 1, 'currency': 'EUR', 'minor_units': 2, 'as_of': '2026-10-02T22:26:43.132822+00:00'}
PASS [voided exp+2h created omitted]: sum of totals at 2026-10-02T22:26:43.132822+00:00 == seeded total
PASS [voided exp+2h created omitted]: ada view at 2026-10-02T22:26:43.142016+00:00 consistent (balance=total, available=total-held>=0, held<=total) (10000, 0, 10000)
PASS [voided exp+2h created omitted]: bob view at 2026-10-02T22:26:43.142016+00:00 consistent (balance=total, available=total-held>=0, held<=total) (2500, 0, 2500)
FAIL [voided exp+2h created omitted]: cy view at 2026-10-02T22:26:43.142016+00:00 consistent (balance=total, available=total-held>=0, held<=total) (0, 1, -1) :: {'user_id': 'u_cy', 'display_name': 'Cy', 'handle': 'cy', 'balance': 0, 'total': 0, 'available': -1, 'held': 1, 'currency': 'EUR', 'minor_units': 2, 'as_of': '2026-10-02T22:26:43.142016+00:00'}
PASS [voided exp+2h created omitted]: sum of totals at 2026-10-02T22:26:43.142016+00:00 == seeded total
PASS [voided exp+2h created omitted]: ada view at 2026-10-02T22:26:43.142017+00:00 consistent (balance=total, available=total-held>=0, held<=total) (10000, 0, 10000)
PASS [voided exp+2h created omitted]: bob view at 2026-10-02T22:26:43.142017+00:00 consistent (balance=total, available=total-held>=0, held<=total) (2500, 0, 2500)
FAIL [voided exp+2h created omitted]: cy view at 2026-10-02T22:26:43.142017+00:00 consistent (balance=total, available=total-held>=0, held<=total) (0, 1, -1) :: {'user_id': 'u_cy', 'display_name': 'Cy', 'handle': 'cy', 'balance': 0, 'total': 0, 'available': -1, 'held': 1, 'currency': 'EUR', 'minor_units': 2, 'as_of': '2026-10-02T22:26:43.142017+00:00'}
PASS [voided exp+2h created omitted]: sum of totals at 2026-10-02T22:26:43.142017+00:00 == seeded total
PASS [voided exp+2h created omitted]: ada view at 2026-10-02T22:26:43.142018+00:00 consistent (balance=total, available=total-held>=0, held<=total) (10000, 0, 10000)
PASS [voided exp+2h created omitted]: bob view at 2026-10-02T22:26:43.142018+00:00 consistent (balance=total, available=total-held>=0, held<=total) (2500, 0, 2500)
FAIL [voided exp+2h created omitted]: cy view at 2026-10-02T22:26:43.142018+00:00 consistent (balance=total, available=total-held>=0, held<=total) (0, 1, -1) :: {'user_id': 'u_cy', 'display_name': 'Cy', 'handle': 'cy', 'balance': 0, 'total': 0, 'available': -1, 'held': 1, 'currency': 'EUR', 'minor_units': 2, 'as_of': '2026-10-02T22:26:43.142018+00:00'}
PASS [voided exp+2h created omitted]: sum of totals at 2026-10-02T22:26:43.142018+00:00 == seeded total
PASS [voided exp+2h created omitted]: ada view at 2026-10-02T22:26:43.189770+00:00 consistent (balance=total, available=total-held>=0, held<=total) (9999, 0, 9999)
PASS [voided exp+2h created omitted]: bob view at 2026-10-02T22:26:43.189770+00:00 consistent (balance=total, available=total-held>=0, held<=total) (2500, 0, 2500)
PASS [voided exp+2h created omitted]: cy view at 2026-10-02T22:26:43.189770+00:00 consistent (balance=total, available=total-held>=0, held<=total) (1, 1, 0)
PASS [voided exp+2h created omitted]: sum of totals at 2026-10-02T22:26:43.189770+00:00 == seeded total
PASS [voided exp+2h created omitted]: ada view at 2026-10-02T22:26:43.189771+00:00 consistent (balance=total, available=total-held>=0, held<=total) (9999, 0, 9999)
PASS [voided exp+2h created omitted]: bob view at 2026-10-02T22:26:43.189771+00:00 consistent (balance=total, available=total-held>=0, held<=total) (2500, 0, 2500)
PASS [voided exp+2h created omitted]: cy view at 2026-10-02T22:26:43.189771+00:00 consistent (balance=total, available=total-held>=0, held<=total) (1, 1, 0)
PASS [voided exp+2h created omitted]: sum of totals at 2026-10-02T22:26:43.189771+00:00 == seeded total
PASS [voided exp+2h created omitted]: ada view at 2026-10-02T22:26:43.189772+00:00 consistent (balance=total, available=total-held>=0, held<=total) (9999, 0, 9999)
PASS [voided exp+2h created omitted]: bob view at 2026-10-02T22:26:43.189772+00:00 consistent (balance=total, available=total-held>=0, held<=total) (2500, 0, 2500)
PASS [voided exp+2h created omitted]: cy view at 2026-10-02T22:26:43.189772+00:00 consistent (balance=total, available=total-held>=0, held<=total) (1, 1, 0)
PASS [voided exp+2h created omitted]: sum of totals at 2026-10-02T22:26:43.189772+00:00 == seeded total
PASS [voided exp+2h created omitted]: ada view at 2026-10-03T00:26:43.132820+00:00 consistent (balance=total, available=total-held>=0, held<=total) (9999, 0, 9999)
PASS [voided exp+2h created omitted]: bob view at 2026-10-03T00:26:43.132820+00:00 consistent (balance=total, available=total-held>=0, held<=total) (2500, 0, 2500)
PASS [voided exp+2h created omitted]: cy view at 2026-10-03T00:26:43.132820+00:00 consistent (balance=total, available=total-held>=0, held<=total) (1, 0, 1)
PASS [voided exp+2h created omitted]: sum of totals at 2026-10-03T00:26:43.132820+00:00 == seeded total
PASS [voided exp+2h created omitted]: ada view at 2026-10-03T00:26:43.132821+00:00 consistent (balance=total, available=total-held>=0, held<=total) (9999, 0, 9999)
PASS [voided exp+2h created omitted]: bob view at 2026-10-03T00:26:43.132821+00:00 consistent (balance=total, available=total-held>=0, held<=total) (2500, 0, 2500)
PASS [voided exp+2h created omitted]: cy view at 2026-10-03T00:26:43.132821+00:00 consistent (balance=total, available=total-held>=0, held<=total) (1, 0, 1)
PASS [voided exp+2h created omitted]: sum of totals at 2026-10-03T00:26:43.132821+00:00 == seeded total
PASS [voided exp+2h created omitted]: ada view at 2026-10-03T00:26:43.132822+00:00 consistent (balance=total, available=total-held>=0, held<=total) (9999, 0, 9999)
PASS [voided exp+2h created omitted]: bob view at 2026-10-03T00:26:43.132822+00:00 consistent (balance=total, available=total-held>=0, held<=total) (2500, 0, 2500)
PASS [voided exp+2h created omitted]: cy view at 2026-10-03T00:26:43.132822+00:00 consistent (balance=total, available=total-held>=0, held<=total) (1, 0, 1)
PASS [voided exp+2h created omitted]: sum of totals at 2026-10-03T00:26:43.132822+00:00 == seeded total
PASS [voided exp+2h created omitted]: ada view at 1970-01-01T00:00:00.000000+00:00 consistent (balance=total, available=total-held>=0, held<=total) (10000, 0, 10000)
PASS [voided exp+2h created omitted]: bob view at 1970-01-01T00:00:00.000000+00:00 consistent (balance=total, available=total-held>=0, held<=total) (2500, 0, 2500)
PASS [voided exp+2h created omitted]: cy view at 1970-01-01T00:00:00.000000+00:00 consistent (balance=total, available=total-held>=0, held<=total) (0, 0, 0)
PASS [voided exp+2h created omitted]: sum of totals at 1970-01-01T00:00:00.000000+00:00 == seeded total
PASS [voided exp+2h created omitted]: ada view at 9999-12-31T23:59:59.000000+00:00 consistent (balance=total, available=total-held>=0, held<=total) (9999, 0, 9999)
PASS [voided exp+2h created omitted]: bob view at 9999-12-31T23:59:59.000000+00:00 consistent (balance=total, available=total-held>=0, held<=total) (2500, 0, 2500)
PASS [voided exp+2h created omitted]: cy view at 9999-12-31T23:59:59.000000+00:00 consistent (balance=total, available=total-held>=0, held<=total) (1, 0, 1)
PASS [voided exp+2h created omitted]: sum of totals at 9999-12-31T23:59:59.000000+00:00 == seeded total
PASS [voided exp+2h created omitted] a payment above available is refused (409 insufficient_funds) 9999
PASS [voided exp+2h created omitted] capture of a closed/expired seeded hold -> 409, never 201 (authorization_not_open)
PASS [voided exp+2h created omitted] after the capture attempt: balances conserved, all views still consistent
PASS [voided exp+2h created omitted] export -> 200
PASS [voided exp+2h created omitted] import #1 of its own export -> 204
PASS [voided exp+2h created omitted] import #1: balances/held/available and every authorization field (closed_at, expires_at, payment_ids, status, created_at) unchanged
PASS [voided exp+2h created omitted] import #1: next payment stamped at its own request time (clock not moved by imported values)
PASS [voided exp+2h created omitted] import #2 of its own export -> 204
PASS [voided exp+2h created omitted] import #2: balances/held/available and every authorization field (closed_at, expires_at, payment_ids, status, created_at) unchanged
PASS [voided exp+2h created omitted] import #2: next payment stamped at its own request time (clock not moved by imported values)
PASS [voided exp+2h created -3h] reset -> 204 or 422 (never 5xx)
PASS [voided exp+2h created -3h] clock: new payment created_at within its request window (+-30 ms), not ratcheted by seeded values
FAIL [voided exp+2h created -3h] clock: new authorization (cy has 1) created_at within its request window :: (R(201 b'{"authorization_id":"a_1","from_user_id":"u_cy","from_handle":"cy","to_user_id":"u_bob","to_handle":"bob","amount":1,"captured_amount":0,"remaining_amount":1,"currency":"EUR","note":"","visibility":"public","status":"open","expires_at":"2026-10-02T22:36:43+00:00","payment_id":null,"payment_ids":[],"'), '2026-10-02T22:26:43.341796+00:00', '2026-10-02T22:26:43.342385+00:00')
PASS [voided exp+2h created -3h] supplied created_at kept
PASS [voided exp+2h created -3h] closed_at is never in the future (an event time)
PASS [voided exp+2h created -3h] open status iff closed_at null (status shown voided)
PASS [voided exp+2h created -3h] current /me held == 2000 exactly for a live seeded open hold, else 0 (0, 9999)
PASS [voided exp+2h created -3h]: ada view at 2026-10-02T19:26:43.298422+00:00 consistent (balance=total, available=total-held>=0, held<=total) (10000, 0, 10000)
PASS [voided exp+2h created -3h]: bob view at 2026-10-02T19:26:43.298422+00:00 consistent (balance=total, available=total-held>=0, held<=total) (2500, 0, 2500)
PASS [voided exp+2h created -3h]: cy view at 2026-10-02T19:26:43.298422+00:00 consistent (balance=total, available=total-held>=0, held<=total) (0, 0, 0)
PASS [voided exp+2h created -3h]: sum of totals at 2026-10-02T19:26:43.298422+00:00 == seeded total
PASS [voided exp+2h created -3h]: ada view at 2026-10-02T19:26:43.298423+00:00 consistent (balance=total, available=total-held>=0, held<=total) (10000, 0, 10000)
PASS [voided exp+2h created -3h]: bob view at 2026-10-02T19:26:43.298423+00:00 consistent (balance=total, available=total-held>=0, held<=total) (2500, 0, 2500)
PASS [voided exp+2h created -3h]: cy view at 2026-10-02T19:26:43.298423+00:00 consistent (balance=total, available=total-held>=0, held<=total) (0, 0, 0)
PASS [voided exp+2h created -3h]: sum of totals at 2026-10-02T19:26:43.298423+00:00 == seeded total
PASS [voided exp+2h created -3h]: ada view at 2026-10-02T19:26:43.298424+00:00 consistent (balance=total, available=total-held>=0, held<=total) (10000, 0, 10000)
PASS [voided exp+2h created -3h]: bob view at 2026-10-02T19:26:43.298424+00:00 consistent (balance=total, available=total-held>=0, held<=total) (2500, 0, 2500)
PASS [voided exp+2h created -3h]: cy view at 2026-10-02T19:26:43.298424+00:00 consistent (balance=total, available=total-held>=0, held<=total) (0, 0, 0)
PASS [voided exp+2h created -3h]: sum of totals at 2026-10-02T19:26:43.298424+00:00 == seeded total
PASS [voided exp+2h created -3h]: ada view at 2026-10-02T22:26:43.298422+00:00 consistent (balance=total, available=total-held>=0, held<=total) (10000, 0, 10000)
PASS [voided exp+2h created -3h]: bob view at 2026-10-02T22:26:43.298422+00:00 consistent (balance=total, available=total-held>=0, held<=total) (2500, 0, 2500)
FAIL [voided exp+2h created -3h]: cy view at 2026-10-02T22:26:43.298422+00:00 consistent (balance=total, available=total-held>=0, held<=total) (0, 1, -1) :: {'user_id': 'u_cy', 'display_name': 'Cy', 'handle': 'cy', 'balance': 0, 'total': 0, 'available': -1, 'held': 1, 'currency': 'EUR', 'minor_units': 2, 'as_of': '2026-10-02T22:26:43.298422+00:00'}
PASS [voided exp+2h created -3h]: sum of totals at 2026-10-02T22:26:43.298422+00:00 == seeded total
PASS [voided exp+2h created -3h]: ada view at 2026-10-02T22:26:43.298423+00:00 consistent (balance=total, available=total-held>=0, held<=total) (10000, 0, 10000)
PASS [voided exp+2h created -3h]: bob view at 2026-10-02T22:26:43.298423+00:00 consistent (balance=total, available=total-held>=0, held<=total) (2500, 0, 2500)
FAIL [voided exp+2h created -3h]: cy view at 2026-10-02T22:26:43.298423+00:00 consistent (balance=total, available=total-held>=0, held<=total) (0, 1, -1) :: {'user_id': 'u_cy', 'display_name': 'Cy', 'handle': 'cy', 'balance': 0, 'total': 0, 'available': -1, 'held': 1, 'currency': 'EUR', 'minor_units': 2, 'as_of': '2026-10-02T22:26:43.298423+00:00'}
PASS [voided exp+2h created -3h]: sum of totals at 2026-10-02T22:26:43.298423+00:00 == seeded total
PASS [voided exp+2h created -3h]: ada view at 2026-10-02T22:26:43.298424+00:00 consistent (balance=total, available=total-held>=0, held<=total) (10000, 0, 10000)
PASS [voided exp+2h created -3h]: bob view at 2026-10-02T22:26:43.298424+00:00 consistent (balance=total, available=total-held>=0, held<=total) (2500, 0, 2500)
FAIL [voided exp+2h created -3h]: cy view at 2026-10-02T22:26:43.298424+00:00 consistent (balance=total, available=total-held>=0, held<=total) (0, 1, -1) :: {'user_id': 'u_cy', 'display_name': 'Cy', 'handle': 'cy', 'balance': 0, 'total': 0, 'available': -1, 'held': 1, 'currency': 'EUR', 'minor_units': 2, 'as_of': '2026-10-02T22:26:43.298424+00:00'}
PASS [voided exp+2h created -3h]: sum of totals at 2026-10-02T22:26:43.298424+00:00 == seeded total
PASS [voided exp+2h created -3h]: ada view at 2026-10-02T22:26:43.308013+00:00 consistent (balance=total, available=total-held>=0, held<=total) (10000, 0, 10000)
PASS [voided exp+2h created -3h]: bob view at 2026-10-02T22:26:43.308013+00:00 consistent (balance=total, available=total-held>=0, held<=total) (2500, 0, 2500)
FAIL [voided exp+2h created -3h]: cy view at 2026-10-02T22:26:43.308013+00:00 consistent (balance=total, available=total-held>=0, held<=total) (0, 1, -1) :: {'user_id': 'u_cy', 'display_name': 'Cy', 'handle': 'cy', 'balance': 0, 'total': 0, 'available': -1, 'held': 1, 'currency': 'EUR', 'minor_units': 2, 'as_of': '2026-10-02T22:26:43.308013+00:00'}
PASS [voided exp+2h created -3h]: sum of totals at 2026-10-02T22:26:43.308013+00:00 == seeded total
PASS [voided exp+2h created -3h]: ada view at 2026-10-02T22:26:43.308014+00:00 consistent (balance=total, available=total-held>=0, held<=total) (10000, 0, 10000)
PASS [voided exp+2h created -3h]: bob view at 2026-10-02T22:26:43.308014+00:00 consistent (balance=total, available=total-held>=0, held<=total) (2500, 0, 2500)
FAIL [voided exp+2h created -3h]: cy view at 2026-10-02T22:26:43.308014+00:00 consistent (balance=total, available=total-held>=0, held<=total) (0, 1, -1) :: {'user_id': 'u_cy', 'display_name': 'Cy', 'handle': 'cy', 'balance': 0, 'total': 0, 'available': -1, 'held': 1, 'currency': 'EUR', 'minor_units': 2, 'as_of': '2026-10-02T22:26:43.308014+00:00'}
PASS [voided exp+2h created -3h]: sum of totals at 2026-10-02T22:26:43.308014+00:00 == seeded total
PASS [voided exp+2h created -3h]: ada view at 2026-10-02T22:26:43.308015+00:00 consistent (balance=total, available=total-held>=0, held<=total) (10000, 0, 10000)
PASS [voided exp+2h created -3h]: bob view at 2026-10-02T22:26:43.308015+00:00 consistent (balance=total, available=total-held>=0, held<=total) (2500, 0, 2500)
FAIL [voided exp+2h created -3h]: cy view at 2026-10-02T22:26:43.308015+00:00 consistent (balance=total, available=total-held>=0, held<=total) (0, 1, -1) :: {'user_id': 'u_cy', 'display_name': 'Cy', 'handle': 'cy', 'balance': 0, 'total': 0, 'available': -1, 'held': 1, 'currency': 'EUR', 'minor_units': 2, 'as_of': '2026-10-02T22:26:43.308015+00:00'}
PASS [voided exp+2h created -3h]: sum of totals at 2026-10-02T22:26:43.308015+00:00 == seeded total
PASS [voided exp+2h created -3h]: ada view at 2026-10-02T22:26:43.351694+00:00 consistent (balance=total, available=total-held>=0, held<=total) (9999, 0, 9999)
PASS [voided exp+2h created -3h]: bob view at 2026-10-02T22:26:43.351694+00:00 consistent (balance=total, available=total-held>=0, held<=total) (2500, 0, 2500)
PASS [voided exp+2h created -3h]: cy view at 2026-10-02T22:26:43.351694+00:00 consistent (balance=total, available=total-held>=0, held<=total) (1, 1, 0)
PASS [voided exp+2h created -3h]: sum of totals at 2026-10-02T22:26:43.351694+00:00 == seeded total
PASS [voided exp+2h created -3h]: ada view at 2026-10-02T22:26:43.351695+00:00 consistent (balance=total, available=total-held>=0, held<=total) (9999, 0, 9999)
PASS [voided exp+2h created -3h]: bob view at 2026-10-02T22:26:43.351695+00:00 consistent (balance=total, available=total-held>=0, held<=total) (2500, 0, 2500)
PASS [voided exp+2h created -3h]: cy view at 2026-10-02T22:26:43.351695+00:00 consistent (balance=total, available=total-held>=0, held<=total) (1, 1, 0)
PASS [voided exp+2h created -3h]: sum of totals at 2026-10-02T22:26:43.351695+00:00 == seeded total
PASS [voided exp+2h created -3h]: ada view at 2026-10-02T22:26:43.351696+00:00 consistent (balance=total, available=total-held>=0, held<=total) (9999, 0, 9999)
PASS [voided exp+2h created -3h]: bob view at 2026-10-02T22:26:43.351696+00:00 consistent (balance=total, available=total-held>=0, held<=total) (2500, 0, 2500)
PASS [voided exp+2h created -3h]: cy view at 2026-10-02T22:26:43.351696+00:00 consistent (balance=total, available=total-held>=0, held<=total) (1, 1, 0)
PASS [voided exp+2h created -3h]: sum of totals at 2026-10-02T22:26:43.351696+00:00 == seeded total
PASS [voided exp+2h created -3h]: ada view at 2026-10-03T00:26:43.298422+00:00 consistent (balance=total, available=total-held>=0, held<=total) (9999, 0, 9999)
PASS [voided exp+2h created -3h]: bob view at 2026-10-03T00:26:43.298422+00:00 consistent (balance=total, available=total-held>=0, held<=total) (2500, 0, 2500)
PASS [voided exp+2h created -3h]: cy view at 2026-10-03T00:26:43.298422+00:00 consistent (balance=total, available=total-held>=0, held<=total) (1, 0, 1)
PASS [voided exp+2h created -3h]: sum of totals at 2026-10-03T00:26:43.298422+00:00 == seeded total
PASS [voided exp+2h created -3h]: ada view at 2026-10-03T00:26:43.298423+00:00 consistent (balance=total, available=total-held>=0, held<=total) (9999, 0, 9999)
PASS [voided exp+2h created -3h]: bob view at 2026-10-03T00:26:43.298423+00:00 consistent (balance=total, available=total-held>=0, held<=total) (2500, 0, 2500)
PASS [voided exp+2h created -3h]: cy view at 2026-10-03T00:26:43.298423+00:00 consistent (balance=total, available=total-held>=0, held<=total) (1, 0, 1)
PASS [voided exp+2h created -3h]: sum of totals at 2026-10-03T00:26:43.298423+00:00 == seeded total
PASS [voided exp+2h created -3h]: ada view at 2026-10-03T00:26:43.298424+00:00 consistent (balance=total, available=total-held>=0, held<=total) (9999, 0, 9999)
PASS [voided exp+2h created -3h]: bob view at 2026-10-03T00:26:43.298424+00:00 consistent (balance=total, available=total-held>=0, held<=total) (2500, 0, 2500)
PASS [voided exp+2h created -3h]: cy view at 2026-10-03T00:26:43.298424+00:00 consistent (balance=total, available=total-held>=0, held<=total) (1, 0, 1)
PASS [voided exp+2h created -3h]: sum of totals at 2026-10-03T00:26:43.298424+00:00 == seeded total
PASS [voided exp+2h created -3h]: ada view at 1970-01-01T00:00:00.000000+00:00 consistent (balance=total, available=total-held>=0, held<=total) (10000, 0, 10000)
PASS [voided exp+2h created -3h]: bob view at 1970-01-01T00:00:00.000000+00:00 consistent (balance=total, available=total-held>=0, held<=total) (2500, 0, 2500)
PASS [voided exp+2h created -3h]: cy view at 1970-01-01T00:00:00.000000+00:00 consistent (balance=total, available=total-held>=0, held<=total) (0, 0, 0)
PASS [voided exp+2h created -3h]: sum of totals at 1970-01-01T00:00:00.000000+00:00 == seeded total
PASS [voided exp+2h created -3h]: ada view at 9999-12-31T23:59:59.000000+00:00 consistent (balance=total, available=total-held>=0, held<=total) (9999, 0, 9999)
PASS [voided exp+2h created -3h]: bob view at 9999-12-31T23:59:59.000000+00:00 consistent (balance=total, available=total-held>=0, held<=total) (2500, 0, 2500)
PASS [voided exp+2h created -3h]: cy view at 9999-12-31T23:59:59.000000+00:00 consistent (balance=total, available=total-held>=0, held<=total) (1, 0, 1)
PASS [voided exp+2h created -3h]: sum of totals at 9999-12-31T23:59:59.000000+00:00 == seeded total
PASS [voided exp+2h created -3h] a payment above available is refused (409 insufficient_funds) 9999
PASS [voided exp+2h created -3h] capture of a closed/expired seeded hold -> 409, never 201 (authorization_not_open)
PASS [voided exp+2h created -3h] after the capture attempt: balances conserved, all views still consistent
PASS [voided exp+2h created -3h] export -> 200
PASS [voided exp+2h created -3h] import #1 of its own export -> 204
PASS [voided exp+2h created -3h] import #1: balances/held/available and every authorization field (closed_at, expires_at, payment_ids, status, created_at) unchanged
PASS [voided exp+2h created -3h] import #1: next payment stamped at its own request time (clock not moved by imported values)
PASS [voided exp+2h created -3h] import #2 of its own export -> 204
PASS [voided exp+2h created -3h] import #2: balances/held/available and every authorization field (closed_at, expires_at, payment_ids, status, created_at) unchanged
PASS [voided exp+2h created -3h] import #2: next payment stamped at its own request time (clock not moved by imported values)
PASS [voided exp+2h created +2h] reset -> 204 or 422 (never 5xx)
PASS [expired exp-2h created omitted] reset -> 204 or 422 (never 5xx)
PASS [expired exp-2h created omitted] clock: new payment created_at within its request window (+-30 ms), not ratcheted by seeded values
FAIL [expired exp-2h created omitted] clock: new authorization (cy has 1) created_at within its request window :: (R(201 b'{"authorization_id":"a_1","from_user_id":"u_cy","from_handle":"cy","to_user_id":"u_bob","to_handle":"bob","amount":1,"captured_amount":0,"remaining_amount":1,"currency":"EUR","note":"","visibility":"public","status":"open","expires_at":"2026-10-02T22:36:43+00:00","payment_id":null,"payment_ids":[],"'), '2026-10-02T22:26:43.515921+00:00', '2026-10-02T22:26:43.516527+00:00')
FAIL [expired exp-2h created omitted] hold created_at omitted -> the reset instant (between request start and end), not a truncated second :: ('2026-10-02T22:26:43+00:00', '2026-10-02T22:26:43.473101+00:00', '2026-10-02T22:26:43.482442+00:00')
PASS [expired exp-2h created omitted] closed_at is never in the future (an event time)
PASS [expired exp-2h created omitted] stored-expired with a past deadline: closed_at == expires_at (expiry takes effect at expires_at)
PASS [expired exp-2h created omitted] open status iff closed_at null (status shown expired)
PASS [expired exp-2h created omitted] current /me held == 2000 exactly for a live seeded open hold, else 0 (0, 9999)
PASS [expired exp-2h created omitted]: ada view at 2026-10-02T20:26:43.473100+00:00 consistent (balance=total, available=total-held>=0, held<=total) (10000, 0, 10000)
PASS [expired exp-2h created omitted]: bob view at 2026-10-02T20:26:43.473100+00:00 consistent (balance=total, available=total-held>=0, held<=total) (2500, 0, 2500)
PASS [expired exp-2h created omitted]: cy view at 2026-10-02T20:26:43.473100+00:00 consistent (balance=total, available=total-held>=0, held<=total) (0, 0, 0)
PASS [expired exp-2h created omitted]: sum of totals at 2026-10-02T20:26:43.473100+00:00 == seeded total
PASS [expired exp-2h created omitted]: ada view at 2026-10-02T20:26:43.473101+00:00 consistent (balance=total, available=total-held>=0, held<=total) (10000, 0, 10000)
PASS [expired exp-2h created omitted]: bob view at 2026-10-02T20:26:43.473101+00:00 consistent (balance=total, available=total-held>=0, held<=total) (2500, 0, 2500)
PASS [expired exp-2h created omitted]: cy view at 2026-10-02T20:26:43.473101+00:00 consistent (balance=total, available=total-held>=0, held<=total) (0, 0, 0)
PASS [expired exp-2h created omitted]: sum of totals at 2026-10-02T20:26:43.473101+00:00 == seeded total
PASS [expired exp-2h created omitted]: ada view at 2026-10-02T20:26:43.473102+00:00 consistent (balance=total, available=total-held>=0, held<=total) (10000, 0, 10000)
PASS [expired exp-2h created omitted]: bob view at 2026-10-02T20:26:43.473102+00:00 consistent (balance=total, available=total-held>=0, held<=total) (2500, 0, 2500)
PASS [expired exp-2h created omitted]: cy view at 2026-10-02T20:26:43.473102+00:00 consistent (balance=total, available=total-held>=0, held<=total) (0, 0, 0)
PASS [expired exp-2h created omitted]: sum of totals at 2026-10-02T20:26:43.473102+00:00 == seeded total
PASS [expired exp-2h created omitted]: ada view at 2026-10-02T22:26:42.999999+00:00 consistent (balance=total, available=total-held>=0, held<=total) (10000, 0, 10000)
PASS [expired exp-2h created omitted]: bob view at 2026-10-02T22:26:42.999999+00:00 consistent (balance=total, available=total-held>=0, held<=total) (2500, 0, 2500)
PASS [expired exp-2h created omitted]: cy view at 2026-10-02T22:26:42.999999+00:00 consistent (balance=total, available=total-held>=0, held<=total) (0, 0, 0)
PASS [expired exp-2h created omitted]: sum of totals at 2026-10-02T22:26:42.999999+00:00 == seeded total
PASS [expired exp-2h created omitted]: ada view at 2026-10-02T22:26:43.000000+00:00 consistent (balance=total, available=total-held>=0, held<=total) (10000, 0, 10000)
PASS [expired exp-2h created omitted]: bob view at 2026-10-02T22:26:43.000000+00:00 consistent (balance=total, available=total-held>=0, held<=total) (2500, 0, 2500)
FAIL [expired exp-2h created omitted]: cy view at 2026-10-02T22:26:43.000000+00:00 consistent (balance=total, available=total-held>=0, held<=total) (0, 1, -1) :: {'user_id': 'u_cy', 'display_name': 'Cy', 'handle': 'cy', 'balance': 0, 'total': 0, 'available': -1, 'held': 1, 'currency': 'EUR', 'minor_units': 2, 'as_of': '2026-10-02T22:26:43.000000+00:00'}
PASS [expired exp-2h created omitted]: sum of totals at 2026-10-02T22:26:43.000000+00:00 == seeded total
PASS [expired exp-2h created omitted]: ada view at 2026-10-02T22:26:43.000001+00:00 consistent (balance=total, available=total-held>=0, held<=total) (10000, 0, 10000)
PASS [expired exp-2h created omitted]: bob view at 2026-10-02T22:26:43.000001+00:00 consistent (balance=total, available=total-held>=0, held<=total) (2500, 0, 2500)
FAIL [expired exp-2h created omitted]: cy view at 2026-10-02T22:26:43.000001+00:00 consistent (balance=total, available=total-held>=0, held<=total) (0, 1, -1) :: {'user_id': 'u_cy', 'display_name': 'Cy', 'handle': 'cy', 'balance': 0, 'total': 0, 'available': -1, 'held': 1, 'currency': 'EUR', 'minor_units': 2, 'as_of': '2026-10-02T22:26:43.000001+00:00'}
PASS [expired exp-2h created omitted]: sum of totals at 2026-10-02T22:26:43.000001+00:00 == seeded total
PASS [expired exp-2h created omitted]: ada view at 2026-10-02T22:26:43.473100+00:00 consistent (balance=total, available=total-held>=0, held<=total) (10000, 0, 10000)
PASS [expired exp-2h created omitted]: bob view at 2026-10-02T22:26:43.473100+00:00 consistent (balance=total, available=total-held>=0, held<=total) (2500, 0, 2500)
FAIL [expired exp-2h created omitted]: cy view at 2026-10-02T22:26:43.473100+00:00 consistent (balance=total, available=total-held>=0, held<=total) (0, 1, -1) :: {'user_id': 'u_cy', 'display_name': 'Cy', 'handle': 'cy', 'balance': 0, 'total': 0, 'available': -1, 'held': 1, 'currency': 'EUR', 'minor_units': 2, 'as_of': '2026-10-02T22:26:43.473100+00:00'}
PASS [expired exp-2h created omitted]: sum of totals at 2026-10-02T22:26:43.473100+00:00 == seeded total
PASS [expired exp-2h created omitted]: ada view at 2026-10-02T22:26:43.473101+00:00 consistent (balance=total, available=total-held>=0, held<=total) (10000, 0, 10000)
PASS [expired exp-2h created omitted]: bob view at 2026-10-02T22:26:43.473101+00:00 consistent (balance=total, available=total-held>=0, held<=total) (2500, 0, 2500)
FAIL [expired exp-2h created omitted]: cy view at 2026-10-02T22:26:43.473101+00:00 consistent (balance=total, available=total-held>=0, held<=total) (0, 1, -1) :: {'user_id': 'u_cy', 'display_name': 'Cy', 'handle': 'cy', 'balance': 0, 'total': 0, 'available': -1, 'held': 1, 'currency': 'EUR', 'minor_units': 2, 'as_of': '2026-10-02T22:26:43.473101+00:00'}
PASS [expired exp-2h created omitted]: sum of totals at 2026-10-02T22:26:43.473101+00:00 == seeded total
PASS [expired exp-2h created omitted]: ada view at 2026-10-02T22:26:43.473102+00:00 consistent (balance=total, available=total-held>=0, held<=total) (10000, 0, 10000)
PASS [expired exp-2h created omitted]: bob view at 2026-10-02T22:26:43.473102+00:00 consistent (balance=total, available=total-held>=0, held<=total) (2500, 0, 2500)
FAIL [expired exp-2h created omitted]: cy view at 2026-10-02T22:26:43.473102+00:00 consistent (balance=total, available=total-held>=0, held<=total) (0, 1, -1) :: {'user_id': 'u_cy', 'display_name': 'Cy', 'handle': 'cy', 'balance': 0, 'total': 0, 'available': -1, 'held': 1, 'currency': 'EUR', 'minor_units': 2, 'as_of': '2026-10-02T22:26:43.473102+00:00'}
PASS [expired exp-2h created omitted]: sum of totals at 2026-10-02T22:26:43.473102+00:00 == seeded total
PASS [expired exp-2h created omitted]: ada view at 2026-10-02T22:26:43.482441+00:00 consistent (balance=total, available=total-held>=0, held<=total) (10000, 0, 10000)
PASS [expired exp-2h created omitted]: bob view at 2026-10-02T22:26:43.482441+00:00 consistent (balance=total, available=total-held>=0, held<=total) (2500, 0, 2500)
FAIL [expired exp-2h created omitted]: cy view at 2026-10-02T22:26:43.482441+00:00 consistent (balance=total, available=total-held>=0, held<=total) (0, 1, -1) :: {'user_id': 'u_cy', 'display_name': 'Cy', 'handle': 'cy', 'balance': 0, 'total': 0, 'available': -1, 'held': 1, 'currency': 'EUR', 'minor_units': 2, 'as_of': '2026-10-02T22:26:43.482441+00:00'}
PASS [expired exp-2h created omitted]: sum of totals at 2026-10-02T22:26:43.482441+00:00 == seeded total
PASS [expired exp-2h created omitted]: ada view at 2026-10-02T22:26:43.482442+00:00 consistent (balance=total, available=total-held>=0, held<=total) (10000, 0, 10000)
PASS [expired exp-2h created omitted]: bob view at 2026-10-02T22:26:43.482442+00:00 consistent (balance=total, available=total-held>=0, held<=total) (2500, 0, 2500)
FAIL [expired exp-2h created omitted]: cy view at 2026-10-02T22:26:43.482442+00:00 consistent (balance=total, available=total-held>=0, held<=total) (0, 1, -1) :: {'user_id': 'u_cy', 'display_name': 'Cy', 'handle': 'cy', 'balance': 0, 'total': 0, 'available': -1, 'held': 1, 'currency': 'EUR', 'minor_units': 2, 'as_of': '2026-10-02T22:26:43.482442+00:00'}
PASS [expired exp-2h created omitted]: sum of totals at 2026-10-02T22:26:43.482442+00:00 == seeded total
PASS [expired exp-2h created omitted]: ada view at 2026-10-02T22:26:43.482443+00:00 consistent (balance=total, available=total-held>=0, held<=total) (10000, 0, 10000)
PASS [expired exp-2h created omitted]: bob view at 2026-10-02T22:26:43.482443+00:00 consistent (balance=total, available=total-held>=0, held<=total) (2500, 0, 2500)
FAIL [expired exp-2h created omitted]: cy view at 2026-10-02T22:26:43.482443+00:00 consistent (balance=total, available=total-held>=0, held<=total) (0, 1, -1) :: {'user_id': 'u_cy', 'display_name': 'Cy', 'handle': 'cy', 'balance': 0, 'total': 0, 'available': -1, 'held': 1, 'currency': 'EUR', 'minor_units': 2, 'as_of': '2026-10-02T22:26:43.482443+00:00'}
PASS [expired exp-2h created omitted]: sum of totals at 2026-10-02T22:26:43.482443+00:00 == seeded total
PASS [expired exp-2h created omitted]: ada view at 2026-10-02T22:26:43.529849+00:00 consistent (balance=total, available=total-held>=0, held<=total) (9999, 0, 9999)
PASS [expired exp-2h created omitted]: bob view at 2026-10-02T22:26:43.529849+00:00 consistent (balance=total, available=total-held>=0, held<=total) (2500, 0, 2500)
PASS [expired exp-2h created omitted]: cy view at 2026-10-02T22:26:43.529849+00:00 consistent (balance=total, available=total-held>=0, held<=total) (1, 1, 0)
PASS [expired exp-2h created omitted]: sum of totals at 2026-10-02T22:26:43.529849+00:00 == seeded total
PASS [expired exp-2h created omitted]: ada view at 2026-10-02T22:26:43.529850+00:00 consistent (balance=total, available=total-held>=0, held<=total) (9999, 0, 9999)
PASS [expired exp-2h created omitted]: bob view at 2026-10-02T22:26:43.529850+00:00 consistent (balance=total, available=total-held>=0, held<=total) (2500, 0, 2500)
PASS [expired exp-2h created omitted]: cy view at 2026-10-02T22:26:43.529850+00:00 consistent (balance=total, available=total-held>=0, held<=total) (1, 1, 0)
PASS [expired exp-2h created omitted]: sum of totals at 2026-10-02T22:26:43.529850+00:00 == seeded total
PASS [expired exp-2h created omitted]: ada view at 2026-10-02T22:26:43.529851+00:00 consistent (balance=total, available=total-held>=0, held<=total) (9999, 0, 9999)
PASS [expired exp-2h created omitted]: bob view at 2026-10-02T22:26:43.529851+00:00 consistent (balance=total, available=total-held>=0, held<=total) (2500, 0, 2500)
PASS [expired exp-2h created omitted]: cy view at 2026-10-02T22:26:43.529851+00:00 consistent (balance=total, available=total-held>=0, held<=total) (1, 1, 0)
PASS [expired exp-2h created omitted]: sum of totals at 2026-10-02T22:26:43.529851+00:00 == seeded total
PASS [expired exp-2h created omitted]: ada view at 1970-01-01T00:00:00.000000+00:00 consistent (balance=total, available=total-held>=0, held<=total) (10000, 0, 10000)
PASS [expired exp-2h created omitted]: bob view at 1970-01-01T00:00:00.000000+00:00 consistent (balance=total, available=total-held>=0, held<=total) (2500, 0, 2500)
PASS [expired exp-2h created omitted]: cy view at 1970-01-01T00:00:00.000000+00:00 consistent (balance=total, available=total-held>=0, held<=total) (0, 0, 0)
PASS [expired exp-2h created omitted]: sum of totals at 1970-01-01T00:00:00.000000+00:00 == seeded total
PASS [expired exp-2h created omitted]: ada view at 9999-12-31T23:59:59.000000+00:00 consistent (balance=total, available=total-held>=0, held<=total) (9999, 0, 9999)
PASS [expired exp-2h created omitted]: bob view at 9999-12-31T23:59:59.000000+00:00 consistent (balance=total, available=total-held>=0, held<=total) (2500, 0, 2500)
PASS [expired exp-2h created omitted]: cy view at 9999-12-31T23:59:59.000000+00:00 consistent (balance=total, available=total-held>=0, held<=total) (1, 0, 1)
PASS [expired exp-2h created omitted]: sum of totals at 9999-12-31T23:59:59.000000+00:00 == seeded total
PASS [expired exp-2h created omitted] a payment above available is refused (409 insufficient_funds) 9999
PASS [expired exp-2h created omitted] capture of a closed/expired seeded hold -> 409, never 201 (authorization_expired)
PASS [expired exp-2h created omitted] after the capture attempt: balances conserved, all views still consistent
PASS [expired exp-2h created omitted] export -> 200
PASS [expired exp-2h created omitted] import #1 of its own export -> 204
PASS [expired exp-2h created omitted] import #1: balances/held/available and every authorization field (closed_at, expires_at, payment_ids, status, created_at) unchanged
PASS [expired exp-2h created omitted] import #1: next payment stamped at its own request time (clock not moved by imported values)
PASS [expired exp-2h created omitted] import #2 of its own export -> 204
PASS [expired exp-2h created omitted] import #2: balances/held/available and every authorization field (closed_at, expires_at, payment_ids, status, created_at) unchanged
PASS [expired exp-2h created omitted] import #2: next payment stamped at its own request time (clock not moved by imported values)
PASS [expired exp-2h created -3h] reset -> 204 or 422 (never 5xx)
PASS [expired exp-2h created -3h] clock: new payment created_at within its request window (+-30 ms), not ratcheted by seeded values
FAIL [expired exp-2h created -3h] clock: new authorization (cy has 1) created_at within its request window :: (R(201 b'{"authorization_id":"a_1","from_user_id":"u_cy","from_handle":"cy","to_user_id":"u_bob","to_handle":"bob","amount":1,"captured_amount":0,"remaining_amount":1,"currency":"EUR","note":"","visibility":"public","status":"open","expires_at":"2026-10-02T22:36:43+00:00","payment_id":null,"payment_ids":[],"'), '2026-10-02T22:26:43.680024+00:00', '2026-10-02T22:26:43.681106+00:00')
PASS [expired exp-2h created -3h] supplied created_at kept
PASS [expired exp-2h created -3h] closed_at is never in the future (an event time)
PASS [expired exp-2h created -3h] stored-expired with a past deadline: closed_at == expires_at (expiry takes effect at expires_at)
PASS [expired exp-2h created -3h] open status iff closed_at null (status shown expired)
PASS [expired exp-2h created -3h] current /me held == 2000 exactly for a live seeded open hold, else 0 (0, 9999)
PASS [expired exp-2h created -3h]: ada view at 2026-10-02T19:26:43.638182+00:00 consistent (balance=total, available=total-held>=0, held<=total) (10000, 0, 10000)
PASS [expired exp-2h created -3h]: bob view at 2026-10-02T19:26:43.638182+00:00 consistent (balance=total, available=total-held>=0, held<=total) (2500, 0, 2500)
PASS [expired exp-2h created -3h]: cy view at 2026-10-02T19:26:43.638182+00:00 consistent (balance=total, available=total-held>=0, held<=total) (0, 0, 0)
PASS [expired exp-2h created -3h]: sum of totals at 2026-10-02T19:26:43.638182+00:00 == seeded total
PASS [expired exp-2h created -3h]: ada view at 2026-10-02T19:26:43.638183+00:00 consistent (balance=total, available=total-held>=0, held<=total) (10000, 0, 10000)
PASS [expired exp-2h created -3h]: bob view at 2026-10-02T19:26:43.638183+00:00 consistent (balance=total, available=total-held>=0, held<=total) (2500, 0, 2500)
PASS [expired exp-2h created -3h]: cy view at 2026-10-02T19:26:43.638183+00:00 consistent (balance=total, available=total-held>=0, held<=total) (0, 0, 0)
PASS [expired exp-2h created -3h]: sum of totals at 2026-10-02T19:26:43.638183+00:00 == seeded total
PASS [expired exp-2h created -3h]: ada view at 2026-10-02T19:26:43.638184+00:00 consistent (balance=total, available=total-held>=0, held<=total) (10000, 0, 10000)
PASS [expired exp-2h created -3h]: bob view at 2026-10-02T19:26:43.638184+00:00 consistent (balance=total, available=total-held>=0, held<=total) (2500, 0, 2500)
PASS [expired exp-2h created -3h]: cy view at 2026-10-02T19:26:43.638184+00:00 consistent (balance=total, available=total-held>=0, held<=total) (0, 0, 0)
PASS [expired exp-2h created -3h]: sum of totals at 2026-10-02T19:26:43.638184+00:00 == seeded total
PASS [expired exp-2h created -3h]: ada view at 2026-10-02T20:26:43.638182+00:00 consistent (balance=total, available=total-held>=0, held<=total) (10000, 0, 10000)
PASS [expired exp-2h created -3h]: bob view at 2026-10-02T20:26:43.638182+00:00 consistent (balance=total, available=total-held>=0, held<=total) (2500, 0, 2500)
PASS [expired exp-2h created -3h]: cy view at 2026-10-02T20:26:43.638182+00:00 consistent (balance=total, available=total-held>=0, held<=total) (0, 0, 0)
PASS [expired exp-2h created -3h]: sum of totals at 2026-10-02T20:26:43.638182+00:00 == seeded total
PASS [expired exp-2h created -3h]: ada view at 2026-10-02T20:26:43.638183+00:00 consistent (balance=total, available=total-held>=0, held<=total) (10000, 0, 10000)
PASS [expired exp-2h created -3h]: bob view at 2026-10-02T20:26:43.638183+00:00 consistent (balance=total, available=total-held>=0, held<=total) (2500, 0, 2500)
PASS [expired exp-2h created -3h]: cy view at 2026-10-02T20:26:43.638183+00:00 consistent (balance=total, available=total-held>=0, held<=total) (0, 0, 0)
PASS [expired exp-2h created -3h]: sum of totals at 2026-10-02T20:26:43.638183+00:00 == seeded total
PASS [expired exp-2h created -3h]: ada view at 2026-10-02T20:26:43.638184+00:00 consistent (balance=total, available=total-held>=0, held<=total) (10000, 0, 10000)
PASS [expired exp-2h created -3h]: bob view at 2026-10-02T20:26:43.638184+00:00 consistent (balance=total, available=total-held>=0, held<=total) (2500, 0, 2500)
PASS [expired exp-2h created -3h]: cy view at 2026-10-02T20:26:43.638184+00:00 consistent (balance=total, available=total-held>=0, held<=total) (0, 0, 0)
PASS [expired exp-2h created -3h]: sum of totals at 2026-10-02T20:26:43.638184+00:00 == seeded total
PASS [expired exp-2h created -3h]: ada view at 2026-10-02T22:26:43.638182+00:00 consistent (balance=total, available=total-held>=0, held<=total) (10000, 0, 10000)
PASS [expired exp-2h created -3h]: bob view at 2026-10-02T22:26:43.638182+00:00 consistent (balance=total, available=total-held>=0, held<=total) (2500, 0, 2500)
FAIL [expired exp-2h created -3h]: cy view at 2026-10-02T22:26:43.638182+00:00 consistent (balance=total, available=total-held>=0, held<=total) (0, 1, -1) :: {'user_id': 'u_cy', 'display_name': 'Cy', 'handle': 'cy', 'balance': 0, 'total': 0, 'available': -1, 'held': 1, 'currency': 'EUR', 'minor_units': 2, 'as_of': '2026-10-02T22:26:43.638182+00:00'}
PASS [expired exp-2h created -3h]: sum of totals at 2026-10-02T22:26:43.638182+00:00 == seeded total
PASS [expired exp-2h created -3h]: ada view at 2026-10-02T22:26:43.638183+00:00 consistent (balance=total, available=total-held>=0, held<=total) (10000, 0, 10000)
PASS [expired exp-2h created -3h]: bob view at 2026-10-02T22:26:43.638183+00:00 consistent (balance=total, available=total-held>=0, held<=total) (2500, 0, 2500)
FAIL [expired exp-2h created -3h]: cy view at 2026-10-02T22:26:43.638183+00:00 consistent (balance=total, available=total-held>=0, held<=total) (0, 1, -1) :: {'user_id': 'u_cy', 'display_name': 'Cy', 'handle': 'cy', 'balance': 0, 'total': 0, 'available': -1, 'held': 1, 'currency': 'EUR', 'minor_units': 2, 'as_of': '2026-10-02T22:26:43.638183+00:00'}
PASS [expired exp-2h created -3h]: sum of totals at 2026-10-02T22:26:43.638183+00:00 == seeded total
PASS [expired exp-2h created -3h]: ada view at 2026-10-02T22:26:43.638184+00:00 consistent (balance=total, available=total-held>=0, held<=total) (10000, 0, 10000)
PASS [expired exp-2h created -3h]: bob view at 2026-10-02T22:26:43.638184+00:00 consistent (balance=total, available=total-held>=0, held<=total) (2500, 0, 2500)
FAIL [expired exp-2h created -3h]: cy view at 2026-10-02T22:26:43.638184+00:00 consistent (balance=total, available=total-held>=0, held<=total) (0, 1, -1) :: {'user_id': 'u_cy', 'display_name': 'Cy', 'handle': 'cy', 'balance': 0, 'total': 0, 'available': -1, 'held': 1, 'currency': 'EUR', 'minor_units': 2, 'as_of': '2026-10-02T22:26:43.638184+00:00'}
PASS [expired exp-2h created -3h]: sum of totals at 2026-10-02T22:26:43.638184+00:00 == seeded total
PASS [expired exp-2h created -3h]: ada view at 2026-10-02T22:26:43.647522+00:00 consistent (balance=total, available=total-held>=0, held<=total) (10000, 0, 10000)
PASS [expired exp-2h created -3h]: bob view at 2026-10-02T22:26:43.647522+00:00 consistent (balance=total, available=total-held>=0, held<=total) (2500, 0, 2500)
FAIL [expired exp-2h created -3h]: cy view at 2026-10-02T22:26:43.647522+00:00 consistent (balance=total, available=total-held>=0, held<=total) (0, 1, -1) :: {'user_id': 'u_cy', 'display_name': 'Cy', 'handle': 'cy', 'balance': 0, 'total': 0, 'available': -1, 'held': 1, 'currency': 'EUR', 'minor_units': 2, 'as_of': '2026-10-02T22:26:43.647522+00:00'}
PASS [expired exp-2h created -3h]: sum of totals at 2026-10-02T22:26:43.647522+00:00 == seeded total
PASS [expired exp-2h created -3h]: ada view at 2026-10-02T22:26:43.647523+00:00 consistent (balance=total, available=total-held>=0, held<=total) (10000, 0, 10000)
PASS [expired exp-2h created -3h]: bob view at 2026-10-02T22:26:43.647523+00:00 consistent (balance=total, available=total-held>=0, held<=total) (2500, 0, 2500)
FAIL [expired exp-2h created -3h]: cy view at 2026-10-02T22:26:43.647523+00:00 consistent (balance=total, available=total-held>=0, held<=total) (0, 1, -1) :: {'user_id': 'u_cy', 'display_name': 'Cy', 'handle': 'cy', 'balance': 0, 'total': 0, 'available': -1, 'held': 1, 'currency': 'EUR', 'minor_units': 2, 'as_of': '2026-10-02T22:26:43.647523+00:00'}
PASS [expired exp-2h created -3h]: sum of totals at 2026-10-02T22:26:43.647523+00:00 == seeded total
PASS [expired exp-2h created -3h]: ada view at 2026-10-02T22:26:43.647524+00:00 consistent (balance=total, available=total-held>=0, held<=total) (10000, 0, 10000)
PASS [expired exp-2h created -3h]: bob view at 2026-10-02T22:26:43.647524+00:00 consistent (balance=total, available=total-held>=0, held<=total) (2500, 0, 2500)
FAIL [expired exp-2h created -3h]: cy view at 2026-10-02T22:26:43.647524+00:00 consistent (balance=total, available=total-held>=0, held<=total) (0, 1, -1) :: {'user_id': 'u_cy', 'display_name': 'Cy', 'handle': 'cy', 'balance': 0, 'total': 0, 'available': -1, 'held': 1, 'currency': 'EUR', 'minor_units': 2, 'as_of': '2026-10-02T22:26:43.647524+00:00'}
PASS [expired exp-2h created -3h]: sum of totals at 2026-10-02T22:26:43.647524+00:00 == seeded total
PASS [expired exp-2h created -3h]: ada view at 2026-10-02T22:26:43.690497+00:00 consistent (balance=total, available=total-held>=0, held<=total) (9999, 0, 9999)
PASS [expired exp-2h created -3h]: bob view at 2026-10-02T22:26:43.690497+00:00 consistent (balance=total, available=total-held>=0, held<=total) (2500, 0, 2500)
PASS [expired exp-2h created -3h]: cy view at 2026-10-02T22:26:43.690497+00:00 consistent (balance=total, available=total-held>=0, held<=total) (1, 1, 0)
PASS [expired exp-2h created -3h]: sum of totals at 2026-10-02T22:26:43.690497+00:00 == seeded total
PASS [expired exp-2h created -3h]: ada view at 2026-10-02T22:26:43.690498+00:00 consistent (balance=total, available=total-held>=0, held<=total) (9999, 0, 9999)
PASS [expired exp-2h created -3h]: bob view at 2026-10-02T22:26:43.690498+00:00 consistent (balance=total, available=total-held>=0, held<=total) (2500, 0, 2500)
PASS [expired exp-2h created -3h]: cy view at 2026-10-02T22:26:43.690498+00:00 consistent (balance=total, available=total-held>=0, held<=total) (1, 1, 0)
PASS [expired exp-2h created -3h]: sum of totals at 2026-10-02T22:26:43.690498+00:00 == seeded total
PASS [expired exp-2h created -3h]: ada view at 2026-10-02T22:26:43.690499+00:00 consistent (balance=total, available=total-held>=0, held<=total) (9999, 0, 9999)
PASS [expired exp-2h created -3h]: bob view at 2026-10-02T22:26:43.690499+00:00 consistent (balance=total, available=total-held>=0, held<=total) (2500, 0, 2500)
PASS [expired exp-2h created -3h]: cy view at 2026-10-02T22:26:43.690499+00:00 consistent (balance=total, available=total-held>=0, held<=total) (1, 1, 0)
PASS [expired exp-2h created -3h]: sum of totals at 2026-10-02T22:26:43.690499+00:00 == seeded total
PASS [expired exp-2h created -3h]: ada view at 1970-01-01T00:00:00.000000+00:00 consistent (balance=total, available=total-held>=0, held<=total) (10000, 0, 10000)
PASS [expired exp-2h created -3h]: bob view at 1970-01-01T00:00:00.000000+00:00 consistent (balance=total, available=total-held>=0, held<=total) (2500, 0, 2500)
PASS [expired exp-2h created -3h]: cy view at 1970-01-01T00:00:00.000000+00:00 consistent (balance=total, available=total-held>=0, held<=total) (0, 0, 0)
PASS [expired exp-2h created -3h]: sum of totals at 1970-01-01T00:00:00.000000+00:00 == seeded total
PASS [expired exp-2h created -3h]: ada view at 9999-12-31T23:59:59.000000+00:00 consistent (balance=total, available=total-held>=0, held<=total) (9999, 0, 9999)
PASS [expired exp-2h created -3h]: bob view at 9999-12-31T23:59:59.000000+00:00 consistent (balance=total, available=total-held>=0, held<=total) (2500, 0, 2500)
PASS [expired exp-2h created -3h]: cy view at 9999-12-31T23:59:59.000000+00:00 consistent (balance=total, available=total-held>=0, held<=total) (1, 0, 1)
PASS [expired exp-2h created -3h]: sum of totals at 9999-12-31T23:59:59.000000+00:00 == seeded total
PASS [expired exp-2h created -3h] a payment above available is refused (409 insufficient_funds) 9999
PASS [expired exp-2h created -3h] capture of a closed/expired seeded hold -> 409, never 201 (authorization_expired)
PASS [expired exp-2h created -3h] after the capture attempt: balances conserved, all views still consistent
PASS [expired exp-2h created -3h] export -> 200
PASS [expired exp-2h created -3h] import #1 of its own export -> 204
PASS [expired exp-2h created -3h] import #1: balances/held/available and every authorization field (closed_at, expires_at, payment_ids, status, created_at) unchanged
PASS [expired exp-2h created -3h] import #1: next payment stamped at its own request time (clock not moved by imported values)
PASS [expired exp-2h created -3h] import #2 of its own export -> 204
PASS [expired exp-2h created -3h] import #2: balances/held/available and every authorization field (closed_at, expires_at, payment_ids, status, created_at) unchanged
PASS [expired exp-2h created -3h] import #2: next payment stamped at its own request time (clock not moved by imported values)
PASS [expired exp-2h created +2h] reset -> 204 or 422 (never 5xx)
PASS [expired exp+2h created omitted] reset -> 204 or 422 (never 5xx)
FAIL [expired exp+2h created omitted] clock: new payment created_at within its request window (+-30 ms), not ratcheted by seeded values :: (R(201 b'{"payment_id":"p_1","from_user_id":"u_ada","from_handle":"ada","to_user_id":"u_cy","to_handle":"cy","amount":1,"currency":"EUR","note":"","visibility":"public","request_id":null,"settlement_id":null,"authorization_id":null,"created_at":"2026-10-03T00:26:43.805517+00:00"}'), '2026-10-02T22:26:43.842222+00:00', '2026-10-02T22:26:43.843202+00:00')
FAIL [expired exp+2h created omitted] clock: new authorization (cy has 1) created_at within its request window :: (R(201 b'{"authorization_id":"a_1","from_user_id":"u_cy","from_handle":"cy","to_user_id":"u_bob","to_handle":"bob","amount":1,"captured_amount":0,"remaining_amount":1,"currency":"EUR","note":"","visibility":"public","status":"open","expires_at":"2026-10-03T00:36:43+00:00","payment_id":null,"payment_ids":[],"'), '2026-10-02T22:26:43.847479+00:00', '2026-10-02T22:26:43.848445+00:00')
FAIL [expired exp+2h created omitted] hold created_at omitted -> the reset instant (between request start and end), not a truncated second :: ('2026-10-02T22:26:43+00:00', '2026-10-02T22:26:43.805516+00:00', '2026-10-02T22:26:43.814737+00:00')
FAIL [expired exp+2h created omitted] closed_at is never in the future (an event time) :: 2026-10-03T00:26:43.805516+00:00
PASS [expired exp+2h created omitted] open status iff closed_at null (status shown expired)
PASS [expired exp+2h created omitted] current /me held == 2000 exactly for a live seeded open hold, else 0 (0, 9999)
PASS [expired exp+2h created omitted]: ada view at 2026-10-02T22:26:42.999999+00:00 consistent (balance=total, available=total-held>=0, held<=total) (10000, 0, 10000)
PASS [expired exp+2h created omitted]: bob view at 2026-10-02T22:26:42.999999+00:00 consistent (balance=total, available=total-held>=0, held<=total) (2500, 0, 2500)
PASS [expired exp+2h created omitted]: cy view at 2026-10-02T22:26:42.999999+00:00 consistent (balance=total, available=total-held>=0, held<=total) (0, 0, 0)
PASS [expired exp+2h created omitted]: sum of totals at 2026-10-02T22:26:42.999999+00:00 == seeded total
PASS [expired exp+2h created omitted]: ada view at 2026-10-02T22:26:43.000000+00:00 consistent (balance=total, available=total-held>=0, held<=total) (10000, 0, 10000)
PASS [expired exp+2h created omitted]: bob view at 2026-10-02T22:26:43.000000+00:00 consistent (balance=total, available=total-held>=0, held<=total) (2500, 0, 2500)
PASS [expired exp+2h created omitted]: cy view at 2026-10-02T22:26:43.000000+00:00 consistent (balance=total, available=total-held>=0, held<=total) (0, 0, 0)
PASS [expired exp+2h created omitted]: sum of totals at 2026-10-02T22:26:43.000000+00:00 == seeded total
PASS [expired exp+2h created omitted]: ada view at 2026-10-02T22:26:43.000001+00:00 consistent (balance=total, available=total-held>=0, held<=total) (10000, 0, 10000)
PASS [expired exp+2h created omitted]: bob view at 2026-10-02T22:26:43.000001+00:00 consistent (balance=total, available=total-held>=0, held<=total) (2500, 0, 2500)
PASS [expired exp+2h created omitted]: cy view at 2026-10-02T22:26:43.000001+00:00 consistent (balance=total, available=total-held>=0, held<=total) (0, 0, 0)
PASS [expired exp+2h created omitted]: sum of totals at 2026-10-02T22:26:43.000001+00:00 == seeded total
PASS [expired exp+2h created omitted]: ada view at 2026-10-02T22:26:43.805515+00:00 consistent (balance=total, available=total-held>=0, held<=total) (10000, 0, 10000)
PASS [expired exp+2h created omitted]: bob view at 2026-10-02T22:26:43.805515+00:00 consistent (balance=total, available=total-held>=0, held<=total) (2500, 0, 2500)
PASS [expired exp+2h created omitted]: cy view at 2026-10-02T22:26:43.805515+00:00 consistent (balance=total, available=total-held>=0, held<=total) (0, 0, 0)
PASS [expired exp+2h created omitted]: sum of totals at 2026-10-02T22:26:43.805515+00:00 == seeded total
PASS [expired exp+2h created omitted]: ada view at 2026-10-02T22:26:43.805516+00:00 consistent (balance=total, available=total-held>=0, held<=total) (10000, 0, 10000)
PASS [expired exp+2h created omitted]: bob view at 2026-10-02T22:26:43.805516+00:00 consistent (balance=total, available=total-held>=0, held<=total) (2500, 0, 2500)
PASS [expired exp+2h created omitted]: cy view at 2026-10-02T22:26:43.805516+00:00 consistent (balance=total, available=total-held>=0, held<=total) (0, 0, 0)
PASS [expired exp+2h created omitted]: sum of totals at 2026-10-02T22:26:43.805516+00:00 == seeded total
PASS [expired exp+2h created omitted]: ada view at 2026-10-02T22:26:43.805517+00:00 consistent (balance=total, available=total-held>=0, held<=total) (10000, 0, 10000)
PASS [expired exp+2h created omitted]: bob view at 2026-10-02T22:26:43.805517+00:00 consistent (balance=total, available=total-held>=0, held<=total) (2500, 0, 2500)
PASS [expired exp+2h created omitted]: cy view at 2026-10-02T22:26:43.805517+00:00 consistent (balance=total, available=total-held>=0, held<=total) (0, 0, 0)
PASS [expired exp+2h created omitted]: sum of totals at 2026-10-02T22:26:43.805517+00:00 == seeded total
PASS [expired exp+2h created omitted]: ada view at 2026-10-02T22:26:43.814736+00:00 consistent (balance=total, available=total-held>=0, held<=total) (10000, 0, 10000)
PASS [expired exp+2h created omitted]: bob view at 2026-10-02T22:26:43.814736+00:00 consistent (balance=total, available=total-held>=0, held<=total) (2500, 0, 2500)
PASS [expired exp+2h created omitted]: cy view at 2026-10-02T22:26:43.814736+00:00 consistent (balance=total, available=total-held>=0, held<=total) (0, 0, 0)
PASS [expired exp+2h created omitted]: sum of totals at 2026-10-02T22:26:43.814736+00:00 == seeded total
PASS [expired exp+2h created omitted]: ada view at 2026-10-02T22:26:43.814737+00:00 consistent (balance=total, available=total-held>=0, held<=total) (10000, 0, 10000)
PASS [expired exp+2h created omitted]: bob view at 2026-10-02T22:26:43.814737+00:00 consistent (balance=total, available=total-held>=0, held<=total) (2500, 0, 2500)
PASS [expired exp+2h created omitted]: cy view at 2026-10-02T22:26:43.814737+00:00 consistent (balance=total, available=total-held>=0, held<=total) (0, 0, 0)
PASS [expired exp+2h created omitted]: sum of totals at 2026-10-02T22:26:43.814737+00:00 == seeded total
PASS [expired exp+2h created omitted]: ada view at 2026-10-02T22:26:43.814738+00:00 consistent (balance=total, available=total-held>=0, held<=total) (10000, 0, 10000)
PASS [expired exp+2h created omitted]: bob view at 2026-10-02T22:26:43.814738+00:00 consistent (balance=total, available=total-held>=0, held<=total) (2500, 0, 2500)
PASS [expired exp+2h created omitted]: cy view at 2026-10-02T22:26:43.814738+00:00 consistent (balance=total, available=total-held>=0, held<=total) (0, 0, 0)
PASS [expired exp+2h created omitted]: sum of totals at 2026-10-02T22:26:43.814738+00:00 == seeded total
PASS [expired exp+2h created omitted]: ada view at 2026-10-02T22:26:43.861972+00:00 consistent (balance=total, available=total-held>=0, held<=total) (10000, 0, 10000)
PASS [expired exp+2h created omitted]: bob view at 2026-10-02T22:26:43.861972+00:00 consistent (balance=total, available=total-held>=0, held<=total) (2500, 0, 2500)
PASS [expired exp+2h created omitted]: cy view at 2026-10-02T22:26:43.861972+00:00 consistent (balance=total, available=total-held>=0, held<=total) (0, 0, 0)
PASS [expired exp+2h created omitted]: sum of totals at 2026-10-02T22:26:43.861972+00:00 == seeded total
PASS [expired exp+2h created omitted]: ada view at 2026-10-02T22:26:43.861973+00:00 consistent (balance=total, available=total-held>=0, held<=total) (10000, 0, 10000)
PASS [expired exp+2h created omitted]: bob view at 2026-10-02T22:26:43.861973+00:00 consistent (balance=total, available=total-held>=0, held<=total) (2500, 0, 2500)
PASS [expired exp+2h created omitted]: cy view at 2026-10-02T22:26:43.861973+00:00 consistent (balance=total, available=total-held>=0, held<=total) (0, 0, 0)
PASS [expired exp+2h created omitted]: sum of totals at 2026-10-02T22:26:43.861973+00:00 == seeded total
PASS [expired exp+2h created omitted]: ada view at 2026-10-02T22:26:43.861974+00:00 consistent (balance=total, available=total-held>=0, held<=total) (10000, 0, 10000)
PASS [expired exp+2h created omitted]: bob view at 2026-10-02T22:26:43.861974+00:00 consistent (balance=total, available=total-held>=0, held<=total) (2500, 0, 2500)
PASS [expired exp+2h created omitted]: cy view at 2026-10-02T22:26:43.861974+00:00 consistent (balance=total, available=total-held>=0, held<=total) (0, 0, 0)
PASS [expired exp+2h created omitted]: sum of totals at 2026-10-02T22:26:43.861974+00:00 == seeded total
PASS [expired exp+2h created omitted]: ada view at 2026-10-03T00:26:43.805515+00:00 consistent (balance=total, available=total-held>=0, held<=total) (10000, 0, 10000)
PASS [expired exp+2h created omitted]: bob view at 2026-10-03T00:26:43.805515+00:00 consistent (balance=total, available=total-held>=0, held<=total) (2500, 0, 2500)
FAIL [expired exp+2h created omitted]: cy view at 2026-10-03T00:26:43.805515+00:00 consistent (balance=total, available=total-held>=0, held<=total) (0, 1, -1) :: {'user_id': 'u_cy', 'display_name': 'Cy', 'handle': 'cy', 'balance': 0, 'total': 0, 'available': -1, 'held': 1, 'currency': 'EUR', 'minor_units': 2, 'as_of': '2026-10-03T00:26:43.805515+00:00'}
PASS [expired exp+2h created omitted]: sum of totals at 2026-10-03T00:26:43.805515+00:00 == seeded total
PASS [expired exp+2h created omitted]: ada view at 2026-10-03T00:26:43.805516+00:00 consistent (balance=total, available=total-held>=0, held<=total) (10000, 0, 10000)
PASS [expired exp+2h created omitted]: bob view at 2026-10-03T00:26:43.805516+00:00 consistent (balance=total, available=total-held>=0, held<=total) (2500, 0, 2500)
FAIL [expired exp+2h created omitted]: cy view at 2026-10-03T00:26:43.805516+00:00 consistent (balance=total, available=total-held>=0, held<=total) (0, 1, -1) :: {'user_id': 'u_cy', 'display_name': 'Cy', 'handle': 'cy', 'balance': 0, 'total': 0, 'available': -1, 'held': 1, 'currency': 'EUR', 'minor_units': 2, 'as_of': '2026-10-03T00:26:43.805516+00:00'}
PASS [expired exp+2h created omitted]: sum of totals at 2026-10-03T00:26:43.805516+00:00 == seeded total
PASS [expired exp+2h created omitted]: ada view at 2026-10-03T00:26:43.805517+00:00 consistent (balance=total, available=total-held>=0, held<=total) (9999, 0, 9999)
PASS [expired exp+2h created omitted]: bob view at 2026-10-03T00:26:43.805517+00:00 consistent (balance=total, available=total-held>=0, held<=total) (2500, 0, 2500)
PASS [expired exp+2h created omitted]: cy view at 2026-10-03T00:26:43.805517+00:00 consistent (balance=total, available=total-held>=0, held<=total) (1, 1, 0)
PASS [expired exp+2h created omitted]: sum of totals at 2026-10-03T00:26:43.805517+00:00 == seeded total
PASS [expired exp+2h created omitted]: ada view at 1970-01-01T00:00:00.000000+00:00 consistent (balance=total, available=total-held>=0, held<=total) (10000, 0, 10000)
PASS [expired exp+2h created omitted]: bob view at 1970-01-01T00:00:00.000000+00:00 consistent (balance=total, available=total-held>=0, held<=total) (2500, 0, 2500)
PASS [expired exp+2h created omitted]: cy view at 1970-01-01T00:00:00.000000+00:00 consistent (balance=total, available=total-held>=0, held<=total) (0, 0, 0)
PASS [expired exp+2h created omitted]: sum of totals at 1970-01-01T00:00:00.000000+00:00 == seeded total
PASS [expired exp+2h created omitted]: ada view at 9999-12-31T23:59:59.000000+00:00 consistent (balance=total, available=total-held>=0, held<=total) (9999, 0, 9999)
PASS [expired exp+2h created omitted]: bob view at 9999-12-31T23:59:59.000000+00:00 consistent (balance=total, available=total-held>=0, held<=total) (2500, 0, 2500)
PASS [expired exp+2h created omitted]: cy view at 9999-12-31T23:59:59.000000+00:00 consistent (balance=total, available=total-held>=0, held<=total) (1, 0, 1)
PASS [expired exp+2h created omitted]: sum of totals at 9999-12-31T23:59:59.000000+00:00 == seeded total
PASS [expired exp+2h created omitted] a payment above available is refused (409 insufficient_funds) 9999
PASS [expired exp+2h created omitted] capture of a closed/expired seeded hold -> 409, never 201 (authorization_expired)
PASS [expired exp+2h created omitted] after the capture attempt: balances conserved, all views still consistent
PASS [expired exp+2h created omitted] export -> 200
PASS [expired exp+2h created omitted] import #1 of its own export -> 204
PASS [expired exp+2h created omitted] import #1: balances/held/available and every authorization field (closed_at, expires_at, payment_ids, status, created_at) unchanged
FAIL [expired exp+2h created omitted] import #1: next payment stamped at its own request time (clock not moved by imported values) :: (R(201 b'{"payment_id":"p_2","from_user_id":"u_bob","from_handle":"bob","to_user_id":"u_cy","to_handle":"cy","amount":1,"currency":"EUR","note":"","visibility":"public","request_id":null,"settlement_id":null,"authorization_id":null,"created_at":"2026-10-03T00:26:43.805518+00:00"}'), '2026-10-02T22:26:43.935666+00:00', '2026-10-02T22:26:43.936450+00:00')
PASS [expired exp+2h created omitted] import #2 of its own export -> 204
PASS [expired exp+2h created omitted] import #2: balances/held/available and every authorization field (closed_at, expires_at, payment_ids, status, created_at) unchanged
FAIL [expired exp+2h created omitted] import #2: next payment stamped at its own request time (clock not moved by imported values) :: (R(201 b'{"payment_id":"p_2","from_user_id":"u_bob","from_handle":"bob","to_user_id":"u_cy","to_handle":"cy","amount":1,"currency":"EUR","note":"","visibility":"public","request_id":null,"settlement_id":null,"authorization_id":null,"created_at":"2026-10-03T00:26:43.805518+00:00"}'), '2026-10-02T22:26:43.971983+00:00', '2026-10-02T22:26:43.972478+00:00')
PASS [expired exp+2h created -3h] reset -> 204 or 422 (never 5xx)
FAIL [expired exp+2h created -3h] clock: new payment created_at within its request window (+-30 ms), not ratcheted by seeded values :: (R(201 b'{"payment_id":"p_1","from_user_id":"u_ada","from_handle":"ada","to_user_id":"u_cy","to_handle":"cy","amount":1,"currency":"EUR","note":"","visibility":"public","request_id":null,"settlement_id":null,"authorization_id":null,"created_at":"2026-10-03T00:26:43.976690+00:00"}'), '2026-10-02T22:26:44.014055+00:00', '2026-10-02T22:26:44.014762+00:00')
FAIL [expired exp+2h created -3h] clock: new authorization (cy has 1) created_at within its request window :: (R(201 b'{"authorization_id":"a_1","from_user_id":"u_cy","from_handle":"cy","to_user_id":"u_bob","to_handle":"bob","amount":1,"captured_amount":0,"remaining_amount":1,"currency":"EUR","note":"","visibility":"public","status":"open","expires_at":"2026-10-03T00:36:43+00:00","payment_id":null,"payment_ids":[],"'), '2026-10-02T22:26:44.018924+00:00', '2026-10-02T22:26:44.019553+00:00')
PASS [expired exp+2h created -3h] supplied created_at kept
FAIL [expired exp+2h created -3h] closed_at is never in the future (an event time) :: 2026-10-03T00:26:43.976689+00:00
PASS [expired exp+2h created -3h] open status iff closed_at null (status shown expired)
PASS [expired exp+2h created -3h] current /me held == 2000 exactly for a live seeded open hold, else 0 (0, 9999)
PASS [expired exp+2h created -3h]: ada view at 2026-10-02T19:26:43.976688+00:00 consistent (balance=total, available=total-held>=0, held<=total) (10000, 0, 10000)
PASS [expired exp+2h created -3h]: bob view at 2026-10-02T19:26:43.976688+00:00 consistent (balance=total, available=total-held>=0, held<=total) (2500, 0, 2500)
PASS [expired exp+2h created -3h]: cy view at 2026-10-02T19:26:43.976688+00:00 consistent (balance=total, available=total-held>=0, held<=total) (0, 0, 0)
PASS [expired exp+2h created -3h]: sum of totals at 2026-10-02T19:26:43.976688+00:00 == seeded total
PASS [expired exp+2h created -3h]: ada view at 2026-10-02T19:26:43.976689+00:00 consistent (balance=total, available=total-held>=0, held<=total) (10000, 0, 10000)
PASS [expired exp+2h created -3h]: bob view at 2026-10-02T19:26:43.976689+00:00 consistent (balance=total, available=total-held>=0, held<=total) (2500, 0, 2500)
PASS [expired exp+2h created -3h]: cy view at 2026-10-02T19:26:43.976689+00:00 consistent (balance=total, available=total-held>=0, held<=total) (0, 0, 0)
PASS [expired exp+2h created -3h]: sum of totals at 2026-10-02T19:26:43.976689+00:00 == seeded total
PASS [expired exp+2h created -3h]: ada view at 2026-10-02T19:26:43.976690+00:00 consistent (balance=total, available=total-held>=0, held<=total) (10000, 0, 10000)
PASS [expired exp+2h created -3h]: bob view at 2026-10-02T19:26:43.976690+00:00 consistent (balance=total, available=total-held>=0, held<=total) (2500, 0, 2500)
PASS [expired exp+2h created -3h]: cy view at 2026-10-02T19:26:43.976690+00:00 consistent (balance=total, available=total-held>=0, held<=total) (0, 0, 0)
PASS [expired exp+2h created -3h]: sum of totals at 2026-10-02T19:26:43.976690+00:00 == seeded total
PASS [expired exp+2h created -3h]: ada view at 2026-10-02T22:26:43.976688+00:00 consistent (balance=total, available=total-held>=0, held<=total) (10000, 0, 10000)
PASS [expired exp+2h created -3h]: bob view at 2026-10-02T22:26:43.976688+00:00 consistent (balance=total, available=total-held>=0, held<=total) (2500, 0, 2500)
PASS [expired exp+2h created -3h]: cy view at 2026-10-02T22:26:43.976688+00:00 consistent (balance=total, available=total-held>=0, held<=total) (0, 0, 0)
PASS [expired exp+2h created -3h]: sum of totals at 2026-10-02T22:26:43.976688+00:00 == seeded total
PASS [expired exp+2h created -3h]: ada view at 2026-10-02T22:26:43.976689+00:00 consistent (balance=total, available=total-held>=0, held<=total) (10000, 0, 10000)
PASS [expired exp+2h created -3h]: bob view at 2026-10-02T22:26:43.976689+00:00 consistent (balance=total, available=total-held>=0, held<=total) (2500, 0, 2500)
PASS [expired exp+2h created -3h]: cy view at 2026-10-02T22:26:43.976689+00:00 consistent (balance=total, available=total-held>=0, held<=total) (0, 0, 0)
PASS [expired exp+2h created -3h]: sum of totals at 2026-10-02T22:26:43.976689+00:00 == seeded total
PASS [expired exp+2h created -3h]: ada view at 2026-10-02T22:26:43.976690+00:00 consistent (balance=total, available=total-held>=0, held<=total) (10000, 0, 10000)
PASS [expired exp+2h created -3h]: bob view at 2026-10-02T22:26:43.976690+00:00 consistent (balance=total, available=total-held>=0, held<=total) (2500, 0, 2500)
PASS [expired exp+2h created -3h]: cy view at 2026-10-02T22:26:43.976690+00:00 consistent (balance=total, available=total-held>=0, held<=total) (0, 0, 0)
PASS [expired exp+2h created -3h]: sum of totals at 2026-10-02T22:26:43.976690+00:00 == seeded total
PASS [expired exp+2h created -3h]: ada view at 2026-10-02T22:26:43.985768+00:00 consistent (balance=total, available=total-held>=0, held<=total) (10000, 0, 10000)
PASS [expired exp+2h created -3h]: bob view at 2026-10-02T22:26:43.985768+00:00 consistent (balance=total, available=total-held>=0, held<=total) (2500, 0, 2500)
PASS [expired exp+2h created -3h]: cy view at 2026-10-02T22:26:43.985768+00:00 consistent (balance=total, available=total-held>=0, held<=total) (0, 0, 0)
PASS [expired exp+2h created -3h]: sum of totals at 2026-10-02T22:26:43.985768+00:00 == seeded total
PASS [expired exp+2h created -3h]: ada view at 2026-10-02T22:26:43.985769+00:00 consistent (balance=total, available=total-held>=0, held<=total) (10000, 0, 10000)
PASS [expired exp+2h created -3h]: bob view at 2026-10-02T22:26:43.985769+00:00 consistent (balance=total, available=total-held>=0, held<=total) (2500, 0, 2500)
PASS [expired exp+2h created -3h]: cy view at 2026-10-02T22:26:43.985769+00:00 consistent (balance=total, available=total-held>=0, held<=total) (0, 0, 0)
PASS [expired exp+2h created -3h]: sum of totals at 2026-10-02T22:26:43.985769+00:00 == seeded total
PASS [expired exp+2h created -3h]: ada view at 2026-10-02T22:26:43.985770+00:00 consistent (balance=total, available=total-held>=0, held<=total) (10000, 0, 10000)
PASS [expired exp+2h created -3h]: bob view at 2026-10-02T22:26:43.985770+00:00 consistent (balance=total, available=total-held>=0, held<=total) (2500, 0, 2500)
PASS [expired exp+2h created -3h]: cy view at 2026-10-02T22:26:43.985770+00:00 consistent (balance=total, available=total-held>=0, held<=total) (0, 0, 0)
PASS [expired exp+2h created -3h]: sum of totals at 2026-10-02T22:26:43.985770+00:00 == seeded total
PASS [expired exp+2h created -3h]: ada view at 2026-10-02T22:26:44.028658+00:00 consistent (balance=total, available=total-held>=0, held<=total) (10000, 0, 10000)
PASS [expired exp+2h created -3h]: bob view at 2026-10-02T22:26:44.028658+00:00 consistent (balance=total, available=total-held>=0, held<=total) (2500, 0, 2500)
PASS [expired exp+2h created -3h]: cy view at 2026-10-02T22:26:44.028658+00:00 consistent (balance=total, available=total-held>=0, held<=total) (0, 0, 0)
PASS [expired exp+2h created -3h]: sum of totals at 2026-10-02T22:26:44.028658+00:00 == seeded total
PASS [expired exp+2h created -3h]: ada view at 2026-10-02T22:26:44.028659+00:00 consistent (balance=total, available=total-held>=0, held<=total) (10000, 0, 10000)
PASS [expired exp+2h created -3h]: bob view at 2026-10-02T22:26:44.028659+00:00 consistent (balance=total, available=total-held>=0, held<=total) (2500, 0, 2500)
PASS [expired exp+2h created -3h]: cy view at 2026-10-02T22:26:44.028659+00:00 consistent (balance=total, available=total-held>=0, held<=total) (0, 0, 0)
PASS [expired exp+2h created -3h]: sum of totals at 2026-10-02T22:26:44.028659+00:00 == seeded total
PASS [expired exp+2h created -3h]: ada view at 2026-10-02T22:26:44.028660+00:00 consistent (balance=total, available=total-held>=0, held<=total) (10000, 0, 10000)
PASS [expired exp+2h created -3h]: bob view at 2026-10-02T22:26:44.028660+00:00 consistent (balance=total, available=total-held>=0, held<=total) (2500, 0, 2500)
PASS [expired exp+2h created -3h]: cy view at 2026-10-02T22:26:44.028660+00:00 consistent (balance=total, available=total-held>=0, held<=total) (0, 0, 0)
PASS [expired exp+2h created -3h]: sum of totals at 2026-10-02T22:26:44.028660+00:00 == seeded total
PASS [expired exp+2h created -3h]: ada view at 2026-10-03T00:26:43.976688+00:00 consistent (balance=total, available=total-held>=0, held<=total) (10000, 0, 10000)
PASS [expired exp+2h created -3h]: bob view at 2026-10-03T00:26:43.976688+00:00 consistent (balance=total, available=total-held>=0, held<=total) (2500, 0, 2500)
FAIL [expired exp+2h created -3h]: cy view at 2026-10-03T00:26:43.976688+00:00 consistent (balance=total, available=total-held>=0, held<=total) (0, 1, -1) :: {'user_id': 'u_cy', 'display_name': 'Cy', 'handle': 'cy', 'balance': 0, 'total': 0, 'available': -1, 'held': 1, 'currency': 'EUR', 'minor_units': 2, 'as_of': '2026-10-03T00:26:43.976688+00:00'}
PASS [expired exp+2h created -3h]: sum of totals at 2026-10-03T00:26:43.976688+00:00 == seeded total
PASS [expired exp+2h created -3h]: ada view at 2026-10-03T00:26:43.976689+00:00 consistent (balance=total, available=total-held>=0, held<=total) (10000, 0, 10000)
PASS [expired exp+2h created -3h]: bob view at 2026-10-03T00:26:43.976689+00:00 consistent (balance=total, available=total-held>=0, held<=total) (2500, 0, 2500)
FAIL [expired exp+2h created -3h]: cy view at 2026-10-03T00:26:43.976689+00:00 consistent (balance=total, available=total-held>=0, held<=total) (0, 1, -1) :: {'user_id': 'u_cy', 'display_name': 'Cy', 'handle': 'cy', 'balance': 0, 'total': 0, 'available': -1, 'held': 1, 'currency': 'EUR', 'minor_units': 2, 'as_of': '2026-10-03T00:26:43.976689+00:00'}
PASS [expired exp+2h created -3h]: sum of totals at 2026-10-03T00:26:43.976689+00:00 == seeded total
PASS [expired exp+2h created -3h]: ada view at 2026-10-03T00:26:43.976690+00:00 consistent (balance=total, available=total-held>=0, held<=total) (9999, 0, 9999)
PASS [expired exp+2h created -3h]: bob view at 2026-10-03T00:26:43.976690+00:00 consistent (balance=total, available=total-held>=0, held<=total) (2500, 0, 2500)
PASS [expired exp+2h created -3h]: cy view at 2026-10-03T00:26:43.976690+00:00 consistent (balance=total, available=total-held>=0, held<=total) (1, 1, 0)
PASS [expired exp+2h created -3h]: sum of totals at 2026-10-03T00:26:43.976690+00:00 == seeded total
PASS [expired exp+2h created -3h]: ada view at 1970-01-01T00:00:00.000000+00:00 consistent (balance=total, available=total-held>=0, held<=total) (10000, 0, 10000)
PASS [expired exp+2h created -3h]: bob view at 1970-01-01T00:00:00.000000+00:00 consistent (balance=total, available=total-held>=0, held<=total) (2500, 0, 2500)
PASS [expired exp+2h created -3h]: cy view at 1970-01-01T00:00:00.000000+00:00 consistent (balance=total, available=total-held>=0, held<=total) (0, 0, 0)
PASS [expired exp+2h created -3h]: sum of totals at 1970-01-01T00:00:00.000000+00:00 == seeded total
PASS [expired exp+2h created -3h]: ada view at 9999-12-31T23:59:59.000000+00:00 consistent (balance=total, available=total-held>=0, held<=total) (9999, 0, 9999)
PASS [expired exp+2h created -3h]: bob view at 9999-12-31T23:59:59.000000+00:00 consistent (balance=total, available=total-held>=0, held<=total) (2500, 0, 2500)
PASS [expired exp+2h created -3h]: cy view at 9999-12-31T23:59:59.000000+00:00 consistent (balance=total, available=total-held>=0, held<=total) (1, 0, 1)
PASS [expired exp+2h created -3h]: sum of totals at 9999-12-31T23:59:59.000000+00:00 == seeded total
PASS [expired exp+2h created -3h] a payment above available is refused (409 insufficient_funds) 9999
PASS [expired exp+2h created -3h] capture of a closed/expired seeded hold -> 409, never 201 (authorization_expired)
PASS [expired exp+2h created -3h] after the capture attempt: balances conserved, all views still consistent
PASS [expired exp+2h created -3h] export -> 200
PASS [expired exp+2h created -3h] import #1 of its own export -> 204
PASS [expired exp+2h created -3h] import #1: balances/held/available and every authorization field (closed_at, expires_at, payment_ids, status, created_at) unchanged
FAIL [expired exp+2h created -3h] import #1: next payment stamped at its own request time (clock not moved by imported values) :: (R(201 b'{"payment_id":"p_2","from_user_id":"u_bob","from_handle":"bob","to_user_id":"u_cy","to_handle":"cy","amount":1,"currency":"EUR","note":"","visibility":"public","request_id":null,"settlement_id":null,"authorization_id":null,"created_at":"2026-10-03T00:26:43.976691+00:00"}'), '2026-10-02T22:26:44.095453+00:00', '2026-10-02T22:26:44.096072+00:00')
PASS [expired exp+2h created -3h] import #2 of its own export -> 204
PASS [expired exp+2h created -3h] import #2: balances/held/available and every authorization field (closed_at, expires_at, payment_ids, status, created_at) unchanged
FAIL [expired exp+2h created -3h] import #2: next payment stamped at its own request time (clock not moved by imported values) :: (R(201 b'{"payment_id":"p_2","from_user_id":"u_bob","from_handle":"bob","to_user_id":"u_cy","to_handle":"cy","amount":1,"currency":"EUR","note":"","visibility":"public","request_id":null,"settlement_id":null,"authorization_id":null,"created_at":"2026-10-03T00:26:43.976691+00:00"}'), '2026-10-02T22:26:44.131110+00:00', '2026-10-02T22:26:44.131700+00:00')
PASS [expired exp+2h created +2h] reset -> 204 or 422 (never 5xx)
FAIL funded seed: seeded payment and seeded hold both default to the reset instant; the payment is not later than the hold it funds :: ('2026-10-02T22:26:44.145546+00:00', '2026-10-02T22:26:44+00:00')
PASS funded seed: ada view at 2026-10-02T22:26:43.999999+00:00 consistent (balance=total, available=total-held>=0, held<=total) (10000, 0, 10000)
PASS funded seed: bob view at 2026-10-02T22:26:43.999999+00:00 consistent (balance=total, available=total-held>=0, held<=total) (0, 0, 0)
PASS funded seed: cy view at 2026-10-02T22:26:43.999999+00:00 consistent (balance=total, available=total-held>=0, held<=total) (0, 0, 0)
PASS funded seed: sum of totals at 2026-10-02T22:26:43.999999+00:00 == seeded total
PASS funded seed: ada view at 2026-10-02T22:26:44.000000+00:00 consistent (balance=total, available=total-held>=0, held<=total) (10000, 0, 10000)
FAIL funded seed: bob view at 2026-10-02T22:26:44.000000+00:00 consistent (balance=total, available=total-held>=0, held<=total) (0, 1500, -1500) :: {'user_id': 'u_bob', 'display_name': 'Bob', 'handle': 'bob', 'balance': 0, 'total': 0, 'available': -1500, 'held': 1500, 'currency': 'EUR', 'minor_units': 2, 'as_of': '2026-10-02T22:26:44.000000+00:00'}
PASS funded seed: cy view at 2026-10-02T22:26:44.000000+00:00 consistent (balance=total, available=total-held>=0, held<=total) (0, 0, 0)
PASS funded seed: sum of totals at 2026-10-02T22:26:44.000000+00:00 == seeded total
PASS funded seed: ada view at 2026-10-02T22:26:44.000001+00:00 consistent (balance=total, available=total-held>=0, held<=total) (10000, 0, 10000)
FAIL funded seed: bob view at 2026-10-02T22:26:44.000001+00:00 consistent (balance=total, available=total-held>=0, held<=total) (0, 1500, -1500) :: {'user_id': 'u_bob', 'display_name': 'Bob', 'handle': 'bob', 'balance': 0, 'total': 0, 'available': -1500, 'held': 1500, 'currency': 'EUR', 'minor_units': 2, 'as_of': '2026-10-02T22:26:44.000001+00:00'}
PASS funded seed: cy view at 2026-10-02T22:26:44.000001+00:00 consistent (balance=total, available=total-held>=0, held<=total) (0, 0, 0)
PASS funded seed: sum of totals at 2026-10-02T22:26:44.000001+00:00 == seeded total
PASS funded seed: ada view at 2026-10-02T22:26:44.145545+00:00 consistent (balance=total, available=total-held>=0, held<=total) (10000, 0, 10000)
FAIL funded seed: bob view at 2026-10-02T22:26:44.145545+00:00 consistent (balance=total, available=total-held>=0, held<=total) (0, 1500, -1500) :: {'user_id': 'u_bob', 'display_name': 'Bob', 'handle': 'bob', 'balance': 0, 'total': 0, 'available': -1500, 'held': 1500, 'currency': 'EUR', 'minor_units': 2, 'as_of': '2026-10-02T22:26:44.145545+00:00'}
PASS funded seed: cy view at 2026-10-02T22:26:44.145545+00:00 consistent (balance=total, available=total-held>=0, held<=total) (0, 0, 0)
PASS funded seed: sum of totals at 2026-10-02T22:26:44.145545+00:00 == seeded total
PASS funded seed: ada view at 2026-10-02T22:26:44.145546+00:00 consistent (balance=total, available=total-held>=0, held<=total) (8000, 0, 8000)
PASS funded seed: bob view at 2026-10-02T22:26:44.145546+00:00 consistent (balance=total, available=total-held>=0, held<=total) (2000, 1500, 500)
PASS funded seed: cy view at 2026-10-02T22:26:44.145546+00:00 consistent (balance=total, available=total-held>=0, held<=total) (0, 0, 0)
PASS funded seed: sum of totals at 2026-10-02T22:26:44.145546+00:00 == seeded total
PASS funded seed: ada view at 2026-10-02T22:26:44.145547+00:00 consistent (balance=total, available=total-held>=0, held<=total) (8000, 0, 8000)
PASS funded seed: bob view at 2026-10-02T22:26:44.145547+00:00 consistent (balance=total, available=total-held>=0, held<=total) (2000, 1500, 500)
PASS funded seed: cy view at 2026-10-02T22:26:44.145547+00:00 consistent (balance=total, available=total-held>=0, held<=total) (0, 0, 0)
PASS funded seed: sum of totals at 2026-10-02T22:26:44.145547+00:00 == seeded total
FAIL funded seed: at as_of = authorization.created_at bob has total 2000 held 1500 available 500 :: {'user_id': 'u_bob', 'display_name': 'Bob', 'handle': 'bob', 'balance': 0, 'total': 0, 'available': -1500, 'held': 1500, 'currency': 'EUR', 'minor_units': 2, 'as_of': '2026-10-02T22:26:44.000000+00:00'}
PASS funded seed (payment 1h ago): view at hold creation total 2000 held 1500 available 500
INFO host wall-clock steps seen during this run: []
== r3_seedmatrix (24 cases): 1263 pass, 132 fail, 1495 requests, 0 5xx, max latency 0.012s, p99 0.010s
FAILED: ['[open exp-2h created omitted] clock: new authorization (cy has 1) created_at within its request window', '[open exp-2h created omitted] hold created_at omitted -> the reset instant (between request start and end), not a truncated second', '[open exp-2h created omitted]: cy view at 2026-10-02T22:26:41.000000+00:00 consistent (balance=total, available=total-held>=0, held<=total) (0, 1, -1)', '[open exp-2h created omitted]: cy view at 2026-10-02T22:26:41.000001+00:00 consistent (balance=total, available=total-held>=0, held<=total) (0, 1, -1)', '[open exp-2h created omitted]: cy view at 2026-10-02T22:26:41.377993+00:00 consistent (balance=total, available=total-held>=0, held<=total) (0, 1, -1)', '[open exp-2h created omitted]: cy view at 2026-10-02T22:26:41.377994+00:00 consistent (balance=total, available=total-held>=0, held<=total) (0, 1, -1)', '[open exp-2h created omitted]: cy view at 2026-10-02T22:26:41.377995+00:00 consistent (balance=total, available=total-held>=0, held<=total) (0, 1, -1)', '[open exp-2h created omitted]: cy view at 2026-10-02T22:26:41.389661+00:00 consistent (balance=total, available=total-held>=0, held<=total) (0, 1, -1)', '[open exp-2h created omitted]: cy view at 2026-10-02T22:26:41.389662+00:00 consistent (balance=total, available=total-held>=0, held<=total) (0, 1, -1)', '[open exp-2h created omitted]: cy view at 2026-10-02T22:26:41.389663+00:00 consistent (balance=total, available=total-held>=0, held<=total) (0, 1, -1)', '[open exp-2h created -3h] clock: new authorization (cy has 1) created_at within its request window', '[open exp-2h created -3h]: cy view at 2026-10-02T22:26:41.559686+00:00 consistent (balance=total, available=total-held>=0, held<=total) (0, 1, -1)', '[open exp-2h created -3h]: cy view at 2026-10-02T22:26:41.559687+00:00 consistent (balance=total, available=total-held>=0, held<=total) (0, 1, -1)', '[open exp-2h created -3h]: cy view at 2026-10-02T22:26:41.559688+00:00 consistent (balance=total, available=total-held>=0, held<=total) (0, 1, -1)', '[open exp-2h created -3h]: cy view at 2026-10-02T22:26:41.569334+00:00 consistent (balance=total, available=total-held>=0, held<=total) (0, 1, -1)', '[open exp-2h created -3h]: cy view at 2026-10-02T22:26:41.569335+00:00 consistent (balance=total, available=total-held>=0, held<=total) (0, 1, -1)', '[open exp-2h created -3h]: cy view at 2026-10-02T22:26:41.569336+00:00 consistent (balance=total, available=total-held>=0, held<=total) (0, 1, -1)', '[open exp+2h created omitted] clock: new authorization (cy has 1) created_at within its request window', '[open exp+2h created omitted] hold created_at omitted -> the reset instant (between request start and end), not a truncated second', '[open exp+2h created omitted]: cy view at 2026-10-02T22:26:41.000000+00:00 consistent (balance=total, available=total-held>=0, held<=total) (0, 1, -1)', '[open exp+2h created omitted]: cy view at 2026-10-02T22:26:41.000001+00:00 consistent (balance=total, available=total-held>=0, held<=total) (0, 1, -1)', '[open exp+2h created omitted]: cy view at 2026-10-02T22:26:41.744450+00:00 consistent (balance=total, available=total-held>=0, held<=total) (0, 1, -1)', '[open exp+2h created omitted]: cy view at 2026-10-02T22:26:41.744451+00:00 consistent (balance=total, available=total-held>=0, held<=total) (0, 1, -1)', '[open exp+2h created omitted]: cy view at 2026-10-02T22:26:41.744452+00:00 consistent (balance=total, available=total-held>=0, held<=total) (0, 1, -1)', '[open exp+2h created omitted]: cy view at 2026-10-02T22:26:41.753958+00:00 consistent (balance=total, available=total-held>=0, held<=total) (0, 1, -1)', '[open exp+2h created omitted]: cy view at 2026-10-02T22:26:41.753959+00:00 consistent (balance=total, available=total-held>=0, held<=total) (0, 1, -1)', '[open exp+2h created omitted]: cy view at 2026-10-02T22:26:41.753960+00:00 consistent (balance=total, available=total-held>=0, held<=total) (0, 1, -1)', '[open exp+2h created -3h] clock: new authorization (cy has 1) created_at within its request window', '[open exp+2h created -3h]: cy view at 2026-10-02T22:26:41.914871+00:00 consistent (balance=total, available=total-held>=0, held<=total) (0, 1, -1)', '[open exp+2h created -3h]: cy view at 2026-10-02T22:26:41.914872+00:00 consistent (balance=total, available=total-held>=0, held<=total) (0, 1, -1)', '[open exp+2h created -3h]: cy view at 2026-10-02T22:26:41.914873+00:00 consistent (balance=total, available=total-held>=0, held<=total) (0, 1, -1)', '[open exp+2h created -3h]: cy view at 2026-10-02T22:26:41.924436+00:00 consistent (balance=total, available=total-held>=0, held<=total) (0, 1, -1)', '[open exp+2h created -3h]: cy view at 2026-10-02T22:26:41.924437+00:00 consistent (balance=total, available=total-held>=0, held<=total) (0, 1, -1)', '[open exp+2h created -3h]: cy view at 2026-10-02T22:26:41.924438+00:00 consistent (balance=total, available=total-held>=0, held<=total) (0, 1, -1)', '[captured exp-2h created omitted] clock: new authorization (cy has 1) created_at within its request window', '[captured exp-2h created omitted] hold created_at omitted -> the reset instant (between request start and end), not a truncated second', '[captured exp-2h created omitted]: cy view at 2026-10-02T22:26:42.000000+00:00 consistent (balance=total, available=total-held>=0, held<=total) (0, 1, -1)', '[captured exp-2h created omitted]: cy view at 2026-10-02T22:26:42.000001+00:00 consistent (balance=total, available=total-held>=0, held<=total) (0, 1, -1)', '[captured exp-2h created omitted]: cy view at 2026-10-02T22:26:42.093760+00:00 consistent (balance=total, available=total-held>=0, held<=total) (0, 1, -1)', '[captured exp-2h created omitted]: cy view at 2026-10-02T22:26:42.093761+00:00 consistent (balance=total, available=total-held>=0, held<=total) (0, 1, -1)', '[captured exp-2h created omitted]: cy view at 2026-10-02T22:26:42.093762+00:00 consistent (balance=total, available=total-held>=0, held<=total) (0, 1, -1)', '[captured exp-2h created omitted]: cy view at 2026-10-02T22:26:42.103249+00:00 consistent (balance=total, available=total-held>=0, held<=total) (0, 1, -1)', '[captured exp-2h created omitted]: cy view at 2026-10-02T22:26:42.103250+00:00 consistent (balance=total, available=total-held>=0, held<=total) (0, 1, -1)', '[captured exp-2h created omitted]: cy view at 2026-10-02T22:26:42.103251+00:00 consistent (balance=total, available=total-held>=0, held<=total) (0, 1, -1)', '[captured exp-2h created -3h] clock: new authorization (cy has 1) created_at within its request window', '[captured exp-2h created -3h]: cy view at 2026-10-02T22:26:42.265506+00:00 consistent (balance=total, available=total-held>=0, held<=total) (0, 1, -1)', '[captured exp-2h created -3h]: cy view at 2026-10-02T22:26:42.265507+00:00 consistent (balance=total, available=total-held>=0, held<=total) (0, 1, -1)', '[captured exp-2h created -3h]: cy view at 2026-10-02T22:26:42.265508+00:00 consistent (balance=total, available=total-held>=0, held<=total) (0, 1, -1)', '[captured exp-2h created -3h]: cy view at 2026-10-02T22:26:42.275055+00:00 consistent (balance=total, available=total-held>=0, held<=total) (0, 1, -1)', '[captured exp-2h created -3h]: cy view at 2026-10-02T22:26:42.275056+00:00 consistent (balance=total, available=total-held>=0, held<=total) (0, 1, -1)', '[captured exp-2h created -3h]: cy view at 2026-10-02T22:26:42.275057+00:00 consistent (balance=total, available=total-held>=0, held<=total) (0, 1, -1)', '[captured exp+2h created omitted] clock: new authorization (cy has 1) created_at within its request window', '[captured exp+2h created omitted] hold created_at omitted -> the reset instant (between request start and end), not a truncated second', '[captured exp+2h created omitted]: cy view at 2026-10-02T22:26:42.000000+00:00 consistent (balance=total, available=total-held>=0, held<=total) (0, 1, -1)', '[captured exp+2h created omitted]: cy view at 2026-10-02T22:26:42.000001+00:00 consistent (balance=total, available=total-held>=0, held<=total) (0, 1, -1)', '[captured exp+2h created omitted]: cy view at 2026-10-02T22:26:42.443103+00:00 consistent (balance=total, available=total-held>=0, held<=total) (0, 1, -1)', '[captured exp+2h created omitted]: cy view at 2026-10-02T22:26:42.443104+00:00 consistent (balance=total, available=total-held>=0, held<=total) (0, 1, -1)', '[captured exp+2h created omitted]: cy view at 2026-10-02T22:26:42.443105+00:00 consistent (balance=total, available=total-held>=0, held<=total) (0, 1, -1)', '[captured exp+2h created omitted]: cy view at 2026-10-02T22:26:42.453178+00:00 consistent (balance=total, available=total-held>=0, held<=total) (0, 1, -1)', '[captured exp+2h created omitted]: cy view at 2026-10-02T22:26:42.453179+00:00 consistent (balance=total, available=total-held>=0, held<=total) (0, 1, -1)', '[captured exp+2h created omitted]: cy view at 2026-10-02T22:26:42.453180+00:00 consistent (balance=total, available=total-held>=0, held<=total) (0, 1, -1)', '[captured exp+2h created -3h] clock: new authorization (cy has 1) created_at within its request window', '[captured exp+2h created -3h]: cy view at 2026-10-02T22:26:42.620972+00:00 consistent (balance=total, available=total-held>=0, held<=total) (0, 1, -1)', '[captured exp+2h created -3h]: cy view at 2026-10-02T22:26:42.620973+00:00 consistent (balance=total, available=total-held>=0, held<=total) (0, 1, -1)', '[captured exp+2h created -3h]: cy view at 2026-10-02T22:26:42.620974+00:00 consistent (balance=total, available=total-held>=0, held<=total) (0, 1, -1)', '[captured exp+2h created -3h]: cy view at 2026-10-02T22:26:42.630680+00:00 consistent (balance=total, available=total-held>=0, held<=total) (0, 1, -1)', '[captured exp+2h created -3h]: cy view at 2026-10-02T22:26:42.630681+00:00 consistent (balance=total, available=total-held>=0, held<=total) (0, 1, -1)', '[captured exp+2h created -3h]: cy view at 2026-10-02T22:26:42.630682+00:00 consistent (balance=total, available=total-held>=0, held<=total) (0, 1, -1)', '[voided exp-2h created omitted] clock: new authorization (cy has 1) created_at within its request window', '[voided exp-2h created omitted] hold created_at omitted -> the reset instant (between request start and end), not a truncated second', '[voided exp-2h created omitted]: cy view at 2026-10-02T22:26:42.000000+00:00 consistent (balance=total, available=total-held>=0, held<=total) (0, 1, -1)', '[voided exp-2h created omitted]: cy view at 2026-10-02T22:26:42.000001+00:00 consistent (balance=total, available=total-held>=0, held<=total) (0, 1, -1)', '[voided exp-2h created omitted]: cy view at 2026-10-02T22:26:42.793003+00:00 consistent (balance=total, available=total-held>=0, held<=total) (0, 1, -1)', '[voided exp-2h created omitted]: cy view at 2026-10-02T22:26:42.793004+00:00 consistent (balance=total, available=total-held>=0, held<=total) (0, 1, -1)', '[voided exp-2h created omitted]: cy view at 2026-10-02T22:26:42.793005+00:00 consistent (balance=total, available=total-held>=0, held<=total) (0, 1, -1)', '[voided exp-2h created omitted]: cy view at 2026-10-02T22:26:42.802143+00:00 consistent (balance=total, available=total-held>=0, held<=total) (0, 1, -1)', '[voided exp-2h created omitted]: cy view at 2026-10-02T22:26:42.802144+00:00 consistent (balance=total, available=total-held>=0, held<=total) (0, 1, -1)', '[voided exp-2h created omitted]: cy view at 2026-10-02T22:26:42.802145+00:00 consistent (balance=total, available=total-held>=0, held<=total) (0, 1, -1)', '[voided exp+2h created omitted] clock: new authorization (cy has 1) created_at within its request window', '[voided exp+2h created omitted] hold created_at omitted -> the reset instant (between request start and end), not a truncated second', '[voided exp+2h created omitted]: cy view at 2026-10-02T22:26:43.000000+00:00 consistent (balance=total, available=total-held>=0, held<=total) (0, 1, -1)', '[voided exp+2h created omitted]: cy view at 2026-10-02T22:26:43.000001+00:00 consistent (balance=total, available=total-held>=0, held<=total) (0, 1, -1)', '[voided exp+2h created omitted]: cy view at 2026-10-02T22:26:43.132820+00:00 consistent (balance=total, available=total-held>=0, held<=total) (0, 1, -1)', '[voided exp+2h created omitted]: cy view at 2026-10-02T22:26:43.132821+00:00 consistent (balance=total, available=total-held>=0, held<=total) (0, 1, -1)', '[voided exp+2h created omitted]: cy view at 2026-10-02T22:26:43.132822+00:00 consistent (balance=total, available=total-held>=0, held<=total) (0, 1, -1)', '[voided exp+2h created omitted]: cy view at 2026-10-02T22:26:43.142016+00:00 consistent (balance=total, available=total-held>=0, held<=total) (0, 1, -1)', '[voided exp+2h created omitted]: cy view at 2026-10-02T22:26:43.142017+00:00 consistent (balance=total, available=total-held>=0, held<=total) (0, 1, -1)', '[voided exp+2h created omitted]: cy view at 2026-10-02T22:26:43.142018+00:00 consistent (balance=total, available=total-held>=0, held<=total) (0, 1, -1)', '[voided exp+2h created -3h] clock: new authorization (cy has 1) created_at within its request window', '[voided exp+2h created -3h]: cy view at 2026-10-02T22:26:43.298422+00:00 consistent (balance=total, available=total-held>=0, held<=total) (0, 1, -1)', '[voided exp+2h created -3h]: cy view at 2026-10-02T22:26:43.298423+00:00 consistent (balance=total, available=total-held>=0, held<=total) (0, 1, -1)', '[voided exp+2h created -3h]: cy view at 2026-10-02T22:26:43.298424+00:00 consistent (balance=total, available=total-held>=0, held<=total) (0, 1, -1)', '[voided exp+2h created -3h]: cy view at 2026-10-02T22:26:43.308013+00:00 consistent (balance=total, available=total-held>=0, held<=total) (0, 1, -1)', '[voided exp+2h created -3h]: cy view at 2026-10-02T22:26:43.308014+00:00 consistent (balance=total, available=total-held>=0, held<=total) (0, 1, -1)', '[voided exp+2h created -3h]: cy view at 2026-10-02T22:26:43.308015+00:00 consistent (balance=total, available=total-held>=0, held<=total) (0, 1, -1)', '[expired exp-2h created omitted] clock: new authorization (cy has 1) created_at within its request window', '[expired exp-2h created omitted] hold created_at omitted -> the reset instant (between request start and end), not a truncated second', '[expired exp-2h created omitted]: cy view at 2026-10-02T22:26:43.000000+00:00 consistent (balance=total, available=total-held>=0, held<=total) (0, 1, -1)', '[expired exp-2h created omitted]: cy view at 2026-10-02T22:26:43.000001+00:00 consistent (balance=total, available=total-held>=0, held<=total) (0, 1, -1)', '[expired exp-2h created omitted]: cy view at 2026-10-02T22:26:43.473100+00:00 consistent (balance=total, available=total-held>=0, held<=total) (0, 1, -1)', '[expired exp-2h created omitted]: cy view at 2026-10-02T22:26:43.473101+00:00 consistent (balance=total, available=total-held>=0, held<=total) (0, 1, -1)', '[expired exp-2h created omitted]: cy view at 2026-10-02T22:26:43.473102+00:00 consistent (balance=total, available=total-held>=0, held<=total) (0, 1, -1)', '[expired exp-2h created omitted]: cy view at 2026-10-02T22:26:43.482441+00:00 consistent (balance=total, available=total-held>=0, held<=total) (0, 1, -1)', '[expired exp-2h created omitted]: cy view at 2026-10-02T22:26:43.482442+00:00 consistent (balance=total, available=total-held>=0, held<=total) (0, 1, -1)', '[expired exp-2h created omitted]: cy view at 2026-10-02T22:26:43.482443+00:00 consistent (balance=total, available=total-held>=0, held<=total) (0, 1, -1)', '[expired exp-2h created -3h] clock: new authorization (cy has 1) created_at within its request window', '[expired exp-2h created -3h]: cy view at 2026-10-02T22:26:43.638182+00:00 consistent (balance=total, available=total-held>=0, held<=total) (0, 1, -1)', '[expired exp-2h created -3h]: cy view at 2026-10-02T22:26:43.638183+00:00 consistent (balance=total, available=total-held>=0, held<=total) (0, 1, -1)', '[expired exp-2h created -3h]: cy view at 2026-10-02T22:26:43.638184+00:00 consistent (balance=total, available=total-held>=0, held<=total) (0, 1, -1)', '[expired exp-2h created -3h]: cy view at 2026-10-02T22:26:43.647522+00:00 consistent (balance=total, available=total-held>=0, held<=total) (0, 1, -1)', '[expired exp-2h created -3h]: cy view at 2026-10-02T22:26:43.647523+00:00 consistent (balance=total, available=total-held>=0, held<=total) (0, 1, -1)', '[expired exp-2h created -3h]: cy view at 2026-10-02T22:26:43.647524+00:00 consistent (balance=total, available=total-held>=0, held<=total) (0, 1, -1)', '[expired exp+2h created omitted] clock: new payment created_at within its request window (+-30 ms), not ratcheted by seeded values', '[expired exp+2h created omitted] clock: new authorization (cy has 1) created_at within its request window', '[expired exp+2h created omitted] hold created_at omitted -> the reset instant (between request start and end), not a truncated second', '[expired exp+2h created omitted] closed_at is never in the future (an event time)', '[expired exp+2h created omitted]: cy view at 2026-10-03T00:26:43.805515+00:00 consistent (balance=total, available=total-held>=0, held<=total) (0, 1, -1)', '[expired exp+2h created omitted]: cy view at 2026-10-03T00:26:43.805516+00:00 consistent (balance=total, available=total-held>=0, held<=total) (0, 1, -1)', '[expired exp+2h created omitted] import #1: next payment stamped at its own request time (clock not moved by imported values)', '[expired exp+2h created omitted] import #2: next payment stamped at its own request time (clock not moved by imported values)', '[expired exp+2h created -3h] clock: new payment created_at within its request window (+-30 ms), not ratcheted by seeded values', '[expired exp+2h created -3h] clock: new authorization (cy has 1) created_at within its request window', '[expired exp+2h created -3h] closed_at is never in the future (an event time)', '[expired exp+2h created -3h]: cy view at 2026-10-03T00:26:43.976688+00:00 consistent (balance=total, available=total-held>=0, held<=total) (0, 1, -1)', '[expired exp+2h created -3h]: cy view at 2026-10-03T00:26:43.976689+00:00 consistent (balance=total, available=total-held>=0, held<=total) (0, 1, -1)', '[expired exp+2h created -3h] import #1: next payment stamped at its own request time (clock not moved by imported values)', '[expired exp+2h created -3h] import #2: next payment stamped at its own request time (clock not moved by imported values)', 'funded seed: seeded payment and seeded hold both default to the reset instant; the payment is not later than the hold it funds', 'funded seed: bob view at 2026-10-02T22:26:44.000000+00:00 consistent (balance=total, available=total-held>=0, held<=total) (0, 1500, -1500)', 'funded seed: bob view at 2026-10-02T22:26:44.000001+00:00 consistent (balance=total, available=total-held>=0, held<=total) (0, 1500, -1500)', 'funded seed: bob view at 2026-10-02T22:26:44.145545+00:00 consistent (balance=total, available=total-held>=0, held<=total) (0, 1500, -1500)', 'funded seed: at as_of = authorization.created_at bob has total 2000 held 1500 available 500']
rc=1
