PASS [open exp-2h created omitted] reset -> 204 or 422 (never 5xx)
PASS [open exp-2h created omitted] clock: new payment created_at within its request window (+-30 ms), not ratcheted by seeded values
PASS [open exp-2h created omitted] clock: new authorization (cy has 1) created_at within its request window
PASS [open exp-2h created omitted] hold created_at omitted -> the reset instant (between request start and end), not a truncated second
PASS [open exp-2h created omitted] closed_at is never in the future (an event time)
PASS [open exp-2h created omitted] open status iff closed_at null (status shown expired)
PASS [open exp-2h created omitted] current /me held == 2000 exactly for a live seeded open hold, else 0 (0, 9999)
PASS [open exp-2h created omitted]: ada view at 2026-10-03T06:14:46.569518+00:00 consistent (balance=total, available=total-held>=0, held<=total) (10000, 0, 10000)
PASS [open exp-2h created omitted]: bob view at 2026-10-03T06:14:46.569518+00:00 consistent (balance=total, available=total-held>=0, held<=total) (2500, 0, 2500)
PASS [open exp-2h created omitted]: cy view at 2026-10-03T06:14:46.569518+00:00 consistent (balance=total, available=total-held>=0, held<=total) (0, 0, 0)
PASS [open exp-2h created omitted]: sum of totals at 2026-10-03T06:14:46.569518+00:00 == seeded total
PASS [open exp-2h created omitted]: ada view at 2026-10-03T06:14:46.569519+00:00 consistent (balance=total, available=total-held>=0, held<=total) (10000, 0, 10000)
PASS [open exp-2h created omitted]: bob view at 2026-10-03T06:14:46.569519+00:00 consistent (balance=total, available=total-held>=0, held<=total) (2500, 0, 2500)
PASS [open exp-2h created omitted]: cy view at 2026-10-03T06:14:46.569519+00:00 consistent (balance=total, available=total-held>=0, held<=total) (0, 0, 0)
PASS [open exp-2h created omitted]: sum of totals at 2026-10-03T06:14:46.569519+00:00 == seeded total
PASS [open exp-2h created omitted]: ada view at 2026-10-03T06:14:46.569520+00:00 consistent (balance=total, available=total-held>=0, held<=total) (10000, 0, 10000)
PASS [open exp-2h created omitted]: bob view at 2026-10-03T06:14:46.569520+00:00 consistent (balance=total, available=total-held>=0, held<=total) (2500, 0, 2500)
PASS [open exp-2h created omitted]: cy view at 2026-10-03T06:14:46.569520+00:00 consistent (balance=total, available=total-held>=0, held<=total) (0, 0, 0)
PASS [open exp-2h created omitted]: sum of totals at 2026-10-03T06:14:46.569520+00:00 == seeded total
PASS [open exp-2h created omitted]: ada view at 2026-10-03T08:14:46.569518+00:00 consistent (balance=total, available=total-held>=0, held<=total) (10000, 0, 10000)
PASS [open exp-2h created omitted]: bob view at 2026-10-03T08:14:46.569518+00:00 consistent (balance=total, available=total-held>=0, held<=total) (2500, 0, 2500)
PASS [open exp-2h created omitted]: cy view at 2026-10-03T08:14:46.569518+00:00 consistent (balance=total, available=total-held>=0, held<=total) (0, 0, 0)
PASS [open exp-2h created omitted]: sum of totals at 2026-10-03T08:14:46.569518+00:00 == seeded total
PASS [open exp-2h created omitted]: ada view at 2026-10-03T08:14:46.569519+00:00 consistent (balance=total, available=total-held>=0, held<=total) (10000, 0, 10000)
PASS [open exp-2h created omitted]: bob view at 2026-10-03T08:14:46.569519+00:00 consistent (balance=total, available=total-held>=0, held<=total) (2500, 0, 2500)
PASS [open exp-2h created omitted]: cy view at 2026-10-03T08:14:46.569519+00:00 consistent (balance=total, available=total-held>=0, held<=total) (0, 0, 0)
PASS [open exp-2h created omitted]: sum of totals at 2026-10-03T08:14:46.569519+00:00 == seeded total
PASS [open exp-2h created omitted]: ada view at 2026-10-03T08:14:46.569520+00:00 consistent (balance=total, available=total-held>=0, held<=total) (10000, 0, 10000)
PASS [open exp-2h created omitted]: bob view at 2026-10-03T08:14:46.569520+00:00 consistent (balance=total, available=total-held>=0, held<=total) (2500, 0, 2500)
PASS [open exp-2h created omitted]: cy view at 2026-10-03T08:14:46.569520+00:00 consistent (balance=total, available=total-held>=0, held<=total) (0, 0, 0)
PASS [open exp-2h created omitted]: sum of totals at 2026-10-03T08:14:46.569520+00:00 == seeded total
PASS [open exp-2h created omitted]: ada view at 2026-10-03T08:14:46.575916+00:00 consistent (balance=total, available=total-held>=0, held<=total) (10000, 0, 10000)
PASS [open exp-2h created omitted]: bob view at 2026-10-03T08:14:46.575916+00:00 consistent (balance=total, available=total-held>=0, held<=total) (2500, 0, 2500)
PASS [open exp-2h created omitted]: cy view at 2026-10-03T08:14:46.575916+00:00 consistent (balance=total, available=total-held>=0, held<=total) (0, 0, 0)
PASS [open exp-2h created omitted]: sum of totals at 2026-10-03T08:14:46.575916+00:00 == seeded total
PASS [open exp-2h created omitted]: ada view at 2026-10-03T08:14:46.575917+00:00 consistent (balance=total, available=total-held>=0, held<=total) (10000, 0, 10000)
PASS [open exp-2h created omitted]: bob view at 2026-10-03T08:14:46.575917+00:00 consistent (balance=total, available=total-held>=0, held<=total) (2500, 0, 2500)
PASS [open exp-2h created omitted]: cy view at 2026-10-03T08:14:46.575917+00:00 consistent (balance=total, available=total-held>=0, held<=total) (0, 0, 0)
PASS [open exp-2h created omitted]: sum of totals at 2026-10-03T08:14:46.575917+00:00 == seeded total
PASS [open exp-2h created omitted]: ada view at 2026-10-03T08:14:46.575918+00:00 consistent (balance=total, available=total-held>=0, held<=total) (10000, 0, 10000)
PASS [open exp-2h created omitted]: bob view at 2026-10-03T08:14:46.575918+00:00 consistent (balance=total, available=total-held>=0, held<=total) (2500, 0, 2500)
PASS [open exp-2h created omitted]: cy view at 2026-10-03T08:14:46.575918+00:00 consistent (balance=total, available=total-held>=0, held<=total) (0, 0, 0)
PASS [open exp-2h created omitted]: sum of totals at 2026-10-03T08:14:46.575918+00:00 == seeded total
PASS [open exp-2h created omitted]: ada view at 2026-10-03T08:14:46.586059+00:00 consistent (balance=total, available=total-held>=0, held<=total) (10000, 0, 10000)
PASS [open exp-2h created omitted]: bob view at 2026-10-03T08:14:46.586059+00:00 consistent (balance=total, available=total-held>=0, held<=total) (2500, 0, 2500)
PASS [open exp-2h created omitted]: cy view at 2026-10-03T08:14:46.586059+00:00 consistent (balance=total, available=total-held>=0, held<=total) (0, 0, 0)
PASS [open exp-2h created omitted]: sum of totals at 2026-10-03T08:14:46.586059+00:00 == seeded total
PASS [open exp-2h created omitted]: ada view at 2026-10-03T08:14:46.586060+00:00 consistent (balance=total, available=total-held>=0, held<=total) (10000, 0, 10000)
PASS [open exp-2h created omitted]: bob view at 2026-10-03T08:14:46.586060+00:00 consistent (balance=total, available=total-held>=0, held<=total) (2500, 0, 2500)
PASS [open exp-2h created omitted]: cy view at 2026-10-03T08:14:46.586060+00:00 consistent (balance=total, available=total-held>=0, held<=total) (0, 0, 0)
PASS [open exp-2h created omitted]: sum of totals at 2026-10-03T08:14:46.586060+00:00 == seeded total
PASS [open exp-2h created omitted]: ada view at 2026-10-03T08:14:46.586061+00:00 consistent (balance=total, available=total-held>=0, held<=total) (10000, 0, 10000)
PASS [open exp-2h created omitted]: bob view at 2026-10-03T08:14:46.586061+00:00 consistent (balance=total, available=total-held>=0, held<=total) (2500, 0, 2500)
PASS [open exp-2h created omitted]: cy view at 2026-10-03T08:14:46.586061+00:00 consistent (balance=total, available=total-held>=0, held<=total) (0, 0, 0)
PASS [open exp-2h created omitted]: sum of totals at 2026-10-03T08:14:46.586061+00:00 == seeded total
PASS [open exp-2h created omitted]: ada view at 2026-10-03T08:14:46.728566+00:00 consistent (balance=total, available=total-held>=0, held<=total) (9999, 0, 9999)
PASS [open exp-2h created omitted]: bob view at 2026-10-03T08:14:46.728566+00:00 consistent (balance=total, available=total-held>=0, held<=total) (2500, 0, 2500)
PASS [open exp-2h created omitted]: cy view at 2026-10-03T08:14:46.728566+00:00 consistent (balance=total, available=total-held>=0, held<=total) (1, 1, 0)
PASS [open exp-2h created omitted]: sum of totals at 2026-10-03T08:14:46.728566+00:00 == seeded total
PASS [open exp-2h created omitted]: ada view at 2026-10-03T08:14:46.728567+00:00 consistent (balance=total, available=total-held>=0, held<=total) (9999, 0, 9999)
PASS [open exp-2h created omitted]: bob view at 2026-10-03T08:14:46.728567+00:00 consistent (balance=total, available=total-held>=0, held<=total) (2500, 0, 2500)
PASS [open exp-2h created omitted]: cy view at 2026-10-03T08:14:46.728567+00:00 consistent (balance=total, available=total-held>=0, held<=total) (1, 1, 0)
PASS [open exp-2h created omitted]: sum of totals at 2026-10-03T08:14:46.728567+00:00 == seeded total
PASS [open exp-2h created omitted]: ada view at 2026-10-03T08:14:46.728568+00:00 consistent (balance=total, available=total-held>=0, held<=total) (9999, 0, 9999)
PASS [open exp-2h created omitted]: bob view at 2026-10-03T08:14:46.728568+00:00 consistent (balance=total, available=total-held>=0, held<=total) (2500, 0, 2500)
PASS [open exp-2h created omitted]: cy view at 2026-10-03T08:14:46.728568+00:00 consistent (balance=total, available=total-held>=0, held<=total) (1, 1, 0)
PASS [open exp-2h created omitted]: sum of totals at 2026-10-03T08:14:46.728568+00:00 == seeded total
PASS [open exp-2h created omitted]: ada view at 1970-01-01T00:00:00.000000+00:00 consistent (balance=total, available=total-held>=0, held<=total) (10000, 0, 10000)
PASS [open exp-2h created omitted]: bob view at 1970-01-01T00:00:00.000000+00:00 consistent (balance=total, available=total-held>=0, held<=total) (2500, 0, 2500)
PASS [open exp-2h created omitted]: cy view at 1970-01-01T00:00:00.000000+00:00 consistent (balance=total, available=total-held>=0, held<=total) (0, 0, 0)
PASS [open exp-2h created omitted]: sum of totals at 1970-01-01T00:00:00.000000+00:00 == seeded total
PASS [open exp-2h created omitted]: ada view at 9999-12-31T23:59:59.000000+00:00 consistent (balance=total, available=total-held>=0, held<=total) (9999, 0, 9999)
PASS [open exp-2h created omitted]: bob view at 9999-12-31T23:59:59.000000+00:00 consistent (balance=total, available=total-held>=0, held<=total) (2500, 0, 2500)
PASS [open exp-2h created omitted]: cy view at 9999-12-31T23:59:59.000000+00:00 consistent (balance=total, available=total-held>=0, held<=total) (1, 0, 1)
PASS [open exp-2h created omitted]: sum of totals at 9999-12-31T23:59:59.000000+00:00 == seeded total
PASS [open exp-2h created omitted] a payment above available is refused (409 insufficient_funds) 9999
PASS [open exp-2h created omitted] capture of a closed/expired seeded hold -> 409, never 201 (authorization_expired)
PASS [open exp-2h created omitted] after the capture attempt: balances conserved, all views still consistent
PASS [open exp-2h created omitted] export -> 200
PASS [open exp-2h created omitted] import #1 of its own export -> 204
PASS [open exp-2h created omitted] import #1: balances/held/available and every authorization field (closed_at, expires_at, payment_ids, status, created_at) unchanged
PASS [open exp-2h created omitted] import #1: next payment stamped at its own request time (clock not moved by imported values)
PASS [open exp-2h created omitted] import #2 of its own export -> 204
PASS [open exp-2h created omitted] import #2: balances/held/available and every authorization field (closed_at, expires_at, payment_ids, status, created_at) unchanged
PASS [open exp-2h created omitted] import #2: next payment stamped at its own request time (clock not moved by imported values)
PASS [open exp-2h created -3h] reset -> 204 or 422 (never 5xx)
PASS [open exp-2h created -3h] clock: new payment created_at within its request window (+-30 ms), not ratcheted by seeded values
PASS [open exp-2h created -3h] clock: new authorization (cy has 1) created_at within its request window
PASS [open exp-2h created -3h] supplied created_at kept
PASS [open exp-2h created -3h] closed_at is never in the future (an event time)
PASS [open exp-2h created -3h] open status iff closed_at null (status shown expired)
PASS [open exp-2h created -3h] current /me held == 2000 exactly for a live seeded open hold, else 0 (0, 9999)
PASS [open exp-2h created -3h]: ada view at 2026-10-03T05:14:47.470909+00:00 consistent (balance=total, available=total-held>=0, held<=total) (10000, 0, 10000)
PASS [open exp-2h created -3h]: bob view at 2026-10-03T05:14:47.470909+00:00 consistent (balance=total, available=total-held>=0, held<=total) (2500, 0, 2500)
PASS [open exp-2h created -3h]: cy view at 2026-10-03T05:14:47.470909+00:00 consistent (balance=total, available=total-held>=0, held<=total) (0, 0, 0)
PASS [open exp-2h created -3h]: sum of totals at 2026-10-03T05:14:47.470909+00:00 == seeded total
PASS [open exp-2h created -3h]: ada view at 2026-10-03T05:14:47.470910+00:00 consistent (balance=total, available=total-held>=0, held<=total) (10000, 2000, 8000)
PASS [open exp-2h created -3h]: bob view at 2026-10-03T05:14:47.470910+00:00 consistent (balance=total, available=total-held>=0, held<=total) (2500, 0, 2500)
PASS [open exp-2h created -3h]: cy view at 2026-10-03T05:14:47.470910+00:00 consistent (balance=total, available=total-held>=0, held<=total) (0, 0, 0)
PASS [open exp-2h created -3h]: sum of totals at 2026-10-03T05:14:47.470910+00:00 == seeded total
PASS [open exp-2h created -3h]: ada view at 2026-10-03T05:14:47.470911+00:00 consistent (balance=total, available=total-held>=0, held<=total) (10000, 2000, 8000)
PASS [open exp-2h created -3h]: bob view at 2026-10-03T05:14:47.470911+00:00 consistent (balance=total, available=total-held>=0, held<=total) (2500, 0, 2500)
PASS [open exp-2h created -3h]: cy view at 2026-10-03T05:14:47.470911+00:00 consistent (balance=total, available=total-held>=0, held<=total) (0, 0, 0)
PASS [open exp-2h created -3h]: sum of totals at 2026-10-03T05:14:47.470911+00:00 == seeded total
PASS [open exp-2h created -3h]: ada view at 2026-10-03T06:14:47.470909+00:00 consistent (balance=total, available=total-held>=0, held<=total) (10000, 2000, 8000)
PASS [open exp-2h created -3h]: bob view at 2026-10-03T06:14:47.470909+00:00 consistent (balance=total, available=total-held>=0, held<=total) (2500, 0, 2500)
PASS [open exp-2h created -3h]: cy view at 2026-10-03T06:14:47.470909+00:00 consistent (balance=total, available=total-held>=0, held<=total) (0, 0, 0)
PASS [open exp-2h created -3h]: sum of totals at 2026-10-03T06:14:47.470909+00:00 == seeded total
PASS [open exp-2h created -3h]: ada view at 2026-10-03T06:14:47.470910+00:00 consistent (balance=total, available=total-held>=0, held<=total) (10000, 0, 10000)
PASS [open exp-2h created -3h]: bob view at 2026-10-03T06:14:47.470910+00:00 consistent (balance=total, available=total-held>=0, held<=total) (2500, 0, 2500)
PASS [open exp-2h created -3h]: cy view at 2026-10-03T06:14:47.470910+00:00 consistent (balance=total, available=total-held>=0, held<=total) (0, 0, 0)
PASS [open exp-2h created -3h]: sum of totals at 2026-10-03T06:14:47.470910+00:00 == seeded total
PASS [open exp-2h created -3h]: ada view at 2026-10-03T06:14:47.470911+00:00 consistent (balance=total, available=total-held>=0, held<=total) (10000, 0, 10000)
PASS [open exp-2h created -3h]: bob view at 2026-10-03T06:14:47.470911+00:00 consistent (balance=total, available=total-held>=0, held<=total) (2500, 0, 2500)
PASS [open exp-2h created -3h]: cy view at 2026-10-03T06:14:47.470911+00:00 consistent (balance=total, available=total-held>=0, held<=total) (0, 0, 0)
PASS [open exp-2h created -3h]: sum of totals at 2026-10-03T06:14:47.470911+00:00 == seeded total
PASS [open exp-2h created -3h]: ada view at 2026-10-03T08:14:47.470909+00:00 consistent (balance=total, available=total-held>=0, held<=total) (10000, 0, 10000)
PASS [open exp-2h created -3h]: bob view at 2026-10-03T08:14:47.470909+00:00 consistent (balance=total, available=total-held>=0, held<=total) (2500, 0, 2500)
PASS [open exp-2h created -3h]: cy view at 2026-10-03T08:14:47.470909+00:00 consistent (balance=total, available=total-held>=0, held<=total) (0, 0, 0)
PASS [open exp-2h created -3h]: sum of totals at 2026-10-03T08:14:47.470909+00:00 == seeded total
PASS [open exp-2h created -3h]: ada view at 2026-10-03T08:14:47.470910+00:00 consistent (balance=total, available=total-held>=0, held<=total) (10000, 0, 10000)
PASS [open exp-2h created -3h]: bob view at 2026-10-03T08:14:47.470910+00:00 consistent (balance=total, available=total-held>=0, held<=total) (2500, 0, 2500)
PASS [open exp-2h created -3h]: cy view at 2026-10-03T08:14:47.470910+00:00 consistent (balance=total, available=total-held>=0, held<=total) (0, 0, 0)
PASS [open exp-2h created -3h]: sum of totals at 2026-10-03T08:14:47.470910+00:00 == seeded total
PASS [open exp-2h created -3h]: ada view at 2026-10-03T08:14:47.470911+00:00 consistent (balance=total, available=total-held>=0, held<=total) (10000, 0, 10000)
PASS [open exp-2h created -3h]: bob view at 2026-10-03T08:14:47.470911+00:00 consistent (balance=total, available=total-held>=0, held<=total) (2500, 0, 2500)
PASS [open exp-2h created -3h]: cy view at 2026-10-03T08:14:47.470911+00:00 consistent (balance=total, available=total-held>=0, held<=total) (0, 0, 0)
PASS [open exp-2h created -3h]: sum of totals at 2026-10-03T08:14:47.470911+00:00 == seeded total
PASS [open exp-2h created -3h]: ada view at 2026-10-03T08:14:47.482232+00:00 consistent (balance=total, available=total-held>=0, held<=total) (10000, 0, 10000)
PASS [open exp-2h created -3h]: bob view at 2026-10-03T08:14:47.482232+00:00 consistent (balance=total, available=total-held>=0, held<=total) (2500, 0, 2500)
PASS [open exp-2h created -3h]: cy view at 2026-10-03T08:14:47.482232+00:00 consistent (balance=total, available=total-held>=0, held<=total) (0, 0, 0)
PASS [open exp-2h created -3h]: sum of totals at 2026-10-03T08:14:47.482232+00:00 == seeded total
PASS [open exp-2h created -3h]: ada view at 2026-10-03T08:14:47.482233+00:00 consistent (balance=total, available=total-held>=0, held<=total) (10000, 0, 10000)
PASS [open exp-2h created -3h]: bob view at 2026-10-03T08:14:47.482233+00:00 consistent (balance=total, available=total-held>=0, held<=total) (2500, 0, 2500)
PASS [open exp-2h created -3h]: cy view at 2026-10-03T08:14:47.482233+00:00 consistent (balance=total, available=total-held>=0, held<=total) (0, 0, 0)
PASS [open exp-2h created -3h]: sum of totals at 2026-10-03T08:14:47.482233+00:00 == seeded total
PASS [open exp-2h created -3h]: ada view at 2026-10-03T08:14:47.482234+00:00 consistent (balance=total, available=total-held>=0, held<=total) (10000, 0, 10000)
PASS [open exp-2h created -3h]: bob view at 2026-10-03T08:14:47.482234+00:00 consistent (balance=total, available=total-held>=0, held<=total) (2500, 0, 2500)
PASS [open exp-2h created -3h]: cy view at 2026-10-03T08:14:47.482234+00:00 consistent (balance=total, available=total-held>=0, held<=total) (0, 0, 0)
PASS [open exp-2h created -3h]: sum of totals at 2026-10-03T08:14:47.482234+00:00 == seeded total
PASS [open exp-2h created -3h]: ada view at 2026-10-03T08:14:47.576800+00:00 consistent (balance=total, available=total-held>=0, held<=total) (9999, 0, 9999)
PASS [open exp-2h created -3h]: bob view at 2026-10-03T08:14:47.576800+00:00 consistent (balance=total, available=total-held>=0, held<=total) (2500, 0, 2500)
PASS [open exp-2h created -3h]: cy view at 2026-10-03T08:14:47.576800+00:00 consistent (balance=total, available=total-held>=0, held<=total) (1, 1, 0)
PASS [open exp-2h created -3h]: sum of totals at 2026-10-03T08:14:47.576800+00:00 == seeded total
PASS [open exp-2h created -3h]: ada view at 2026-10-03T08:14:47.576801+00:00 consistent (balance=total, available=total-held>=0, held<=total) (9999, 0, 9999)
PASS [open exp-2h created -3h]: bob view at 2026-10-03T08:14:47.576801+00:00 consistent (balance=total, available=total-held>=0, held<=total) (2500, 0, 2500)
PASS [open exp-2h created -3h]: cy view at 2026-10-03T08:14:47.576801+00:00 consistent (balance=total, available=total-held>=0, held<=total) (1, 1, 0)
PASS [open exp-2h created -3h]: sum of totals at 2026-10-03T08:14:47.576801+00:00 == seeded total
PASS [open exp-2h created -3h]: ada view at 2026-10-03T08:14:47.576802+00:00 consistent (balance=total, available=total-held>=0, held<=total) (9999, 0, 9999)
PASS [open exp-2h created -3h]: bob view at 2026-10-03T08:14:47.576802+00:00 consistent (balance=total, available=total-held>=0, held<=total) (2500, 0, 2500)
PASS [open exp-2h created -3h]: cy view at 2026-10-03T08:14:47.576802+00:00 consistent (balance=total, available=total-held>=0, held<=total) (1, 1, 0)
PASS [open exp-2h created -3h]: sum of totals at 2026-10-03T08:14:47.576802+00:00 == seeded total
PASS [open exp-2h created -3h]: ada view at 1970-01-01T00:00:00.000000+00:00 consistent (balance=total, available=total-held>=0, held<=total) (10000, 0, 10000)
PASS [open exp-2h created -3h]: bob view at 1970-01-01T00:00:00.000000+00:00 consistent (balance=total, available=total-held>=0, held<=total) (2500, 0, 2500)
PASS [open exp-2h created -3h]: cy view at 1970-01-01T00:00:00.000000+00:00 consistent (balance=total, available=total-held>=0, held<=total) (0, 0, 0)
PASS [open exp-2h created -3h]: sum of totals at 1970-01-01T00:00:00.000000+00:00 == seeded total
PASS [open exp-2h created -3h]: ada view at 9999-12-31T23:59:59.000000+00:00 consistent (balance=total, available=total-held>=0, held<=total) (9999, 0, 9999)
PASS [open exp-2h created -3h]: bob view at 9999-12-31T23:59:59.000000+00:00 consistent (balance=total, available=total-held>=0, held<=total) (2500, 0, 2500)
PASS [open exp-2h created -3h]: cy view at 9999-12-31T23:59:59.000000+00:00 consistent (balance=total, available=total-held>=0, held<=total) (1, 0, 1)
PASS [open exp-2h created -3h]: sum of totals at 9999-12-31T23:59:59.000000+00:00 == seeded total
PASS [open exp-2h created -3h] a payment above available is refused (409 insufficient_funds) 9999
PASS [open exp-2h created -3h] capture of a closed/expired seeded hold -> 409, never 201 (authorization_expired)
PASS [open exp-2h created -3h] after the capture attempt: balances conserved, all views still consistent
PASS [open exp-2h created -3h] export -> 200
PASS [open exp-2h created -3h] import #1 of its own export -> 204
PASS [open exp-2h created -3h] import #1: balances/held/available and every authorization field (closed_at, expires_at, payment_ids, status, created_at) unchanged
PASS [open exp-2h created -3h] import #1: next payment stamped at its own request time (clock not moved by imported values)
PASS [open exp-2h created -3h] import #2 of its own export -> 204
PASS [open exp-2h created -3h] import #2: balances/held/available and every authorization field (closed_at, expires_at, payment_ids, status, created_at) unchanged
PASS [open exp-2h created -3h] import #2: next payment stamped at its own request time (clock not moved by imported values)
PASS [open exp-2h created +2h] reset -> 204 or 422 (never 5xx)
PASS [open exp+2h created omitted] reset -> 204 or 422 (never 5xx)
PASS [open exp+2h created omitted] clock: new payment created_at within its request window (+-30 ms), not ratcheted by seeded values
PASS [open exp+2h created omitted] clock: new authorization (cy has 1) created_at within its request window
PASS [open exp+2h created omitted] hold created_at omitted -> the reset instant (between request start and end), not a truncated second
PASS [open exp+2h created omitted] open status iff closed_at null (status shown open)
PASS [open exp+2h created omitted] current /me held == 2000 exactly for a live seeded open hold, else 0 (2000, 7999)
PASS [open exp+2h created omitted]: ada view at 2026-10-03T08:14:48.335809+00:00 consistent (balance=total, available=total-held>=0, held<=total) (10000, 0, 10000)
PASS [open exp+2h created omitted]: bob view at 2026-10-03T08:14:48.335809+00:00 consistent (balance=total, available=total-held>=0, held<=total) (2500, 0, 2500)
PASS [open exp+2h created omitted]: cy view at 2026-10-03T08:14:48.335809+00:00 consistent (balance=total, available=total-held>=0, held<=total) (0, 0, 0)
PASS [open exp+2h created omitted]: sum of totals at 2026-10-03T08:14:48.335809+00:00 == seeded total
PASS [open exp+2h created omitted]: ada view at 2026-10-03T08:14:48.335810+00:00 consistent (balance=total, available=total-held>=0, held<=total) (10000, 0, 10000)
PASS [open exp+2h created omitted]: bob view at 2026-10-03T08:14:48.335810+00:00 consistent (balance=total, available=total-held>=0, held<=total) (2500, 0, 2500)
PASS [open exp+2h created omitted]: cy view at 2026-10-03T08:14:48.335810+00:00 consistent (balance=total, available=total-held>=0, held<=total) (0, 0, 0)
PASS [open exp+2h created omitted]: sum of totals at 2026-10-03T08:14:48.335810+00:00 == seeded total
PASS [open exp+2h created omitted]: ada view at 2026-10-03T08:14:48.335811+00:00 consistent (balance=total, available=total-held>=0, held<=total) (10000, 0, 10000)
PASS [open exp+2h created omitted]: bob view at 2026-10-03T08:14:48.335811+00:00 consistent (balance=total, available=total-held>=0, held<=total) (2500, 0, 2500)
PASS [open exp+2h created omitted]: cy view at 2026-10-03T08:14:48.335811+00:00 consistent (balance=total, available=total-held>=0, held<=total) (0, 0, 0)
PASS [open exp+2h created omitted]: sum of totals at 2026-10-03T08:14:48.335811+00:00 == seeded total
PASS [open exp+2h created omitted]: ada view at 2026-10-03T08:14:48.336412+00:00 consistent (balance=total, available=total-held>=0, held<=total) (10000, 0, 10000)
PASS [open exp+2h created omitted]: bob view at 2026-10-03T08:14:48.336412+00:00 consistent (balance=total, available=total-held>=0, held<=total) (2500, 0, 2500)
PASS [open exp+2h created omitted]: cy view at 2026-10-03T08:14:48.336412+00:00 consistent (balance=total, available=total-held>=0, held<=total) (0, 0, 0)
PASS [open exp+2h created omitted]: sum of totals at 2026-10-03T08:14:48.336412+00:00 == seeded total
PASS [open exp+2h created omitted]: ada view at 2026-10-03T08:14:48.336413+00:00 consistent (balance=total, available=total-held>=0, held<=total) (10000, 2000, 8000)
PASS [open exp+2h created omitted]: bob view at 2026-10-03T08:14:48.336413+00:00 consistent (balance=total, available=total-held>=0, held<=total) (2500, 0, 2500)
PASS [open exp+2h created omitted]: cy view at 2026-10-03T08:14:48.336413+00:00 consistent (balance=total, available=total-held>=0, held<=total) (0, 0, 0)
PASS [open exp+2h created omitted]: sum of totals at 2026-10-03T08:14:48.336413+00:00 == seeded total
PASS [open exp+2h created omitted]: ada view at 2026-10-03T08:14:48.336414+00:00 consistent (balance=total, available=total-held>=0, held<=total) (10000, 2000, 8000)
PASS [open exp+2h created omitted]: bob view at 2026-10-03T08:14:48.336414+00:00 consistent (balance=total, available=total-held>=0, held<=total) (2500, 0, 2500)
PASS [open exp+2h created omitted]: cy view at 2026-10-03T08:14:48.336414+00:00 consistent (balance=total, available=total-held>=0, held<=total) (0, 0, 0)
PASS [open exp+2h created omitted]: sum of totals at 2026-10-03T08:14:48.336414+00:00 == seeded total
PASS [open exp+2h created omitted]: ada view at 2026-10-03T08:14:48.347718+00:00 consistent (balance=total, available=total-held>=0, held<=total) (10000, 2000, 8000)
PASS [open exp+2h created omitted]: bob view at 2026-10-03T08:14:48.347718+00:00 consistent (balance=total, available=total-held>=0, held<=total) (2500, 0, 2500)
PASS [open exp+2h created omitted]: cy view at 2026-10-03T08:14:48.347718+00:00 consistent (balance=total, available=total-held>=0, held<=total) (0, 0, 0)
PASS [open exp+2h created omitted]: sum of totals at 2026-10-03T08:14:48.347718+00:00 == seeded total
PASS [open exp+2h created omitted]: ada view at 2026-10-03T08:14:48.347719+00:00 consistent (balance=total, available=total-held>=0, held<=total) (10000, 2000, 8000)
PASS [open exp+2h created omitted]: bob view at 2026-10-03T08:14:48.347719+00:00 consistent (balance=total, available=total-held>=0, held<=total) (2500, 0, 2500)
PASS [open exp+2h created omitted]: cy view at 2026-10-03T08:14:48.347719+00:00 consistent (balance=total, available=total-held>=0, held<=total) (0, 0, 0)
PASS [open exp+2h created omitted]: sum of totals at 2026-10-03T08:14:48.347719+00:00 == seeded total
PASS [open exp+2h created omitted]: ada view at 2026-10-03T08:14:48.347720+00:00 consistent (balance=total, available=total-held>=0, held<=total) (10000, 2000, 8000)
PASS [open exp+2h created omitted]: bob view at 2026-10-03T08:14:48.347720+00:00 consistent (balance=total, available=total-held>=0, held<=total) (2500, 0, 2500)
PASS [open exp+2h created omitted]: cy view at 2026-10-03T08:14:48.347720+00:00 consistent (balance=total, available=total-held>=0, held<=total) (0, 0, 0)
PASS [open exp+2h created omitted]: sum of totals at 2026-10-03T08:14:48.347720+00:00 == seeded total
PASS [open exp+2h created omitted]: ada view at 2026-10-03T08:14:48.402928+00:00 consistent (balance=total, available=total-held>=0, held<=total) (9999, 2000, 7999)
PASS [open exp+2h created omitted]: bob view at 2026-10-03T08:14:48.402928+00:00 consistent (balance=total, available=total-held>=0, held<=total) (2500, 0, 2500)
PASS [open exp+2h created omitted]: cy view at 2026-10-03T08:14:48.402928+00:00 consistent (balance=total, available=total-held>=0, held<=total) (1, 1, 0)
PASS [open exp+2h created omitted]: sum of totals at 2026-10-03T08:14:48.402928+00:00 == seeded total
PASS [open exp+2h created omitted]: ada view at 2026-10-03T08:14:48.402929+00:00 consistent (balance=total, available=total-held>=0, held<=total) (9999, 2000, 7999)
PASS [open exp+2h created omitted]: bob view at 2026-10-03T08:14:48.402929+00:00 consistent (balance=total, available=total-held>=0, held<=total) (2500, 0, 2500)
PASS [open exp+2h created omitted]: cy view at 2026-10-03T08:14:48.402929+00:00 consistent (balance=total, available=total-held>=0, held<=total) (1, 1, 0)
PASS [open exp+2h created omitted]: sum of totals at 2026-10-03T08:14:48.402929+00:00 == seeded total
PASS [open exp+2h created omitted]: ada view at 2026-10-03T08:14:48.402930+00:00 consistent (balance=total, available=total-held>=0, held<=total) (9999, 2000, 7999)
PASS [open exp+2h created omitted]: bob view at 2026-10-03T08:14:48.402930+00:00 consistent (balance=total, available=total-held>=0, held<=total) (2500, 0, 2500)
PASS [open exp+2h created omitted]: cy view at 2026-10-03T08:14:48.402930+00:00 consistent (balance=total, available=total-held>=0, held<=total) (1, 1, 0)
PASS [open exp+2h created omitted]: sum of totals at 2026-10-03T08:14:48.402930+00:00 == seeded total
PASS [open exp+2h created omitted]: ada view at 2026-10-03T10:14:48.335809+00:00 consistent (balance=total, available=total-held>=0, held<=total) (9999, 2000, 7999)
PASS [open exp+2h created omitted]: bob view at 2026-10-03T10:14:48.335809+00:00 consistent (balance=total, available=total-held>=0, held<=total) (2500, 0, 2500)
PASS [open exp+2h created omitted]: cy view at 2026-10-03T10:14:48.335809+00:00 consistent (balance=total, available=total-held>=0, held<=total) (1, 0, 1)
PASS [open exp+2h created omitted]: sum of totals at 2026-10-03T10:14:48.335809+00:00 == seeded total
PASS [open exp+2h created omitted]: ada view at 2026-10-03T10:14:48.335810+00:00 consistent (balance=total, available=total-held>=0, held<=total) (9999, 0, 9999)
PASS [open exp+2h created omitted]: bob view at 2026-10-03T10:14:48.335810+00:00 consistent (balance=total, available=total-held>=0, held<=total) (2500, 0, 2500)
PASS [open exp+2h created omitted]: cy view at 2026-10-03T10:14:48.335810+00:00 consistent (balance=total, available=total-held>=0, held<=total) (1, 0, 1)
PASS [open exp+2h created omitted]: sum of totals at 2026-10-03T10:14:48.335810+00:00 == seeded total
PASS [open exp+2h created omitted]: ada view at 2026-10-03T10:14:48.335811+00:00 consistent (balance=total, available=total-held>=0, held<=total) (9999, 0, 9999)
PASS [open exp+2h created omitted]: bob view at 2026-10-03T10:14:48.335811+00:00 consistent (balance=total, available=total-held>=0, held<=total) (2500, 0, 2500)
PASS [open exp+2h created omitted]: cy view at 2026-10-03T10:14:48.335811+00:00 consistent (balance=total, available=total-held>=0, held<=total) (1, 0, 1)
PASS [open exp+2h created omitted]: sum of totals at 2026-10-03T10:14:48.335811+00:00 == seeded total
PASS [open exp+2h created omitted]: ada view at 1970-01-01T00:00:00.000000+00:00 consistent (balance=total, available=total-held>=0, held<=total) (10000, 0, 10000)
PASS [open exp+2h created omitted]: bob view at 1970-01-01T00:00:00.000000+00:00 consistent (balance=total, available=total-held>=0, held<=total) (2500, 0, 2500)
PASS [open exp+2h created omitted]: cy view at 1970-01-01T00:00:00.000000+00:00 consistent (balance=total, available=total-held>=0, held<=total) (0, 0, 0)
PASS [open exp+2h created omitted]: sum of totals at 1970-01-01T00:00:00.000000+00:00 == seeded total
PASS [open exp+2h created omitted]: ada view at 9999-12-31T23:59:59.000000+00:00 consistent (balance=total, available=total-held>=0, held<=total) (9999, 0, 9999)
PASS [open exp+2h created omitted]: bob view at 9999-12-31T23:59:59.000000+00:00 consistent (balance=total, available=total-held>=0, held<=total) (2500, 0, 2500)
PASS [open exp+2h created omitted]: cy view at 9999-12-31T23:59:59.000000+00:00 consistent (balance=total, available=total-held>=0, held<=total) (1, 0, 1)
PASS [open exp+2h created omitted]: sum of totals at 9999-12-31T23:59:59.000000+00:00 == seeded total
PASS [open exp+2h created omitted] a payment above available is refused (409 insufficient_funds) 7999
PASS [open exp+2h created omitted] capture of the seeded live open hold -> 201, created_at now
PASS [open exp+2h created omitted] after the capture attempt: balances conserved, all views still consistent
PASS [open exp+2h created omitted] export -> 200
PASS [open exp+2h created omitted] import #1 of its own export -> 204
PASS [open exp+2h created omitted] import #1: balances/held/available and every authorization field (closed_at, expires_at, payment_ids, status, created_at) unchanged
PASS [open exp+2h created omitted] import #1: next payment stamped at its own request time (clock not moved by imported values)
PASS [open exp+2h created omitted] import #2 of its own export -> 204
PASS [open exp+2h created omitted] import #2: balances/held/available and every authorization field (closed_at, expires_at, payment_ids, status, created_at) unchanged
PASS [open exp+2h created omitted] import #2: next payment stamped at its own request time (clock not moved by imported values)
PASS [open exp+2h created -3h] reset -> 204 or 422 (never 5xx)
PASS [open exp+2h created -3h] clock: new payment created_at within its request window (+-30 ms), not ratcheted by seeded values
PASS [open exp+2h created -3h] clock: new authorization (cy has 1) created_at within its request window
PASS [open exp+2h created -3h] supplied created_at kept
PASS [open exp+2h created -3h] open status iff closed_at null (status shown open)
PASS [open exp+2h created -3h] current /me held == 2000 exactly for a live seeded open hold, else 0 (2000, 7999)
PASS [open exp+2h created -3h]: ada view at 2026-10-03T05:14:49.084159+00:00 consistent (balance=total, available=total-held>=0, held<=total) (10000, 0, 10000)
PASS [open exp+2h created -3h]: bob view at 2026-10-03T05:14:49.084159+00:00 consistent (balance=total, available=total-held>=0, held<=total) (2500, 0, 2500)
PASS [open exp+2h created -3h]: cy view at 2026-10-03T05:14:49.084159+00:00 consistent (balance=total, available=total-held>=0, held<=total) (0, 0, 0)
PASS [open exp+2h created -3h]: sum of totals at 2026-10-03T05:14:49.084159+00:00 == seeded total
PASS [open exp+2h created -3h]: ada view at 2026-10-03T05:14:49.084160+00:00 consistent (balance=total, available=total-held>=0, held<=total) (10000, 2000, 8000)
PASS [open exp+2h created -3h]: bob view at 2026-10-03T05:14:49.084160+00:00 consistent (balance=total, available=total-held>=0, held<=total) (2500, 0, 2500)
PASS [open exp+2h created -3h]: cy view at 2026-10-03T05:14:49.084160+00:00 consistent (balance=total, available=total-held>=0, held<=total) (0, 0, 0)
PASS [open exp+2h created -3h]: sum of totals at 2026-10-03T05:14:49.084160+00:00 == seeded total
PASS [open exp+2h created -3h]: ada view at 2026-10-03T05:14:49.084161+00:00 consistent (balance=total, available=total-held>=0, held<=total) (10000, 2000, 8000)
PASS [open exp+2h created -3h]: bob view at 2026-10-03T05:14:49.084161+00:00 consistent (balance=total, available=total-held>=0, held<=total) (2500, 0, 2500)
PASS [open exp+2h created -3h]: cy view at 2026-10-03T05:14:49.084161+00:00 consistent (balance=total, available=total-held>=0, held<=total) (0, 0, 0)
PASS [open exp+2h created -3h]: sum of totals at 2026-10-03T05:14:49.084161+00:00 == seeded total
PASS [open exp+2h created -3h]: ada view at 2026-10-03T08:14:49.084159+00:00 consistent (balance=total, available=total-held>=0, held<=total) (10000, 2000, 8000)
PASS [open exp+2h created -3h]: bob view at 2026-10-03T08:14:49.084159+00:00 consistent (balance=total, available=total-held>=0, held<=total) (2500, 0, 2500)
PASS [open exp+2h created -3h]: cy view at 2026-10-03T08:14:49.084159+00:00 consistent (balance=total, available=total-held>=0, held<=total) (0, 0, 0)
PASS [open exp+2h created -3h]: sum of totals at 2026-10-03T08:14:49.084159+00:00 == seeded total
PASS [open exp+2h created -3h]: ada view at 2026-10-03T08:14:49.084160+00:00 consistent (balance=total, available=total-held>=0, held<=total) (10000, 2000, 8000)
PASS [open exp+2h created -3h]: bob view at 2026-10-03T08:14:49.084160+00:00 consistent (balance=total, available=total-held>=0, held<=total) (2500, 0, 2500)
PASS [open exp+2h created -3h]: cy view at 2026-10-03T08:14:49.084160+00:00 consistent (balance=total, available=total-held>=0, held<=total) (0, 0, 0)
PASS [open exp+2h created -3h]: sum of totals at 2026-10-03T08:14:49.084160+00:00 == seeded total
PASS [open exp+2h created -3h]: ada view at 2026-10-03T08:14:49.084161+00:00 consistent (balance=total, available=total-held>=0, held<=total) (10000, 2000, 8000)
PASS [open exp+2h created -3h]: bob view at 2026-10-03T08:14:49.084161+00:00 consistent (balance=total, available=total-held>=0, held<=total) (2500, 0, 2500)
PASS [open exp+2h created -3h]: cy view at 2026-10-03T08:14:49.084161+00:00 consistent (balance=total, available=total-held>=0, held<=total) (0, 0, 0)
PASS [open exp+2h created -3h]: sum of totals at 2026-10-03T08:14:49.084161+00:00 == seeded total
PASS [open exp+2h created -3h]: ada view at 2026-10-03T08:14:49.096664+00:00 consistent (balance=total, available=total-held>=0, held<=total) (10000, 2000, 8000)
PASS [open exp+2h created -3h]: bob view at 2026-10-03T08:14:49.096664+00:00 consistent (balance=total, available=total-held>=0, held<=total) (2500, 0, 2500)
PASS [open exp+2h created -3h]: cy view at 2026-10-03T08:14:49.096664+00:00 consistent (balance=total, available=total-held>=0, held<=total) (0, 0, 0)
PASS [open exp+2h created -3h]: sum of totals at 2026-10-03T08:14:49.096664+00:00 == seeded total
PASS [open exp+2h created -3h]: ada view at 2026-10-03T08:14:49.096665+00:00 consistent (balance=total, available=total-held>=0, held<=total) (10000, 2000, 8000)
PASS [open exp+2h created -3h]: bob view at 2026-10-03T08:14:49.096665+00:00 consistent (balance=total, available=total-held>=0, held<=total) (2500, 0, 2500)
PASS [open exp+2h created -3h]: cy view at 2026-10-03T08:14:49.096665+00:00 consistent (balance=total, available=total-held>=0, held<=total) (0, 0, 0)
PASS [open exp+2h created -3h]: sum of totals at 2026-10-03T08:14:49.096665+00:00 == seeded total
PASS [open exp+2h created -3h]: ada view at 2026-10-03T08:14:49.096666+00:00 consistent (balance=total, available=total-held>=0, held<=total) (10000, 2000, 8000)
PASS [open exp+2h created -3h]: bob view at 2026-10-03T08:14:49.096666+00:00 consistent (balance=total, available=total-held>=0, held<=total) (2500, 0, 2500)
PASS [open exp+2h created -3h]: cy view at 2026-10-03T08:14:49.096666+00:00 consistent (balance=total, available=total-held>=0, held<=total) (0, 0, 0)
PASS [open exp+2h created -3h]: sum of totals at 2026-10-03T08:14:49.096666+00:00 == seeded total
PASS [open exp+2h created -3h]: ada view at 2026-10-03T08:14:49.193245+00:00 consistent (balance=total, available=total-held>=0, held<=total) (9999, 2000, 7999)
PASS [open exp+2h created -3h]: bob view at 2026-10-03T08:14:49.193245+00:00 consistent (balance=total, available=total-held>=0, held<=total) (2500, 0, 2500)
PASS [open exp+2h created -3h]: cy view at 2026-10-03T08:14:49.193245+00:00 consistent (balance=total, available=total-held>=0, held<=total) (1, 1, 0)
PASS [open exp+2h created -3h]: sum of totals at 2026-10-03T08:14:49.193245+00:00 == seeded total
PASS [open exp+2h created -3h]: ada view at 2026-10-03T08:14:49.193246+00:00 consistent (balance=total, available=total-held>=0, held<=total) (9999, 2000, 7999)
PASS [open exp+2h created -3h]: bob view at 2026-10-03T08:14:49.193246+00:00 consistent (balance=total, available=total-held>=0, held<=total) (2500, 0, 2500)
PASS [open exp+2h created -3h]: cy view at 2026-10-03T08:14:49.193246+00:00 consistent (balance=total, available=total-held>=0, held<=total) (1, 1, 0)
PASS [open exp+2h created -3h]: sum of totals at 2026-10-03T08:14:49.193246+00:00 == seeded total
PASS [open exp+2h created -3h]: ada view at 2026-10-03T08:14:49.193247+00:00 consistent (balance=total, available=total-held>=0, held<=total) (9999, 2000, 7999)
PASS [open exp+2h created -3h]: bob view at 2026-10-03T08:14:49.193247+00:00 consistent (balance=total, available=total-held>=0, held<=total) (2500, 0, 2500)
PASS [open exp+2h created -3h]: cy view at 2026-10-03T08:14:49.193247+00:00 consistent (balance=total, available=total-held>=0, held<=total) (1, 1, 0)
PASS [open exp+2h created -3h]: sum of totals at 2026-10-03T08:14:49.193247+00:00 == seeded total
PASS [open exp+2h created -3h]: ada view at 2026-10-03T10:14:49.084159+00:00 consistent (balance=total, available=total-held>=0, held<=total) (9999, 2000, 7999)
PASS [open exp+2h created -3h]: bob view at 2026-10-03T10:14:49.084159+00:00 consistent (balance=total, available=total-held>=0, held<=total) (2500, 0, 2500)
PASS [open exp+2h created -3h]: cy view at 2026-10-03T10:14:49.084159+00:00 consistent (balance=total, available=total-held>=0, held<=total) (1, 0, 1)
PASS [open exp+2h created -3h]: sum of totals at 2026-10-03T10:14:49.084159+00:00 == seeded total
PASS [open exp+2h created -3h]: ada view at 2026-10-03T10:14:49.084160+00:00 consistent (balance=total, available=total-held>=0, held<=total) (9999, 0, 9999)
PASS [open exp+2h created -3h]: bob view at 2026-10-03T10:14:49.084160+00:00 consistent (balance=total, available=total-held>=0, held<=total) (2500, 0, 2500)
PASS [open exp+2h created -3h]: cy view at 2026-10-03T10:14:49.084160+00:00 consistent (balance=total, available=total-held>=0, held<=total) (1, 0, 1)
PASS [open exp+2h created -3h]: sum of totals at 2026-10-03T10:14:49.084160+00:00 == seeded total
PASS [open exp+2h created -3h]: ada view at 2026-10-03T10:14:49.084161+00:00 consistent (balance=total, available=total-held>=0, held<=total) (9999, 0, 9999)
PASS [open exp+2h created -3h]: bob view at 2026-10-03T10:14:49.084161+00:00 consistent (balance=total, available=total-held>=0, held<=total) (2500, 0, 2500)
PASS [open exp+2h created -3h]: cy view at 2026-10-03T10:14:49.084161+00:00 consistent (balance=total, available=total-held>=0, held<=total) (1, 0, 1)
PASS [open exp+2h created -3h]: sum of totals at 2026-10-03T10:14:49.084161+00:00 == seeded total
PASS [open exp+2h created -3h]: ada view at 1970-01-01T00:00:00.000000+00:00 consistent (balance=total, available=total-held>=0, held<=total) (10000, 0, 10000)
PASS [open exp+2h created -3h]: bob view at 1970-01-01T00:00:00.000000+00:00 consistent (balance=total, available=total-held>=0, held<=total) (2500, 0, 2500)
PASS [open exp+2h created -3h]: cy view at 1970-01-01T00:00:00.000000+00:00 consistent (balance=total, available=total-held>=0, held<=total) (0, 0, 0)
PASS [open exp+2h created -3h]: sum of totals at 1970-01-01T00:00:00.000000+00:00 == seeded total
PASS [open exp+2h created -3h]: ada view at 9999-12-31T23:59:59.000000+00:00 consistent (balance=total, available=total-held>=0, held<=total) (9999, 0, 9999)
PASS [open exp+2h created -3h]: bob view at 9999-12-31T23:59:59.000000+00:00 consistent (balance=total, available=total-held>=0, held<=total) (2500, 0, 2500)
PASS [open exp+2h created -3h]: cy view at 9999-12-31T23:59:59.000000+00:00 consistent (balance=total, available=total-held>=0, held<=total) (1, 0, 1)
PASS [open exp+2h created -3h]: sum of totals at 9999-12-31T23:59:59.000000+00:00 == seeded total
PASS [open exp+2h created -3h] a payment above available is refused (409 insufficient_funds) 7999
PASS [open exp+2h created -3h] capture of the seeded live open hold -> 201, created_at now
PASS [open exp+2h created -3h] after the capture attempt: balances conserved, all views still consistent
PASS [open exp+2h created -3h] export -> 200
PASS [open exp+2h created -3h] import #1 of its own export -> 204
PASS [open exp+2h created -3h] import #1: balances/held/available and every authorization field (closed_at, expires_at, payment_ids, status, created_at) unchanged
PASS [open exp+2h created -3h] import #1: next payment stamped at its own request time (clock not moved by imported values)
PASS [open exp+2h created -3h] import #2 of its own export -> 204
PASS [open exp+2h created -3h] import #2: balances/held/available and every authorization field (closed_at, expires_at, payment_ids, status, created_at) unchanged
PASS [open exp+2h created -3h] import #2: next payment stamped at its own request time (clock not moved by imported values)
PASS [open exp+2h created +2h] reset -> 204 or 422 (never 5xx)
PASS [captured exp-2h created omitted] reset -> 204 or 422 (never 5xx)
PASS [captured exp-2h created omitted] clock: new payment created_at within its request window (+-30 ms), not ratcheted by seeded values
PASS [captured exp-2h created omitted] clock: new authorization (cy has 1) created_at within its request window
PASS [captured exp-2h created omitted] hold created_at omitted -> the reset instant (between request start and end), not a truncated second
PASS [captured exp-2h created omitted] closed_at is never in the future (an event time)
PASS [captured exp-2h created omitted] open status iff closed_at null (status shown captured)
PASS [captured exp-2h created omitted] current /me held == 2000 exactly for a live seeded open hold, else 0 (0, 9999)
PASS [captured exp-2h created omitted]: ada view at 2026-10-03T06:14:49.780295+00:00 consistent (balance=total, available=total-held>=0, held<=total) (10000, 0, 10000)
PASS [captured exp-2h created omitted]: bob view at 2026-10-03T06:14:49.780295+00:00 consistent (balance=total, available=total-held>=0, held<=total) (2500, 0, 2500)
PASS [captured exp-2h created omitted]: cy view at 2026-10-03T06:14:49.780295+00:00 consistent (balance=total, available=total-held>=0, held<=total) (0, 0, 0)
PASS [captured exp-2h created omitted]: sum of totals at 2026-10-03T06:14:49.780295+00:00 == seeded total
PASS [captured exp-2h created omitted]: ada view at 2026-10-03T06:14:49.780296+00:00 consistent (balance=total, available=total-held>=0, held<=total) (10000, 0, 10000)
PASS [captured exp-2h created omitted]: bob view at 2026-10-03T06:14:49.780296+00:00 consistent (balance=total, available=total-held>=0, held<=total) (2500, 0, 2500)
PASS [captured exp-2h created omitted]: cy view at 2026-10-03T06:14:49.780296+00:00 consistent (balance=total, available=total-held>=0, held<=total) (0, 0, 0)
PASS [captured exp-2h created omitted]: sum of totals at 2026-10-03T06:14:49.780296+00:00 == seeded total
PASS [captured exp-2h created omitted]: ada view at 2026-10-03T06:14:49.780297+00:00 consistent (balance=total, available=total-held>=0, held<=total) (10000, 0, 10000)
PASS [captured exp-2h created omitted]: bob view at 2026-10-03T06:14:49.780297+00:00 consistent (balance=total, available=total-held>=0, held<=total) (2500, 0, 2500)
PASS [captured exp-2h created omitted]: cy view at 2026-10-03T06:14:49.780297+00:00 consistent (balance=total, available=total-held>=0, held<=total) (0, 0, 0)
PASS [captured exp-2h created omitted]: sum of totals at 2026-10-03T06:14:49.780297+00:00 == seeded total
PASS [captured exp-2h created omitted]: ada view at 2026-10-03T08:14:49.780295+00:00 consistent (balance=total, available=total-held>=0, held<=total) (10000, 0, 10000)
PASS [captured exp-2h created omitted]: bob view at 2026-10-03T08:14:49.780295+00:00 consistent (balance=total, available=total-held>=0, held<=total) (2500, 0, 2500)
PASS [captured exp-2h created omitted]: cy view at 2026-10-03T08:14:49.780295+00:00 consistent (balance=total, available=total-held>=0, held<=total) (0, 0, 0)
PASS [captured exp-2h created omitted]: sum of totals at 2026-10-03T08:14:49.780295+00:00 == seeded total
PASS [captured exp-2h created omitted]: ada view at 2026-10-03T08:14:49.780296+00:00 consistent (balance=total, available=total-held>=0, held<=total) (10000, 0, 10000)
PASS [captured exp-2h created omitted]: bob view at 2026-10-03T08:14:49.780296+00:00 consistent (balance=total, available=total-held>=0, held<=total) (2500, 0, 2500)
PASS [captured exp-2h created omitted]: cy view at 2026-10-03T08:14:49.780296+00:00 consistent (balance=total, available=total-held>=0, held<=total) (0, 0, 0)
PASS [captured exp-2h created omitted]: sum of totals at 2026-10-03T08:14:49.780296+00:00 == seeded total
PASS [captured exp-2h created omitted]: ada view at 2026-10-03T08:14:49.780297+00:00 consistent (balance=total, available=total-held>=0, held<=total) (10000, 0, 10000)
PASS [captured exp-2h created omitted]: bob view at 2026-10-03T08:14:49.780297+00:00 consistent (balance=total, available=total-held>=0, held<=total) (2500, 0, 2500)
PASS [captured exp-2h created omitted]: cy view at 2026-10-03T08:14:49.780297+00:00 consistent (balance=total, available=total-held>=0, held<=total) (0, 0, 0)
PASS [captured exp-2h created omitted]: sum of totals at 2026-10-03T08:14:49.780297+00:00 == seeded total
PASS [captured exp-2h created omitted]: ada view at 2026-10-03T08:14:49.793926+00:00 consistent (balance=total, available=total-held>=0, held<=total) (10000, 0, 10000)
PASS [captured exp-2h created omitted]: bob view at 2026-10-03T08:14:49.793926+00:00 consistent (balance=total, available=total-held>=0, held<=total) (2500, 0, 2500)
PASS [captured exp-2h created omitted]: cy view at 2026-10-03T08:14:49.793926+00:00 consistent (balance=total, available=total-held>=0, held<=total) (0, 0, 0)
PASS [captured exp-2h created omitted]: sum of totals at 2026-10-03T08:14:49.793926+00:00 == seeded total
PASS [captured exp-2h created omitted]: ada view at 2026-10-03T08:14:49.793927+00:00 consistent (balance=total, available=total-held>=0, held<=total) (10000, 0, 10000)
PASS [captured exp-2h created omitted]: bob view at 2026-10-03T08:14:49.793927+00:00 consistent (balance=total, available=total-held>=0, held<=total) (2500, 0, 2500)
PASS [captured exp-2h created omitted]: cy view at 2026-10-03T08:14:49.793927+00:00 consistent (balance=total, available=total-held>=0, held<=total) (0, 0, 0)
PASS [captured exp-2h created omitted]: sum of totals at 2026-10-03T08:14:49.793927+00:00 == seeded total
PASS [captured exp-2h created omitted]: ada view at 2026-10-03T08:14:49.793928+00:00 consistent (balance=total, available=total-held>=0, held<=total) (10000, 0, 10000)
PASS [captured exp-2h created omitted]: bob view at 2026-10-03T08:14:49.793928+00:00 consistent (balance=total, available=total-held>=0, held<=total) (2500, 0, 2500)
PASS [captured exp-2h created omitted]: cy view at 2026-10-03T08:14:49.793928+00:00 consistent (balance=total, available=total-held>=0, held<=total) (0, 0, 0)
PASS [captured exp-2h created omitted]: sum of totals at 2026-10-03T08:14:49.793928+00:00 == seeded total
PASS [captured exp-2h created omitted]: ada view at 2026-10-03T08:14:49.805717+00:00 consistent (balance=total, available=total-held>=0, held<=total) (10000, 0, 10000)
PASS [captured exp-2h created omitted]: bob view at 2026-10-03T08:14:49.805717+00:00 consistent (balance=total, available=total-held>=0, held<=total) (2500, 0, 2500)
PASS [captured exp-2h created omitted]: cy view at 2026-10-03T08:14:49.805717+00:00 consistent (balance=total, available=total-held>=0, held<=total) (0, 0, 0)
PASS [captured exp-2h created omitted]: sum of totals at 2026-10-03T08:14:49.805717+00:00 == seeded total
PASS [captured exp-2h created omitted]: ada view at 2026-10-03T08:14:49.805718+00:00 consistent (balance=total, available=total-held>=0, held<=total) (10000, 0, 10000)
PASS [captured exp-2h created omitted]: bob view at 2026-10-03T08:14:49.805718+00:00 consistent (balance=total, available=total-held>=0, held<=total) (2500, 0, 2500)
PASS [captured exp-2h created omitted]: cy view at 2026-10-03T08:14:49.805718+00:00 consistent (balance=total, available=total-held>=0, held<=total) (0, 0, 0)
PASS [captured exp-2h created omitted]: sum of totals at 2026-10-03T08:14:49.805718+00:00 == seeded total
PASS [captured exp-2h created omitted]: ada view at 2026-10-03T08:14:49.805719+00:00 consistent (balance=total, available=total-held>=0, held<=total) (10000, 0, 10000)
PASS [captured exp-2h created omitted]: bob view at 2026-10-03T08:14:49.805719+00:00 consistent (balance=total, available=total-held>=0, held<=total) (2500, 0, 2500)
PASS [captured exp-2h created omitted]: cy view at 2026-10-03T08:14:49.805719+00:00 consistent (balance=total, available=total-held>=0, held<=total) (0, 0, 0)
PASS [captured exp-2h created omitted]: sum of totals at 2026-10-03T08:14:49.805719+00:00 == seeded total
PASS [captured exp-2h created omitted]: ada view at 2026-10-03T08:14:49.882734+00:00 consistent (balance=total, available=total-held>=0, held<=total) (9999, 0, 9999)
PASS [captured exp-2h created omitted]: bob view at 2026-10-03T08:14:49.882734+00:00 consistent (balance=total, available=total-held>=0, held<=total) (2500, 0, 2500)
PASS [captured exp-2h created omitted]: cy view at 2026-10-03T08:14:49.882734+00:00 consistent (balance=total, available=total-held>=0, held<=total) (1, 1, 0)
PASS [captured exp-2h created omitted]: sum of totals at 2026-10-03T08:14:49.882734+00:00 == seeded total
PASS [captured exp-2h created omitted]: ada view at 2026-10-03T08:14:49.882735+00:00 consistent (balance=total, available=total-held>=0, held<=total) (9999, 0, 9999)
PASS [captured exp-2h created omitted]: bob view at 2026-10-03T08:14:49.882735+00:00 consistent (balance=total, available=total-held>=0, held<=total) (2500, 0, 2500)
PASS [captured exp-2h created omitted]: cy view at 2026-10-03T08:14:49.882735+00:00 consistent (balance=total, available=total-held>=0, held<=total) (1, 1, 0)
PASS [captured exp-2h created omitted]: sum of totals at 2026-10-03T08:14:49.882735+00:00 == seeded total
PASS [captured exp-2h created omitted]: ada view at 2026-10-03T08:14:49.882736+00:00 consistent (balance=total, available=total-held>=0, held<=total) (9999, 0, 9999)
PASS [captured exp-2h created omitted]: bob view at 2026-10-03T08:14:49.882736+00:00 consistent (balance=total, available=total-held>=0, held<=total) (2500, 0, 2500)
PASS [captured exp-2h created omitted]: cy view at 2026-10-03T08:14:49.882736+00:00 consistent (balance=total, available=total-held>=0, held<=total) (1, 1, 0)
PASS [captured exp-2h created omitted]: sum of totals at 2026-10-03T08:14:49.882736+00:00 == seeded total
PASS [captured exp-2h created omitted]: ada view at 1970-01-01T00:00:00.000000+00:00 consistent (balance=total, available=total-held>=0, held<=total) (10000, 0, 10000)
PASS [captured exp-2h created omitted]: bob view at 1970-01-01T00:00:00.000000+00:00 consistent (balance=total, available=total-held>=0, held<=total) (2500, 0, 2500)
PASS [captured exp-2h created omitted]: cy view at 1970-01-01T00:00:00.000000+00:00 consistent (balance=total, available=total-held>=0, held<=total) (0, 0, 0)
PASS [captured exp-2h created omitted]: sum of totals at 1970-01-01T00:00:00.000000+00:00 == seeded total
PASS [captured exp-2h created omitted]: ada view at 9999-12-31T23:59:59.000000+00:00 consistent (balance=total, available=total-held>=0, held<=total) (9999, 0, 9999)
PASS [captured exp-2h created omitted]: bob view at 9999-12-31T23:59:59.000000+00:00 consistent (balance=total, available=total-held>=0, held<=total) (2500, 0, 2500)
PASS [captured exp-2h created omitted]: cy view at 9999-12-31T23:59:59.000000+00:00 consistent (balance=total, available=total-held>=0, held<=total) (1, 0, 1)
PASS [captured exp-2h created omitted]: sum of totals at 9999-12-31T23:59:59.000000+00:00 == seeded total
PASS [captured exp-2h created omitted] a payment above available is refused (409 insufficient_funds) 9999
PASS [captured exp-2h created omitted] capture of a closed/expired seeded hold -> 409, never 201 (authorization_not_open)
PASS [captured exp-2h created omitted] after the capture attempt: balances conserved, all views still consistent
PASS [captured exp-2h created omitted] export -> 200
PASS [captured exp-2h created omitted] import #1 of its own export -> 204
PASS [captured exp-2h created omitted] import #1: balances/held/available and every authorization field (closed_at, expires_at, payment_ids, status, created_at) unchanged
PASS [captured exp-2h created omitted] import #1: next payment stamped at its own request time (clock not moved by imported values)
PASS [captured exp-2h created omitted] import #2 of its own export -> 204
PASS [captured exp-2h created omitted] import #2: balances/held/available and every authorization field (closed_at, expires_at, payment_ids, status, created_at) unchanged
PASS [captured exp-2h created omitted] import #2: next payment stamped at its own request time (clock not moved by imported values)
PASS [captured exp-2h created -3h] reset -> 204 or 422 (never 5xx)
PASS [captured exp-2h created -3h] clock: new payment created_at within its request window (+-30 ms), not ratcheted by seeded values
PASS [captured exp-2h created -3h] clock: new authorization (cy has 1) created_at within its request window
PASS [captured exp-2h created -3h] supplied created_at kept
PASS [captured exp-2h created -3h] closed_at is never in the future (an event time)
PASS [captured exp-2h created -3h] open status iff closed_at null (status shown captured)
PASS [captured exp-2h created -3h] current /me held == 2000 exactly for a live seeded open hold, else 0 (0, 9999)
PASS [captured exp-2h created -3h]: ada view at 2026-10-03T05:14:50.580902+00:00 consistent (balance=total, available=total-held>=0, held<=total) (10000, 0, 10000)
PASS [captured exp-2h created -3h]: bob view at 2026-10-03T05:14:50.580902+00:00 consistent (balance=total, available=total-held>=0, held<=total) (2500, 0, 2500)
PASS [captured exp-2h created -3h]: cy view at 2026-10-03T05:14:50.580902+00:00 consistent (balance=total, available=total-held>=0, held<=total) (0, 0, 0)
PASS [captured exp-2h created -3h]: sum of totals at 2026-10-03T05:14:50.580902+00:00 == seeded total
PASS [captured exp-2h created -3h]: ada view at 2026-10-03T05:14:50.580903+00:00 consistent (balance=total, available=total-held>=0, held<=total) (10000, 0, 10000)
PASS [captured exp-2h created -3h]: bob view at 2026-10-03T05:14:50.580903+00:00 consistent (balance=total, available=total-held>=0, held<=total) (2500, 0, 2500)
PASS [captured exp-2h created -3h]: cy view at 2026-10-03T05:14:50.580903+00:00 consistent (balance=total, available=total-held>=0, held<=total) (0, 0, 0)
PASS [captured exp-2h created -3h]: sum of totals at 2026-10-03T05:14:50.580903+00:00 == seeded total
PASS [captured exp-2h created -3h]: ada view at 2026-10-03T05:14:50.580904+00:00 consistent (balance=total, available=total-held>=0, held<=total) (10000, 0, 10000)
PASS [captured exp-2h created -3h]: bob view at 2026-10-03T05:14:50.580904+00:00 consistent (balance=total, available=total-held>=0, held<=total) (2500, 0, 2500)
PASS [captured exp-2h created -3h]: cy view at 2026-10-03T05:14:50.580904+00:00 consistent (balance=total, available=total-held>=0, held<=total) (0, 0, 0)
PASS [captured exp-2h created -3h]: sum of totals at 2026-10-03T05:14:50.580904+00:00 == seeded total
PASS [captured exp-2h created -3h]: ada view at 2026-10-03T06:14:50.580902+00:00 consistent (balance=total, available=total-held>=0, held<=total) (10000, 0, 10000)
PASS [captured exp-2h created -3h]: bob view at 2026-10-03T06:14:50.580902+00:00 consistent (balance=total, available=total-held>=0, held<=total) (2500, 0, 2500)
PASS [captured exp-2h created -3h]: cy view at 2026-10-03T06:14:50.580902+00:00 consistent (balance=total, available=total-held>=0, held<=total) (0, 0, 0)
PASS [captured exp-2h created -3h]: sum of totals at 2026-10-03T06:14:50.580902+00:00 == seeded total
PASS [captured exp-2h created -3h]: ada view at 2026-10-03T06:14:50.580903+00:00 consistent (balance=total, available=total-held>=0, held<=total) (10000, 0, 10000)
PASS [captured exp-2h created -3h]: bob view at 2026-10-03T06:14:50.580903+00:00 consistent (balance=total, available=total-held>=0, held<=total) (2500, 0, 2500)
PASS [captured exp-2h created -3h]: cy view at 2026-10-03T06:14:50.580903+00:00 consistent (balance=total, available=total-held>=0, held<=total) (0, 0, 0)
PASS [captured exp-2h created -3h]: sum of totals at 2026-10-03T06:14:50.580903+00:00 == seeded total
PASS [captured exp-2h created -3h]: ada view at 2026-10-03T06:14:50.580904+00:00 consistent (balance=total, available=total-held>=0, held<=total) (10000, 0, 10000)
PASS [captured exp-2h created -3h]: bob view at 2026-10-03T06:14:50.580904+00:00 consistent (balance=total, available=total-held>=0, held<=total) (2500, 0, 2500)
PASS [captured exp-2h created -3h]: cy view at 2026-10-03T06:14:50.580904+00:00 consistent (balance=total, available=total-held>=0, held<=total) (0, 0, 0)
PASS [captured exp-2h created -3h]: sum of totals at 2026-10-03T06:14:50.580904+00:00 == seeded total
PASS [captured exp-2h created -3h]: ada view at 2026-10-03T08:14:50.580902+00:00 consistent (balance=total, available=total-held>=0, held<=total) (10000, 0, 10000)
PASS [captured exp-2h created -3h]: bob view at 2026-10-03T08:14:50.580902+00:00 consistent (balance=total, available=total-held>=0, held<=total) (2500, 0, 2500)
PASS [captured exp-2h created -3h]: cy view at 2026-10-03T08:14:50.580902+00:00 consistent (balance=total, available=total-held>=0, held<=total) (0, 0, 0)
PASS [captured exp-2h created -3h]: sum of totals at 2026-10-03T08:14:50.580902+00:00 == seeded total
PASS [captured exp-2h created -3h]: ada view at 2026-10-03T08:14:50.580903+00:00 consistent (balance=total, available=total-held>=0, held<=total) (10000, 0, 10000)
PASS [captured exp-2h created -3h]: bob view at 2026-10-03T08:14:50.580903+00:00 consistent (balance=total, available=total-held>=0, held<=total) (2500, 0, 2500)
PASS [captured exp-2h created -3h]: cy view at 2026-10-03T08:14:50.580903+00:00 consistent (balance=total, available=total-held>=0, held<=total) (0, 0, 0)
PASS [captured exp-2h created -3h]: sum of totals at 2026-10-03T08:14:50.580903+00:00 == seeded total
PASS [captured exp-2h created -3h]: ada view at 2026-10-03T08:14:50.580904+00:00 consistent (balance=total, available=total-held>=0, held<=total) (10000, 0, 10000)
PASS [captured exp-2h created -3h]: bob view at 2026-10-03T08:14:50.580904+00:00 consistent (balance=total, available=total-held>=0, held<=total) (2500, 0, 2500)
PASS [captured exp-2h created -3h]: cy view at 2026-10-03T08:14:50.580904+00:00 consistent (balance=total, available=total-held>=0, held<=total) (0, 0, 0)
PASS [captured exp-2h created -3h]: sum of totals at 2026-10-03T08:14:50.580904+00:00 == seeded total
PASS [captured exp-2h created -3h]: ada view at 2026-10-03T08:14:50.591309+00:00 consistent (balance=total, available=total-held>=0, held<=total) (10000, 0, 10000)
PASS [captured exp-2h created -3h]: bob view at 2026-10-03T08:14:50.591309+00:00 consistent (balance=total, available=total-held>=0, held<=total) (2500, 0, 2500)
PASS [captured exp-2h created -3h]: cy view at 2026-10-03T08:14:50.591309+00:00 consistent (balance=total, available=total-held>=0, held<=total) (0, 0, 0)
PASS [captured exp-2h created -3h]: sum of totals at 2026-10-03T08:14:50.591309+00:00 == seeded total
PASS [captured exp-2h created -3h]: ada view at 2026-10-03T08:14:50.591310+00:00 consistent (balance=total, available=total-held>=0, held<=total) (10000, 0, 10000)
PASS [captured exp-2h created -3h]: bob view at 2026-10-03T08:14:50.591310+00:00 consistent (balance=total, available=total-held>=0, held<=total) (2500, 0, 2500)
PASS [captured exp-2h created -3h]: cy view at 2026-10-03T08:14:50.591310+00:00 consistent (balance=total, available=total-held>=0, held<=total) (0, 0, 0)
PASS [captured exp-2h created -3h]: sum of totals at 2026-10-03T08:14:50.591310+00:00 == seeded total
PASS [captured exp-2h created -3h]: ada view at 2026-10-03T08:14:50.591311+00:00 consistent (balance=total, available=total-held>=0, held<=total) (10000, 0, 10000)
PASS [captured exp-2h created -3h]: bob view at 2026-10-03T08:14:50.591311+00:00 consistent (balance=total, available=total-held>=0, held<=total) (2500, 0, 2500)
PASS [captured exp-2h created -3h]: cy view at 2026-10-03T08:14:50.591311+00:00 consistent (balance=total, available=total-held>=0, held<=total) (0, 0, 0)
PASS [captured exp-2h created -3h]: sum of totals at 2026-10-03T08:14:50.591311+00:00 == seeded total
PASS [captured exp-2h created -3h]: ada view at 2026-10-03T08:14:50.684186+00:00 consistent (balance=total, available=total-held>=0, held<=total) (9999, 0, 9999)
PASS [captured exp-2h created -3h]: bob view at 2026-10-03T08:14:50.684186+00:00 consistent (balance=total, available=total-held>=0, held<=total) (2500, 0, 2500)
PASS [captured exp-2h created -3h]: cy view at 2026-10-03T08:14:50.684186+00:00 consistent (balance=total, available=total-held>=0, held<=total) (1, 1, 0)
PASS [captured exp-2h created -3h]: sum of totals at 2026-10-03T08:14:50.684186+00:00 == seeded total
PASS [captured exp-2h created -3h]: ada view at 2026-10-03T08:14:50.684187+00:00 consistent (balance=total, available=total-held>=0, held<=total) (9999, 0, 9999)
PASS [captured exp-2h created -3h]: bob view at 2026-10-03T08:14:50.684187+00:00 consistent (balance=total, available=total-held>=0, held<=total) (2500, 0, 2500)
PASS [captured exp-2h created -3h]: cy view at 2026-10-03T08:14:50.684187+00:00 consistent (balance=total, available=total-held>=0, held<=total) (1, 1, 0)
PASS [captured exp-2h created -3h]: sum of totals at 2026-10-03T08:14:50.684187+00:00 == seeded total
PASS [captured exp-2h created -3h]: ada view at 2026-10-03T08:14:50.684188+00:00 consistent (balance=total, available=total-held>=0, held<=total) (9999, 0, 9999)
PASS [captured exp-2h created -3h]: bob view at 2026-10-03T08:14:50.684188+00:00 consistent (balance=total, available=total-held>=0, held<=total) (2500, 0, 2500)
PASS [captured exp-2h created -3h]: cy view at 2026-10-03T08:14:50.684188+00:00 consistent (balance=total, available=total-held>=0, held<=total) (1, 1, 0)
PASS [captured exp-2h created -3h]: sum of totals at 2026-10-03T08:14:50.684188+00:00 == seeded total
PASS [captured exp-2h created -3h]: ada view at 1970-01-01T00:00:00.000000+00:00 consistent (balance=total, available=total-held>=0, held<=total) (10000, 0, 10000)
PASS [captured exp-2h created -3h]: bob view at 1970-01-01T00:00:00.000000+00:00 consistent (balance=total, available=total-held>=0, held<=total) (2500, 0, 2500)
PASS [captured exp-2h created -3h]: cy view at 1970-01-01T00:00:00.000000+00:00 consistent (balance=total, available=total-held>=0, held<=total) (0, 0, 0)
PASS [captured exp-2h created -3h]: sum of totals at 1970-01-01T00:00:00.000000+00:00 == seeded total
PASS [captured exp-2h created -3h]: ada view at 9999-12-31T23:59:59.000000+00:00 consistent (balance=total, available=total-held>=0, held<=total) (9999, 0, 9999)
PASS [captured exp-2h created -3h]: bob view at 9999-12-31T23:59:59.000000+00:00 consistent (balance=total, available=total-held>=0, held<=total) (2500, 0, 2500)
PASS [captured exp-2h created -3h]: cy view at 9999-12-31T23:59:59.000000+00:00 consistent (balance=total, available=total-held>=0, held<=total) (1, 0, 1)
PASS [captured exp-2h created -3h]: sum of totals at 9999-12-31T23:59:59.000000+00:00 == seeded total
PASS [captured exp-2h created -3h] a payment above available is refused (409 insufficient_funds) 9999
PASS [captured exp-2h created -3h] capture of a closed/expired seeded hold -> 409, never 201 (authorization_not_open)
PASS [captured exp-2h created -3h] after the capture attempt: balances conserved, all views still consistent
PASS [captured exp-2h created -3h] export -> 200
PASS [captured exp-2h created -3h] import #1 of its own export -> 204
PASS [captured exp-2h created -3h] import #1: balances/held/available and every authorization field (closed_at, expires_at, payment_ids, status, created_at) unchanged
PASS [captured exp-2h created -3h] import #1: next payment stamped at its own request time (clock not moved by imported values)
PASS [captured exp-2h created -3h] import #2 of its own export -> 204
PASS [captured exp-2h created -3h] import #2: balances/held/available and every authorization field (closed_at, expires_at, payment_ids, status, created_at) unchanged
PASS [captured exp-2h created -3h] import #2: next payment stamped at its own request time (clock not moved by imported values)
PASS [captured exp-2h created +2h] reset -> 204 or 422 (never 5xx)
PASS [captured exp+2h created omitted] reset -> 204 or 422 (never 5xx)
PASS [captured exp+2h created omitted] clock: new payment created_at within its request window (+-30 ms), not ratcheted by seeded values
PASS [captured exp+2h created omitted] clock: new authorization (cy has 1) created_at within its request window
PASS [captured exp+2h created omitted] hold created_at omitted -> the reset instant (between request start and end), not a truncated second
PASS [captured exp+2h created omitted] closed_at is never in the future (an event time)
PASS [captured exp+2h created omitted] open status iff closed_at null (status shown captured)
PASS [captured exp+2h created omitted] current /me held == 2000 exactly for a live seeded open hold, else 0 (0, 9999)
PASS [captured exp+2h created omitted]: ada view at 2026-10-03T08:14:51.200830+00:00 consistent (balance=total, available=total-held>=0, held<=total) (10000, 0, 10000)
PASS [captured exp+2h created omitted]: bob view at 2026-10-03T08:14:51.200830+00:00 consistent (balance=total, available=total-held>=0, held<=total) (2500, 0, 2500)
PASS [captured exp+2h created omitted]: cy view at 2026-10-03T08:14:51.200830+00:00 consistent (balance=total, available=total-held>=0, held<=total) (0, 0, 0)
PASS [captured exp+2h created omitted]: sum of totals at 2026-10-03T08:14:51.200830+00:00 == seeded total
PASS [captured exp+2h created omitted]: ada view at 2026-10-03T08:14:51.200831+00:00 consistent (balance=total, available=total-held>=0, held<=total) (10000, 0, 10000)
PASS [captured exp+2h created omitted]: bob view at 2026-10-03T08:14:51.200831+00:00 consistent (balance=total, available=total-held>=0, held<=total) (2500, 0, 2500)
PASS [captured exp+2h created omitted]: cy view at 2026-10-03T08:14:51.200831+00:00 consistent (balance=total, available=total-held>=0, held<=total) (0, 0, 0)
PASS [captured exp+2h created omitted]: sum of totals at 2026-10-03T08:14:51.200831+00:00 == seeded total
PASS [captured exp+2h created omitted]: ada view at 2026-10-03T08:14:51.200832+00:00 consistent (balance=total, available=total-held>=0, held<=total) (10000, 0, 10000)
PASS [captured exp+2h created omitted]: bob view at 2026-10-03T08:14:51.200832+00:00 consistent (balance=total, available=total-held>=0, held<=total) (2500, 0, 2500)
PASS [captured exp+2h created omitted]: cy view at 2026-10-03T08:14:51.200832+00:00 consistent (balance=total, available=total-held>=0, held<=total) (0, 0, 0)
PASS [captured exp+2h created omitted]: sum of totals at 2026-10-03T08:14:51.200832+00:00 == seeded total
PASS [captured exp+2h created omitted]: ada view at 2026-10-03T08:14:51.201991+00:00 consistent (balance=total, available=total-held>=0, held<=total) (10000, 0, 10000)
PASS [captured exp+2h created omitted]: bob view at 2026-10-03T08:14:51.201991+00:00 consistent (balance=total, available=total-held>=0, held<=total) (2500, 0, 2500)
PASS [captured exp+2h created omitted]: cy view at 2026-10-03T08:14:51.201991+00:00 consistent (balance=total, available=total-held>=0, held<=total) (0, 0, 0)
PASS [captured exp+2h created omitted]: sum of totals at 2026-10-03T08:14:51.201991+00:00 == seeded total
PASS [captured exp+2h created omitted]: ada view at 2026-10-03T08:14:51.201992+00:00 consistent (balance=total, available=total-held>=0, held<=total) (10000, 0, 10000)
PASS [captured exp+2h created omitted]: bob view at 2026-10-03T08:14:51.201992+00:00 consistent (balance=total, available=total-held>=0, held<=total) (2500, 0, 2500)
PASS [captured exp+2h created omitted]: cy view at 2026-10-03T08:14:51.201992+00:00 consistent (balance=total, available=total-held>=0, held<=total) (0, 0, 0)
PASS [captured exp+2h created omitted]: sum of totals at 2026-10-03T08:14:51.201992+00:00 == seeded total
PASS [captured exp+2h created omitted]: ada view at 2026-10-03T08:14:51.201993+00:00 consistent (balance=total, available=total-held>=0, held<=total) (10000, 0, 10000)
PASS [captured exp+2h created omitted]: bob view at 2026-10-03T08:14:51.201993+00:00 consistent (balance=total, available=total-held>=0, held<=total) (2500, 0, 2500)
PASS [captured exp+2h created omitted]: cy view at 2026-10-03T08:14:51.201993+00:00 consistent (balance=total, available=total-held>=0, held<=total) (0, 0, 0)
PASS [captured exp+2h created omitted]: sum of totals at 2026-10-03T08:14:51.201993+00:00 == seeded total
PASS [captured exp+2h created omitted]: ada view at 2026-10-03T08:14:51.214183+00:00 consistent (balance=total, available=total-held>=0, held<=total) (10000, 0, 10000)
PASS [captured exp+2h created omitted]: bob view at 2026-10-03T08:14:51.214183+00:00 consistent (balance=total, available=total-held>=0, held<=total) (2500, 0, 2500)
PASS [captured exp+2h created omitted]: cy view at 2026-10-03T08:14:51.214183+00:00 consistent (balance=total, available=total-held>=0, held<=total) (0, 0, 0)
PASS [captured exp+2h created omitted]: sum of totals at 2026-10-03T08:14:51.214183+00:00 == seeded total
PASS [captured exp+2h created omitted]: ada view at 2026-10-03T08:14:51.214184+00:00 consistent (balance=total, available=total-held>=0, held<=total) (10000, 0, 10000)
PASS [captured exp+2h created omitted]: bob view at 2026-10-03T08:14:51.214184+00:00 consistent (balance=total, available=total-held>=0, held<=total) (2500, 0, 2500)
PASS [captured exp+2h created omitted]: cy view at 2026-10-03T08:14:51.214184+00:00 consistent (balance=total, available=total-held>=0, held<=total) (0, 0, 0)
PASS [captured exp+2h created omitted]: sum of totals at 2026-10-03T08:14:51.214184+00:00 == seeded total
PASS [captured exp+2h created omitted]: ada view at 2026-10-03T08:14:51.214185+00:00 consistent (balance=total, available=total-held>=0, held<=total) (10000, 0, 10000)
PASS [captured exp+2h created omitted]: bob view at 2026-10-03T08:14:51.214185+00:00 consistent (balance=total, available=total-held>=0, held<=total) (2500, 0, 2500)
PASS [captured exp+2h created omitted]: cy view at 2026-10-03T08:14:51.214185+00:00 consistent (balance=total, available=total-held>=0, held<=total) (0, 0, 0)
PASS [captured exp+2h created omitted]: sum of totals at 2026-10-03T08:14:51.214185+00:00 == seeded total
PASS [captured exp+2h created omitted]: ada view at 2026-10-03T08:14:51.298006+00:00 consistent (balance=total, available=total-held>=0, held<=total) (9999, 0, 9999)
PASS [captured exp+2h created omitted]: bob view at 2026-10-03T08:14:51.298006+00:00 consistent (balance=total, available=total-held>=0, held<=total) (2500, 0, 2500)
PASS [captured exp+2h created omitted]: cy view at 2026-10-03T08:14:51.298006+00:00 consistent (balance=total, available=total-held>=0, held<=total) (1, 1, 0)
PASS [captured exp+2h created omitted]: sum of totals at 2026-10-03T08:14:51.298006+00:00 == seeded total
PASS [captured exp+2h created omitted]: ada view at 2026-10-03T08:14:51.298007+00:00 consistent (balance=total, available=total-held>=0, held<=total) (9999, 0, 9999)
PASS [captured exp+2h created omitted]: bob view at 2026-10-03T08:14:51.298007+00:00 consistent (balance=total, available=total-held>=0, held<=total) (2500, 0, 2500)
PASS [captured exp+2h created omitted]: cy view at 2026-10-03T08:14:51.298007+00:00 consistent (balance=total, available=total-held>=0, held<=total) (1, 1, 0)
PASS [captured exp+2h created omitted]: sum of totals at 2026-10-03T08:14:51.298007+00:00 == seeded total
PASS [captured exp+2h created omitted]: ada view at 2026-10-03T08:14:51.298008+00:00 consistent (balance=total, available=total-held>=0, held<=total) (9999, 0, 9999)
PASS [captured exp+2h created omitted]: bob view at 2026-10-03T08:14:51.298008+00:00 consistent (balance=total, available=total-held>=0, held<=total) (2500, 0, 2500)
PASS [captured exp+2h created omitted]: cy view at 2026-10-03T08:14:51.298008+00:00 consistent (balance=total, available=total-held>=0, held<=total) (1, 1, 0)
PASS [captured exp+2h created omitted]: sum of totals at 2026-10-03T08:14:51.298008+00:00 == seeded total
PASS [captured exp+2h created omitted]: ada view at 2026-10-03T10:14:51.200830+00:00 consistent (balance=total, available=total-held>=0, held<=total) (9999, 0, 9999)
PASS [captured exp+2h created omitted]: bob view at 2026-10-03T10:14:51.200830+00:00 consistent (balance=total, available=total-held>=0, held<=total) (2500, 0, 2500)
PASS [captured exp+2h created omitted]: cy view at 2026-10-03T10:14:51.200830+00:00 consistent (balance=total, available=total-held>=0, held<=total) (1, 0, 1)
PASS [captured exp+2h created omitted]: sum of totals at 2026-10-03T10:14:51.200830+00:00 == seeded total
PASS [captured exp+2h created omitted]: ada view at 2026-10-03T10:14:51.200831+00:00 consistent (balance=total, available=total-held>=0, held<=total) (9999, 0, 9999)
PASS [captured exp+2h created omitted]: bob view at 2026-10-03T10:14:51.200831+00:00 consistent (balance=total, available=total-held>=0, held<=total) (2500, 0, 2500)
PASS [captured exp+2h created omitted]: cy view at 2026-10-03T10:14:51.200831+00:00 consistent (balance=total, available=total-held>=0, held<=total) (1, 0, 1)
PASS [captured exp+2h created omitted]: sum of totals at 2026-10-03T10:14:51.200831+00:00 == seeded total
PASS [captured exp+2h created omitted]: ada view at 2026-10-03T10:14:51.200832+00:00 consistent (balance=total, available=total-held>=0, held<=total) (9999, 0, 9999)
PASS [captured exp+2h created omitted]: bob view at 2026-10-03T10:14:51.200832+00:00 consistent (balance=total, available=total-held>=0, held<=total) (2500, 0, 2500)
PASS [captured exp+2h created omitted]: cy view at 2026-10-03T10:14:51.200832+00:00 consistent (balance=total, available=total-held>=0, held<=total) (1, 0, 1)
PASS [captured exp+2h created omitted]: sum of totals at 2026-10-03T10:14:51.200832+00:00 == seeded total
PASS [captured exp+2h created omitted]: ada view at 1970-01-01T00:00:00.000000+00:00 consistent (balance=total, available=total-held>=0, held<=total) (10000, 0, 10000)
PASS [captured exp+2h created omitted]: bob view at 1970-01-01T00:00:00.000000+00:00 consistent (balance=total, available=total-held>=0, held<=total) (2500, 0, 2500)
PASS [captured exp+2h created omitted]: cy view at 1970-01-01T00:00:00.000000+00:00 consistent (balance=total, available=total-held>=0, held<=total) (0, 0, 0)
PASS [captured exp+2h created omitted]: sum of totals at 1970-01-01T00:00:00.000000+00:00 == seeded total
PASS [captured exp+2h created omitted]: ada view at 9999-12-31T23:59:59.000000+00:00 consistent (balance=total, available=total-held>=0, held<=total) (9999, 0, 9999)
PASS [captured exp+2h created omitted]: bob view at 9999-12-31T23:59:59.000000+00:00 consistent (balance=total, available=total-held>=0, held<=total) (2500, 0, 2500)
PASS [captured exp+2h created omitted]: cy view at 9999-12-31T23:59:59.000000+00:00 consistent (balance=total, available=total-held>=0, held<=total) (1, 0, 1)
PASS [captured exp+2h created omitted]: sum of totals at 9999-12-31T23:59:59.000000+00:00 == seeded total
PASS [captured exp+2h created omitted] a payment above available is refused (409 insufficient_funds) 9999
PASS [captured exp+2h created omitted] capture of a closed/expired seeded hold -> 409, never 201 (authorization_not_open)
PASS [captured exp+2h created omitted] after the capture attempt: balances conserved, all views still consistent
PASS [captured exp+2h created omitted] export -> 200
PASS [captured exp+2h created omitted] import #1 of its own export -> 204
PASS [captured exp+2h created omitted] import #1: balances/held/available and every authorization field (closed_at, expires_at, payment_ids, status, created_at) unchanged
PASS [captured exp+2h created omitted] import #1: next payment stamped at its own request time (clock not moved by imported values)
PASS [captured exp+2h created omitted] import #2 of its own export -> 204
PASS [captured exp+2h created omitted] import #2: balances/held/available and every authorization field (closed_at, expires_at, payment_ids, status, created_at) unchanged
PASS [captured exp+2h created omitted] import #2: next payment stamped at its own request time (clock not moved by imported values)
PASS [captured exp+2h created -3h] reset -> 204 or 422 (never 5xx)
PASS [captured exp+2h created -3h] clock: new payment created_at within its request window (+-30 ms), not ratcheted by seeded values
PASS [captured exp+2h created -3h] clock: new authorization (cy has 1) created_at within its request window
PASS [captured exp+2h created -3h] supplied created_at kept
PASS [captured exp+2h created -3h] closed_at is never in the future (an event time)
PASS [captured exp+2h created -3h] open status iff closed_at null (status shown captured)
PASS [captured exp+2h created -3h] current /me held == 2000 exactly for a live seeded open hold, else 0 (0, 9999)
PASS [captured exp+2h created -3h]: ada view at 2026-10-03T05:14:51.802864+00:00 consistent (balance=total, available=total-held>=0, held<=total) (10000, 0, 10000)
PASS [captured exp+2h created -3h]: bob view at 2026-10-03T05:14:51.802864+00:00 consistent (balance=total, available=total-held>=0, held<=total) (2500, 0, 2500)
PASS [captured exp+2h created -3h]: cy view at 2026-10-03T05:14:51.802864+00:00 consistent (balance=total, available=total-held>=0, held<=total) (0, 0, 0)
PASS [captured exp+2h created -3h]: sum of totals at 2026-10-03T05:14:51.802864+00:00 == seeded total
PASS [captured exp+2h created -3h]: ada view at 2026-10-03T05:14:51.802865+00:00 consistent (balance=total, available=total-held>=0, held<=total) (10000, 0, 10000)
PASS [captured exp+2h created -3h]: bob view at 2026-10-03T05:14:51.802865+00:00 consistent (balance=total, available=total-held>=0, held<=total) (2500, 0, 2500)
PASS [captured exp+2h created -3h]: cy view at 2026-10-03T05:14:51.802865+00:00 consistent (balance=total, available=total-held>=0, held<=total) (0, 0, 0)
PASS [captured exp+2h created -3h]: sum of totals at 2026-10-03T05:14:51.802865+00:00 == seeded total
PASS [captured exp+2h created -3h]: ada view at 2026-10-03T05:14:51.802866+00:00 consistent (balance=total, available=total-held>=0, held<=total) (10000, 0, 10000)
PASS [captured exp+2h created -3h]: bob view at 2026-10-03T05:14:51.802866+00:00 consistent (balance=total, available=total-held>=0, held<=total) (2500, 0, 2500)
PASS [captured exp+2h created -3h]: cy view at 2026-10-03T05:14:51.802866+00:00 consistent (balance=total, available=total-held>=0, held<=total) (0, 0, 0)
PASS [captured exp+2h created -3h]: sum of totals at 2026-10-03T05:14:51.802866+00:00 == seeded total
PASS [captured exp+2h created -3h]: ada view at 2026-10-03T08:14:51.802864+00:00 consistent (balance=total, available=total-held>=0, held<=total) (10000, 0, 10000)
PASS [captured exp+2h created -3h]: bob view at 2026-10-03T08:14:51.802864+00:00 consistent (balance=total, available=total-held>=0, held<=total) (2500, 0, 2500)
PASS [captured exp+2h created -3h]: cy view at 2026-10-03T08:14:51.802864+00:00 consistent (balance=total, available=total-held>=0, held<=total) (0, 0, 0)
PASS [captured exp+2h created -3h]: sum of totals at 2026-10-03T08:14:51.802864+00:00 == seeded total
PASS [captured exp+2h created -3h]: ada view at 2026-10-03T08:14:51.802865+00:00 consistent (balance=total, available=total-held>=0, held<=total) (10000, 0, 10000)
PASS [captured exp+2h created -3h]: bob view at 2026-10-03T08:14:51.802865+00:00 consistent (balance=total, available=total-held>=0, held<=total) (2500, 0, 2500)
PASS [captured exp+2h created -3h]: cy view at 2026-10-03T08:14:51.802865+00:00 consistent (balance=total, available=total-held>=0, held<=total) (0, 0, 0)
PASS [captured exp+2h created -3h]: sum of totals at 2026-10-03T08:14:51.802865+00:00 == seeded total
PASS [captured exp+2h created -3h]: ada view at 2026-10-03T08:14:51.802866+00:00 consistent (balance=total, available=total-held>=0, held<=total) (10000, 0, 10000)
PASS [captured exp+2h created -3h]: bob view at 2026-10-03T08:14:51.802866+00:00 consistent (balance=total, available=total-held>=0, held<=total) (2500, 0, 2500)
PASS [captured exp+2h created -3h]: cy view at 2026-10-03T08:14:51.802866+00:00 consistent (balance=total, available=total-held>=0, held<=total) (0, 0, 0)
PASS [captured exp+2h created -3h]: sum of totals at 2026-10-03T08:14:51.802866+00:00 == seeded total
PASS [captured exp+2h created -3h]: ada view at 2026-10-03T08:14:51.831617+00:00 consistent (balance=total, available=total-held>=0, held<=total) (10000, 0, 10000)
PASS [captured exp+2h created -3h]: bob view at 2026-10-03T08:14:51.831617+00:00 consistent (balance=total, available=total-held>=0, held<=total) (2500, 0, 2500)
PASS [captured exp+2h created -3h]: cy view at 2026-10-03T08:14:51.831617+00:00 consistent (balance=total, available=total-held>=0, held<=total) (0, 0, 0)
PASS [captured exp+2h created -3h]: sum of totals at 2026-10-03T08:14:51.831617+00:00 == seeded total
PASS [captured exp+2h created -3h]: ada view at 2026-10-03T08:14:51.831618+00:00 consistent (balance=total, available=total-held>=0, held<=total) (10000, 0, 10000)
PASS [captured exp+2h created -3h]: bob view at 2026-10-03T08:14:51.831618+00:00 consistent (balance=total, available=total-held>=0, held<=total) (2500, 0, 2500)
PASS [captured exp+2h created -3h]: cy view at 2026-10-03T08:14:51.831618+00:00 consistent (balance=total, available=total-held>=0, held<=total) (0, 0, 0)
PASS [captured exp+2h created -3h]: sum of totals at 2026-10-03T08:14:51.831618+00:00 == seeded total
PASS [captured exp+2h created -3h]: ada view at 2026-10-03T08:14:51.831619+00:00 consistent (balance=total, available=total-held>=0, held<=total) (10000, 0, 10000)
PASS [captured exp+2h created -3h]: bob view at 2026-10-03T08:14:51.831619+00:00 consistent (balance=total, available=total-held>=0, held<=total) (2500, 0, 2500)
PASS [captured exp+2h created -3h]: cy view at 2026-10-03T08:14:51.831619+00:00 consistent (balance=total, available=total-held>=0, held<=total) (0, 0, 0)
PASS [captured exp+2h created -3h]: sum of totals at 2026-10-03T08:14:51.831619+00:00 == seeded total
PASS [captured exp+2h created -3h]: ada view at 2026-10-03T08:14:51.916275+00:00 consistent (balance=total, available=total-held>=0, held<=total) (9999, 0, 9999)
PASS [captured exp+2h created -3h]: bob view at 2026-10-03T08:14:51.916275+00:00 consistent (balance=total, available=total-held>=0, held<=total) (2500, 0, 2500)
PASS [captured exp+2h created -3h]: cy view at 2026-10-03T08:14:51.916275+00:00 consistent (balance=total, available=total-held>=0, held<=total) (1, 1, 0)
PASS [captured exp+2h created -3h]: sum of totals at 2026-10-03T08:14:51.916275+00:00 == seeded total
PASS [captured exp+2h created -3h]: ada view at 2026-10-03T08:14:51.916276+00:00 consistent (balance=total, available=total-held>=0, held<=total) (9999, 0, 9999)
PASS [captured exp+2h created -3h]: bob view at 2026-10-03T08:14:51.916276+00:00 consistent (balance=total, available=total-held>=0, held<=total) (2500, 0, 2500)
PASS [captured exp+2h created -3h]: cy view at 2026-10-03T08:14:51.916276+00:00 consistent (balance=total, available=total-held>=0, held<=total) (1, 1, 0)
PASS [captured exp+2h created -3h]: sum of totals at 2026-10-03T08:14:51.916276+00:00 == seeded total
PASS [captured exp+2h created -3h]: ada view at 2026-10-03T08:14:51.916277+00:00 consistent (balance=total, available=total-held>=0, held<=total) (9999, 0, 9999)
PASS [captured exp+2h created -3h]: bob view at 2026-10-03T08:14:51.916277+00:00 consistent (balance=total, available=total-held>=0, held<=total) (2500, 0, 2500)
PASS [captured exp+2h created -3h]: cy view at 2026-10-03T08:14:51.916277+00:00 consistent (balance=total, available=total-held>=0, held<=total) (1, 1, 0)
PASS [captured exp+2h created -3h]: sum of totals at 2026-10-03T08:14:51.916277+00:00 == seeded total
PASS [captured exp+2h created -3h]: ada view at 2026-10-03T10:14:51.802864+00:00 consistent (balance=total, available=total-held>=0, held<=total) (9999, 0, 9999)
PASS [captured exp+2h created -3h]: bob view at 2026-10-03T10:14:51.802864+00:00 consistent (balance=total, available=total-held>=0, held<=total) (2500, 0, 2500)
PASS [captured exp+2h created -3h]: cy view at 2026-10-03T10:14:51.802864+00:00 consistent (balance=total, available=total-held>=0, held<=total) (1, 0, 1)
PASS [captured exp+2h created -3h]: sum of totals at 2026-10-03T10:14:51.802864+00:00 == seeded total
PASS [captured exp+2h created -3h]: ada view at 2026-10-03T10:14:51.802865+00:00 consistent (balance=total, available=total-held>=0, held<=total) (9999, 0, 9999)
PASS [captured exp+2h created -3h]: bob view at 2026-10-03T10:14:51.802865+00:00 consistent (balance=total, available=total-held>=0, held<=total) (2500, 0, 2500)
PASS [captured exp+2h created -3h]: cy view at 2026-10-03T10:14:51.802865+00:00 consistent (balance=total, available=total-held>=0, held<=total) (1, 0, 1)
PASS [captured exp+2h created -3h]: sum of totals at 2026-10-03T10:14:51.802865+00:00 == seeded total
PASS [captured exp+2h created -3h]: ada view at 2026-10-03T10:14:51.802866+00:00 consistent (balance=total, available=total-held>=0, held<=total) (9999, 0, 9999)
PASS [captured exp+2h created -3h]: bob view at 2026-10-03T10:14:51.802866+00:00 consistent (balance=total, available=total-held>=0, held<=total) (2500, 0, 2500)
PASS [captured exp+2h created -3h]: cy view at 2026-10-03T10:14:51.802866+00:00 consistent (balance=total, available=total-held>=0, held<=total) (1, 0, 1)
PASS [captured exp+2h created -3h]: sum of totals at 2026-10-03T10:14:51.802866+00:00 == seeded total
PASS [captured exp+2h created -3h]: ada view at 1970-01-01T00:00:00.000000+00:00 consistent (balance=total, available=total-held>=0, held<=total) (10000, 0, 10000)
PASS [captured exp+2h created -3h]: bob view at 1970-01-01T00:00:00.000000+00:00 consistent (balance=total, available=total-held>=0, held<=total) (2500, 0, 2500)
PASS [captured exp+2h created -3h]: cy view at 1970-01-01T00:00:00.000000+00:00 consistent (balance=total, available=total-held>=0, held<=total) (0, 0, 0)
PASS [captured exp+2h created -3h]: sum of totals at 1970-01-01T00:00:00.000000+00:00 == seeded total
PASS [captured exp+2h created -3h]: ada view at 9999-12-31T23:59:59.000000+00:00 consistent (balance=total, available=total-held>=0, held<=total) (9999, 0, 9999)
PASS [captured exp+2h created -3h]: bob view at 9999-12-31T23:59:59.000000+00:00 consistent (balance=total, available=total-held>=0, held<=total) (2500, 0, 2500)
PASS [captured exp+2h created -3h]: cy view at 9999-12-31T23:59:59.000000+00:00 consistent (balance=total, available=total-held>=0, held<=total) (1, 0, 1)
PASS [captured exp+2h created -3h]: sum of totals at 9999-12-31T23:59:59.000000+00:00 == seeded total
PASS [captured exp+2h created -3h] a payment above available is refused (409 insufficient_funds) 9999
PASS [captured exp+2h created -3h] capture of a closed/expired seeded hold -> 409, never 201 (authorization_not_open)
PASS [captured exp+2h created -3h] after the capture attempt: balances conserved, all views still consistent
PASS [captured exp+2h created -3h] export -> 200
PASS [captured exp+2h created -3h] import #1 of its own export -> 204
PASS [captured exp+2h created -3h] import #1: balances/held/available and every authorization field (closed_at, expires_at, payment_ids, status, created_at) unchanged
PASS [captured exp+2h created -3h] import #1: next payment stamped at its own request time (clock not moved by imported values)
PASS [captured exp+2h created -3h] import #2 of its own export -> 204
PASS [captured exp+2h created -3h] import #2: balances/held/available and every authorization field (closed_at, expires_at, payment_ids, status, created_at) unchanged
PASS [captured exp+2h created -3h] import #2: next payment stamped at its own request time (clock not moved by imported values)
PASS [captured exp+2h created +2h] reset -> 204 or 422 (never 5xx)
PASS [voided exp-2h created omitted] reset -> 204 or 422 (never 5xx)
PASS [voided exp-2h created omitted] clock: new payment created_at within its request window (+-30 ms), not ratcheted by seeded values
PASS [voided exp-2h created omitted] clock: new authorization (cy has 1) created_at within its request window
PASS [voided exp-2h created omitted] hold created_at omitted -> the reset instant (between request start and end), not a truncated second
PASS [voided exp-2h created omitted] closed_at is never in the future (an event time)
PASS [voided exp-2h created omitted] open status iff closed_at null (status shown voided)
PASS [voided exp-2h created omitted] current /me held == 2000 exactly for a live seeded open hold, else 0 (0, 9999)
PASS [voided exp-2h created omitted]: ada view at 2026-10-03T06:14:52.238094+00:00 consistent (balance=total, available=total-held>=0, held<=total) (10000, 0, 10000)
PASS [voided exp-2h created omitted]: bob view at 2026-10-03T06:14:52.238094+00:00 consistent (balance=total, available=total-held>=0, held<=total) (2500, 0, 2500)
PASS [voided exp-2h created omitted]: cy view at 2026-10-03T06:14:52.238094+00:00 consistent (balance=total, available=total-held>=0, held<=total) (0, 0, 0)
PASS [voided exp-2h created omitted]: sum of totals at 2026-10-03T06:14:52.238094+00:00 == seeded total
PASS [voided exp-2h created omitted]: ada view at 2026-10-03T06:14:52.238095+00:00 consistent (balance=total, available=total-held>=0, held<=total) (10000, 0, 10000)
PASS [voided exp-2h created omitted]: bob view at 2026-10-03T06:14:52.238095+00:00 consistent (balance=total, available=total-held>=0, held<=total) (2500, 0, 2500)
PASS [voided exp-2h created omitted]: cy view at 2026-10-03T06:14:52.238095+00:00 consistent (balance=total, available=total-held>=0, held<=total) (0, 0, 0)
PASS [voided exp-2h created omitted]: sum of totals at 2026-10-03T06:14:52.238095+00:00 == seeded total
PASS [voided exp-2h created omitted]: ada view at 2026-10-03T06:14:52.238096+00:00 consistent (balance=total, available=total-held>=0, held<=total) (10000, 0, 10000)
PASS [voided exp-2h created omitted]: bob view at 2026-10-03T06:14:52.238096+00:00 consistent (balance=total, available=total-held>=0, held<=total) (2500, 0, 2500)
PASS [voided exp-2h created omitted]: cy view at 2026-10-03T06:14:52.238096+00:00 consistent (balance=total, available=total-held>=0, held<=total) (0, 0, 0)
PASS [voided exp-2h created omitted]: sum of totals at 2026-10-03T06:14:52.238096+00:00 == seeded total
PASS [voided exp-2h created omitted]: ada view at 2026-10-03T08:14:52.238094+00:00 consistent (balance=total, available=total-held>=0, held<=total) (10000, 0, 10000)
PASS [voided exp-2h created omitted]: bob view at 2026-10-03T08:14:52.238094+00:00 consistent (balance=total, available=total-held>=0, held<=total) (2500, 0, 2500)
PASS [voided exp-2h created omitted]: cy view at 2026-10-03T08:14:52.238094+00:00 consistent (balance=total, available=total-held>=0, held<=total) (0, 0, 0)
PASS [voided exp-2h created omitted]: sum of totals at 2026-10-03T08:14:52.238094+00:00 == seeded total
PASS [voided exp-2h created omitted]: ada view at 2026-10-03T08:14:52.238095+00:00 consistent (balance=total, available=total-held>=0, held<=total) (10000, 0, 10000)
PASS [voided exp-2h created omitted]: bob view at 2026-10-03T08:14:52.238095+00:00 consistent (balance=total, available=total-held>=0, held<=total) (2500, 0, 2500)
PASS [voided exp-2h created omitted]: cy view at 2026-10-03T08:14:52.238095+00:00 consistent (balance=total, available=total-held>=0, held<=total) (0, 0, 0)
PASS [voided exp-2h created omitted]: sum of totals at 2026-10-03T08:14:52.238095+00:00 == seeded total
PASS [voided exp-2h created omitted]: ada view at 2026-10-03T08:14:52.238096+00:00 consistent (balance=total, available=total-held>=0, held<=total) (10000, 0, 10000)
PASS [voided exp-2h created omitted]: bob view at 2026-10-03T08:14:52.238096+00:00 consistent (balance=total, available=total-held>=0, held<=total) (2500, 0, 2500)
PASS [voided exp-2h created omitted]: cy view at 2026-10-03T08:14:52.238096+00:00 consistent (balance=total, available=total-held>=0, held<=total) (0, 0, 0)
PASS [voided exp-2h created omitted]: sum of totals at 2026-10-03T08:14:52.238096+00:00 == seeded total
PASS [voided exp-2h created omitted]: ada view at 2026-10-03T08:14:52.254731+00:00 consistent (balance=total, available=total-held>=0, held<=total) (10000, 0, 10000)
PASS [voided exp-2h created omitted]: bob view at 2026-10-03T08:14:52.254731+00:00 consistent (balance=total, available=total-held>=0, held<=total) (2500, 0, 2500)
PASS [voided exp-2h created omitted]: cy view at 2026-10-03T08:14:52.254731+00:00 consistent (balance=total, available=total-held>=0, held<=total) (0, 0, 0)
PASS [voided exp-2h created omitted]: sum of totals at 2026-10-03T08:14:52.254731+00:00 == seeded total
PASS [voided exp-2h created omitted]: ada view at 2026-10-03T08:14:52.254732+00:00 consistent (balance=total, available=total-held>=0, held<=total) (10000, 0, 10000)
PASS [voided exp-2h created omitted]: bob view at 2026-10-03T08:14:52.254732+00:00 consistent (balance=total, available=total-held>=0, held<=total) (2500, 0, 2500)
PASS [voided exp-2h created omitted]: cy view at 2026-10-03T08:14:52.254732+00:00 consistent (balance=total, available=total-held>=0, held<=total) (0, 0, 0)
PASS [voided exp-2h created omitted]: sum of totals at 2026-10-03T08:14:52.254732+00:00 == seeded total
PASS [voided exp-2h created omitted]: ada view at 2026-10-03T08:14:52.254733+00:00 consistent (balance=total, available=total-held>=0, held<=total) (10000, 0, 10000)
PASS [voided exp-2h created omitted]: bob view at 2026-10-03T08:14:52.254733+00:00 consistent (balance=total, available=total-held>=0, held<=total) (2500, 0, 2500)
PASS [voided exp-2h created omitted]: cy view at 2026-10-03T08:14:52.254733+00:00 consistent (balance=total, available=total-held>=0, held<=total) (0, 0, 0)
PASS [voided exp-2h created omitted]: sum of totals at 2026-10-03T08:14:52.254733+00:00 == seeded total
PASS [voided exp-2h created omitted]: ada view at 2026-10-03T08:14:52.266687+00:00 consistent (balance=total, available=total-held>=0, held<=total) (10000, 0, 10000)
PASS [voided exp-2h created omitted]: bob view at 2026-10-03T08:14:52.266687+00:00 consistent (balance=total, available=total-held>=0, held<=total) (2500, 0, 2500)
PASS [voided exp-2h created omitted]: cy view at 2026-10-03T08:14:52.266687+00:00 consistent (balance=total, available=total-held>=0, held<=total) (0, 0, 0)
PASS [voided exp-2h created omitted]: sum of totals at 2026-10-03T08:14:52.266687+00:00 == seeded total
PASS [voided exp-2h created omitted]: ada view at 2026-10-03T08:14:52.266688+00:00 consistent (balance=total, available=total-held>=0, held<=total) (10000, 0, 10000)
PASS [voided exp-2h created omitted]: bob view at 2026-10-03T08:14:52.266688+00:00 consistent (balance=total, available=total-held>=0, held<=total) (2500, 0, 2500)
PASS [voided exp-2h created omitted]: cy view at 2026-10-03T08:14:52.266688+00:00 consistent (balance=total, available=total-held>=0, held<=total) (0, 0, 0)
PASS [voided exp-2h created omitted]: sum of totals at 2026-10-03T08:14:52.266688+00:00 == seeded total
PASS [voided exp-2h created omitted]: ada view at 2026-10-03T08:14:52.266689+00:00 consistent (balance=total, available=total-held>=0, held<=total) (10000, 0, 10000)
PASS [voided exp-2h created omitted]: bob view at 2026-10-03T08:14:52.266689+00:00 consistent (balance=total, available=total-held>=0, held<=total) (2500, 0, 2500)
PASS [voided exp-2h created omitted]: cy view at 2026-10-03T08:14:52.266689+00:00 consistent (balance=total, available=total-held>=0, held<=total) (0, 0, 0)
PASS [voided exp-2h created omitted]: sum of totals at 2026-10-03T08:14:52.266689+00:00 == seeded total
PASS [voided exp-2h created omitted]: ada view at 2026-10-03T08:14:52.382042+00:00 consistent (balance=total, available=total-held>=0, held<=total) (9999, 0, 9999)
PASS [voided exp-2h created omitted]: bob view at 2026-10-03T08:14:52.382042+00:00 consistent (balance=total, available=total-held>=0, held<=total) (2500, 0, 2500)
PASS [voided exp-2h created omitted]: cy view at 2026-10-03T08:14:52.382042+00:00 consistent (balance=total, available=total-held>=0, held<=total) (1, 1, 0)
PASS [voided exp-2h created omitted]: sum of totals at 2026-10-03T08:14:52.382042+00:00 == seeded total
PASS [voided exp-2h created omitted]: ada view at 2026-10-03T08:14:52.382043+00:00 consistent (balance=total, available=total-held>=0, held<=total) (9999, 0, 9999)
PASS [voided exp-2h created omitted]: bob view at 2026-10-03T08:14:52.382043+00:00 consistent (balance=total, available=total-held>=0, held<=total) (2500, 0, 2500)
PASS [voided exp-2h created omitted]: cy view at 2026-10-03T08:14:52.382043+00:00 consistent (balance=total, available=total-held>=0, held<=total) (1, 1, 0)
PASS [voided exp-2h created omitted]: sum of totals at 2026-10-03T08:14:52.382043+00:00 == seeded total
PASS [voided exp-2h created omitted]: ada view at 2026-10-03T08:14:52.382044+00:00 consistent (balance=total, available=total-held>=0, held<=total) (9999, 0, 9999)
PASS [voided exp-2h created omitted]: bob view at 2026-10-03T08:14:52.382044+00:00 consistent (balance=total, available=total-held>=0, held<=total) (2500, 0, 2500)
PASS [voided exp-2h created omitted]: cy view at 2026-10-03T08:14:52.382044+00:00 consistent (balance=total, available=total-held>=0, held<=total) (1, 1, 0)
PASS [voided exp-2h created omitted]: sum of totals at 2026-10-03T08:14:52.382044+00:00 == seeded total
PASS [voided exp-2h created omitted]: ada view at 1970-01-01T00:00:00.000000+00:00 consistent (balance=total, available=total-held>=0, held<=total) (10000, 0, 10000)
PASS [voided exp-2h created omitted]: bob view at 1970-01-01T00:00:00.000000+00:00 consistent (balance=total, available=total-held>=0, held<=total) (2500, 0, 2500)
PASS [voided exp-2h created omitted]: cy view at 1970-01-01T00:00:00.000000+00:00 consistent (balance=total, available=total-held>=0, held<=total) (0, 0, 0)
PASS [voided exp-2h created omitted]: sum of totals at 1970-01-01T00:00:00.000000+00:00 == seeded total
PASS [voided exp-2h created omitted]: ada view at 9999-12-31T23:59:59.000000+00:00 consistent (balance=total, available=total-held>=0, held<=total) (9999, 0, 9999)
PASS [voided exp-2h created omitted]: bob view at 9999-12-31T23:59:59.000000+00:00 consistent (balance=total, available=total-held>=0, held<=total) (2500, 0, 2500)
PASS [voided exp-2h created omitted]: cy view at 9999-12-31T23:59:59.000000+00:00 consistent (balance=total, available=total-held>=0, held<=total) (1, 0, 1)
PASS [voided exp-2h created omitted]: sum of totals at 9999-12-31T23:59:59.000000+00:00 == seeded total
PASS [voided exp-2h created omitted] a payment above available is refused (409 insufficient_funds) 9999
PASS [voided exp-2h created omitted] capture of a closed/expired seeded hold -> 409, never 201 (authorization_not_open)
PASS [voided exp-2h created omitted] after the capture attempt: balances conserved, all views still consistent
PASS [voided exp-2h created omitted] export -> 200
PASS [voided exp-2h created omitted] import #1 of its own export -> 204
PASS [voided exp-2h created omitted] import #1: balances/held/available and every authorization field (closed_at, expires_at, payment_ids, status, created_at) unchanged
PASS [voided exp-2h created omitted] import #1: next payment stamped at its own request time (clock not moved by imported values)
PASS [voided exp-2h created omitted] import #2 of its own export -> 204
PASS [voided exp-2h created omitted] import #2: balances/held/available and every authorization field (closed_at, expires_at, payment_ids, status, created_at) unchanged
PASS [voided exp-2h created omitted] import #2: next payment stamped at its own request time (clock not moved by imported values)
PASS [voided exp-2h created -3h] reset -> 204 or 422 (never 5xx)
PASS [voided exp-2h created -3h] clock: new payment created_at within its request window (+-30 ms), not ratcheted by seeded values
PASS [voided exp-2h created -3h] clock: new authorization (cy has 1) created_at within its request window
PASS [voided exp-2h created -3h] supplied created_at kept
PASS [voided exp-2h created -3h] closed_at is never in the future (an event time)
PASS [voided exp-2h created -3h] open status iff closed_at null (status shown voided)
PASS [voided exp-2h created -3h] current /me held == 2000 exactly for a live seeded open hold, else 0 (0, 9999)
PASS [voided exp-2h created -3h]: ada view at 2026-10-03T05:14:52.967934+00:00 consistent (balance=total, available=total-held>=0, held<=total) (10000, 0, 10000)
PASS [voided exp-2h created -3h]: bob view at 2026-10-03T05:14:52.967934+00:00 consistent (balance=total, available=total-held>=0, held<=total) (2500, 0, 2500)
PASS [voided exp-2h created -3h]: cy view at 2026-10-03T05:14:52.967934+00:00 consistent (balance=total, available=total-held>=0, held<=total) (0, 0, 0)
PASS [voided exp-2h created -3h]: sum of totals at 2026-10-03T05:14:52.967934+00:00 == seeded total
PASS [voided exp-2h created -3h]: ada view at 2026-10-03T05:14:52.967935+00:00 consistent (balance=total, available=total-held>=0, held<=total) (10000, 0, 10000)
PASS [voided exp-2h created -3h]: bob view at 2026-10-03T05:14:52.967935+00:00 consistent (balance=total, available=total-held>=0, held<=total) (2500, 0, 2500)
PASS [voided exp-2h created -3h]: cy view at 2026-10-03T05:14:52.967935+00:00 consistent (balance=total, available=total-held>=0, held<=total) (0, 0, 0)
PASS [voided exp-2h created -3h]: sum of totals at 2026-10-03T05:14:52.967935+00:00 == seeded total
PASS [voided exp-2h created -3h]: ada view at 2026-10-03T05:14:52.967936+00:00 consistent (balance=total, available=total-held>=0, held<=total) (10000, 0, 10000)
PASS [voided exp-2h created -3h]: bob view at 2026-10-03T05:14:52.967936+00:00 consistent (balance=total, available=total-held>=0, held<=total) (2500, 0, 2500)
PASS [voided exp-2h created -3h]: cy view at 2026-10-03T05:14:52.967936+00:00 consistent (balance=total, available=total-held>=0, held<=total) (0, 0, 0)
PASS [voided exp-2h created -3h]: sum of totals at 2026-10-03T05:14:52.967936+00:00 == seeded total
PASS [voided exp-2h created -3h]: ada view at 2026-10-03T06:14:52.967934+00:00 consistent (balance=total, available=total-held>=0, held<=total) (10000, 0, 10000)
PASS [voided exp-2h created -3h]: bob view at 2026-10-03T06:14:52.967934+00:00 consistent (balance=total, available=total-held>=0, held<=total) (2500, 0, 2500)
PASS [voided exp-2h created -3h]: cy view at 2026-10-03T06:14:52.967934+00:00 consistent (balance=total, available=total-held>=0, held<=total) (0, 0, 0)
PASS [voided exp-2h created -3h]: sum of totals at 2026-10-03T06:14:52.967934+00:00 == seeded total
PASS [voided exp-2h created -3h]: ada view at 2026-10-03T06:14:52.967935+00:00 consistent (balance=total, available=total-held>=0, held<=total) (10000, 0, 10000)
PASS [voided exp-2h created -3h]: bob view at 2026-10-03T06:14:52.967935+00:00 consistent (balance=total, available=total-held>=0, held<=total) (2500, 0, 2500)
PASS [voided exp-2h created -3h]: cy view at 2026-10-03T06:14:52.967935+00:00 consistent (balance=total, available=total-held>=0, held<=total) (0, 0, 0)
PASS [voided exp-2h created -3h]: sum of totals at 2026-10-03T06:14:52.967935+00:00 == seeded total
PASS [voided exp-2h created -3h]: ada view at 2026-10-03T06:14:52.967936+00:00 consistent (balance=total, available=total-held>=0, held<=total) (10000, 0, 10000)
PASS [voided exp-2h created -3h]: bob view at 2026-10-03T06:14:52.967936+00:00 consistent (balance=total, available=total-held>=0, held<=total) (2500, 0, 2500)
PASS [voided exp-2h created -3h]: cy view at 2026-10-03T06:14:52.967936+00:00 consistent (balance=total, available=total-held>=0, held<=total) (0, 0, 0)
PASS [voided exp-2h created -3h]: sum of totals at 2026-10-03T06:14:52.967936+00:00 == seeded total
PASS [voided exp-2h created -3h]: ada view at 2026-10-03T08:14:52.967934+00:00 consistent (balance=total, available=total-held>=0, held<=total) (10000, 0, 10000)
PASS [voided exp-2h created -3h]: bob view at 2026-10-03T08:14:52.967934+00:00 consistent (balance=total, available=total-held>=0, held<=total) (2500, 0, 2500)
PASS [voided exp-2h created -3h]: cy view at 2026-10-03T08:14:52.967934+00:00 consistent (balance=total, available=total-held>=0, held<=total) (0, 0, 0)
PASS [voided exp-2h created -3h]: sum of totals at 2026-10-03T08:14:52.967934+00:00 == seeded total
PASS [voided exp-2h created -3h]: ada view at 2026-10-03T08:14:52.967935+00:00 consistent (balance=total, available=total-held>=0, held<=total) (10000, 0, 10000)
PASS [voided exp-2h created -3h]: bob view at 2026-10-03T08:14:52.967935+00:00 consistent (balance=total, available=total-held>=0, held<=total) (2500, 0, 2500)
PASS [voided exp-2h created -3h]: cy view at 2026-10-03T08:14:52.967935+00:00 consistent (balance=total, available=total-held>=0, held<=total) (0, 0, 0)
PASS [voided exp-2h created -3h]: sum of totals at 2026-10-03T08:14:52.967935+00:00 == seeded total
PASS [voided exp-2h created -3h]: ada view at 2026-10-03T08:14:52.967936+00:00 consistent (balance=total, available=total-held>=0, held<=total) (10000, 0, 10000)
PASS [voided exp-2h created -3h]: bob view at 2026-10-03T08:14:52.967936+00:00 consistent (balance=total, available=total-held>=0, held<=total) (2500, 0, 2500)
PASS [voided exp-2h created -3h]: cy view at 2026-10-03T08:14:52.967936+00:00 consistent (balance=total, available=total-held>=0, held<=total) (0, 0, 0)
PASS [voided exp-2h created -3h]: sum of totals at 2026-10-03T08:14:52.967936+00:00 == seeded total
PASS [voided exp-2h created -3h]: ada view at 2026-10-03T08:14:52.997661+00:00 consistent (balance=total, available=total-held>=0, held<=total) (10000, 0, 10000)
PASS [voided exp-2h created -3h]: bob view at 2026-10-03T08:14:52.997661+00:00 consistent (balance=total, available=total-held>=0, held<=total) (2500, 0, 2500)
PASS [voided exp-2h created -3h]: cy view at 2026-10-03T08:14:52.997661+00:00 consistent (balance=total, available=total-held>=0, held<=total) (0, 0, 0)
PASS [voided exp-2h created -3h]: sum of totals at 2026-10-03T08:14:52.997661+00:00 == seeded total
PASS [voided exp-2h created -3h]: ada view at 2026-10-03T08:14:52.997662+00:00 consistent (balance=total, available=total-held>=0, held<=total) (10000, 0, 10000)
PASS [voided exp-2h created -3h]: bob view at 2026-10-03T08:14:52.997662+00:00 consistent (balance=total, available=total-held>=0, held<=total) (2500, 0, 2500)
PASS [voided exp-2h created -3h]: cy view at 2026-10-03T08:14:52.997662+00:00 consistent (balance=total, available=total-held>=0, held<=total) (0, 0, 0)
PASS [voided exp-2h created -3h]: sum of totals at 2026-10-03T08:14:52.997662+00:00 == seeded total
PASS [voided exp-2h created -3h]: ada view at 2026-10-03T08:14:52.997663+00:00 consistent (balance=total, available=total-held>=0, held<=total) (10000, 0, 10000)
PASS [voided exp-2h created -3h]: bob view at 2026-10-03T08:14:52.997663+00:00 consistent (balance=total, available=total-held>=0, held<=total) (2500, 0, 2500)
PASS [voided exp-2h created -3h]: cy view at 2026-10-03T08:14:52.997663+00:00 consistent (balance=total, available=total-held>=0, held<=total) (0, 0, 0)
PASS [voided exp-2h created -3h]: sum of totals at 2026-10-03T08:14:52.997663+00:00 == seeded total
PASS [voided exp-2h created -3h]: ada view at 2026-10-03T08:14:53.077135+00:00 consistent (balance=total, available=total-held>=0, held<=total) (9999, 0, 9999)
PASS [voided exp-2h created -3h]: bob view at 2026-10-03T08:14:53.077135+00:00 consistent (balance=total, available=total-held>=0, held<=total) (2500, 0, 2500)
PASS [voided exp-2h created -3h]: cy view at 2026-10-03T08:14:53.077135+00:00 consistent (balance=total, available=total-held>=0, held<=total) (1, 1, 0)
PASS [voided exp-2h created -3h]: sum of totals at 2026-10-03T08:14:53.077135+00:00 == seeded total
PASS [voided exp-2h created -3h]: ada view at 2026-10-03T08:14:53.077136+00:00 consistent (balance=total, available=total-held>=0, held<=total) (9999, 0, 9999)
PASS [voided exp-2h created -3h]: bob view at 2026-10-03T08:14:53.077136+00:00 consistent (balance=total, available=total-held>=0, held<=total) (2500, 0, 2500)
PASS [voided exp-2h created -3h]: cy view at 2026-10-03T08:14:53.077136+00:00 consistent (balance=total, available=total-held>=0, held<=total) (1, 1, 0)
PASS [voided exp-2h created -3h]: sum of totals at 2026-10-03T08:14:53.077136+00:00 == seeded total
PASS [voided exp-2h created -3h]: ada view at 2026-10-03T08:14:53.077137+00:00 consistent (balance=total, available=total-held>=0, held<=total) (9999, 0, 9999)
PASS [voided exp-2h created -3h]: bob view at 2026-10-03T08:14:53.077137+00:00 consistent (balance=total, available=total-held>=0, held<=total) (2500, 0, 2500)
PASS [voided exp-2h created -3h]: cy view at 2026-10-03T08:14:53.077137+00:00 consistent (balance=total, available=total-held>=0, held<=total) (1, 1, 0)
PASS [voided exp-2h created -3h]: sum of totals at 2026-10-03T08:14:53.077137+00:00 == seeded total
PASS [voided exp-2h created -3h]: ada view at 1970-01-01T00:00:00.000000+00:00 consistent (balance=total, available=total-held>=0, held<=total) (10000, 0, 10000)
PASS [voided exp-2h created -3h]: bob view at 1970-01-01T00:00:00.000000+00:00 consistent (balance=total, available=total-held>=0, held<=total) (2500, 0, 2500)
PASS [voided exp-2h created -3h]: cy view at 1970-01-01T00:00:00.000000+00:00 consistent (balance=total, available=total-held>=0, held<=total) (0, 0, 0)
PASS [voided exp-2h created -3h]: sum of totals at 1970-01-01T00:00:00.000000+00:00 == seeded total
PASS [voided exp-2h created -3h]: ada view at 9999-12-31T23:59:59.000000+00:00 consistent (balance=total, available=total-held>=0, held<=total) (9999, 0, 9999)
PASS [voided exp-2h created -3h]: bob view at 9999-12-31T23:59:59.000000+00:00 consistent (balance=total, available=total-held>=0, held<=total) (2500, 0, 2500)
PASS [voided exp-2h created -3h]: cy view at 9999-12-31T23:59:59.000000+00:00 consistent (balance=total, available=total-held>=0, held<=total) (1, 0, 1)
PASS [voided exp-2h created -3h]: sum of totals at 9999-12-31T23:59:59.000000+00:00 == seeded total
PASS [voided exp-2h created -3h] a payment above available is refused (409 insufficient_funds) 9999
PASS [voided exp-2h created -3h] capture of a closed/expired seeded hold -> 409, never 201 (authorization_not_open)
PASS [voided exp-2h created -3h] after the capture attempt: balances conserved, all views still consistent
PASS [voided exp-2h created -3h] export -> 200
PASS [voided exp-2h created -3h] import #1 of its own export -> 204
PASS [voided exp-2h created -3h] import #1: balances/held/available and every authorization field (closed_at, expires_at, payment_ids, status, created_at) unchanged
PASS [voided exp-2h created -3h] import #1: next payment stamped at its own request time (clock not moved by imported values)
PASS [voided exp-2h created -3h] import #2 of its own export -> 204
PASS [voided exp-2h created -3h] import #2: balances/held/available and every authorization field (closed_at, expires_at, payment_ids, status, created_at) unchanged
PASS [voided exp-2h created -3h] import #2: next payment stamped at its own request time (clock not moved by imported values)
PASS [voided exp-2h created +2h] reset -> 204 or 422 (never 5xx)
PASS [voided exp+2h created omitted] reset -> 204 or 422 (never 5xx)
PASS [voided exp+2h created omitted] clock: new payment created_at within its request window (+-30 ms), not ratcheted by seeded values
PASS [voided exp+2h created omitted] clock: new authorization (cy has 1) created_at within its request window
PASS [voided exp+2h created omitted] hold created_at omitted -> the reset instant (between request start and end), not a truncated second
PASS [voided exp+2h created omitted] closed_at is never in the future (an event time)
PASS [voided exp+2h created omitted] open status iff closed_at null (status shown voided)
PASS [voided exp+2h created omitted] current /me held == 2000 exactly for a live seeded open hold, else 0 (0, 9999)
PASS [voided exp+2h created omitted]: ada view at 2026-10-03T08:14:53.671721+00:00 consistent (balance=total, available=total-held>=0, held<=total) (10000, 0, 10000)
PASS [voided exp+2h created omitted]: bob view at 2026-10-03T08:14:53.671721+00:00 consistent (balance=total, available=total-held>=0, held<=total) (2500, 0, 2500)
PASS [voided exp+2h created omitted]: cy view at 2026-10-03T08:14:53.671721+00:00 consistent (balance=total, available=total-held>=0, held<=total) (0, 0, 0)
PASS [voided exp+2h created omitted]: sum of totals at 2026-10-03T08:14:53.671721+00:00 == seeded total
PASS [voided exp+2h created omitted]: ada view at 2026-10-03T08:14:53.671722+00:00 consistent (balance=total, available=total-held>=0, held<=total) (10000, 0, 10000)
PASS [voided exp+2h created omitted]: bob view at 2026-10-03T08:14:53.671722+00:00 consistent (balance=total, available=total-held>=0, held<=total) (2500, 0, 2500)
PASS [voided exp+2h created omitted]: cy view at 2026-10-03T08:14:53.671722+00:00 consistent (balance=total, available=total-held>=0, held<=total) (0, 0, 0)
PASS [voided exp+2h created omitted]: sum of totals at 2026-10-03T08:14:53.671722+00:00 == seeded total
PASS [voided exp+2h created omitted]: ada view at 2026-10-03T08:14:53.671723+00:00 consistent (balance=total, available=total-held>=0, held<=total) (10000, 0, 10000)
PASS [voided exp+2h created omitted]: bob view at 2026-10-03T08:14:53.671723+00:00 consistent (balance=total, available=total-held>=0, held<=total) (2500, 0, 2500)
PASS [voided exp+2h created omitted]: cy view at 2026-10-03T08:14:53.671723+00:00 consistent (balance=total, available=total-held>=0, held<=total) (0, 0, 0)
PASS [voided exp+2h created omitted]: sum of totals at 2026-10-03T08:14:53.671723+00:00 == seeded total
PASS [voided exp+2h created omitted]: ada view at 2026-10-03T08:14:53.672792+00:00 consistent (balance=total, available=total-held>=0, held<=total) (10000, 0, 10000)
PASS [voided exp+2h created omitted]: bob view at 2026-10-03T08:14:53.672792+00:00 consistent (balance=total, available=total-held>=0, held<=total) (2500, 0, 2500)
PASS [voided exp+2h created omitted]: cy view at 2026-10-03T08:14:53.672792+00:00 consistent (balance=total, available=total-held>=0, held<=total) (0, 0, 0)
PASS [voided exp+2h created omitted]: sum of totals at 2026-10-03T08:14:53.672792+00:00 == seeded total
PASS [voided exp+2h created omitted]: ada view at 2026-10-03T08:14:53.672793+00:00 consistent (balance=total, available=total-held>=0, held<=total) (10000, 0, 10000)
PASS [voided exp+2h created omitted]: bob view at 2026-10-03T08:14:53.672793+00:00 consistent (balance=total, available=total-held>=0, held<=total) (2500, 0, 2500)
PASS [voided exp+2h created omitted]: cy view at 2026-10-03T08:14:53.672793+00:00 consistent (balance=total, available=total-held>=0, held<=total) (0, 0, 0)
PASS [voided exp+2h created omitted]: sum of totals at 2026-10-03T08:14:53.672793+00:00 == seeded total
PASS [voided exp+2h created omitted]: ada view at 2026-10-03T08:14:53.672794+00:00 consistent (balance=total, available=total-held>=0, held<=total) (10000, 0, 10000)
PASS [voided exp+2h created omitted]: bob view at 2026-10-03T08:14:53.672794+00:00 consistent (balance=total, available=total-held>=0, held<=total) (2500, 0, 2500)
PASS [voided exp+2h created omitted]: cy view at 2026-10-03T08:14:53.672794+00:00 consistent (balance=total, available=total-held>=0, held<=total) (0, 0, 0)
PASS [voided exp+2h created omitted]: sum of totals at 2026-10-03T08:14:53.672794+00:00 == seeded total
PASS [voided exp+2h created omitted]: ada view at 2026-10-03T08:14:53.683647+00:00 consistent (balance=total, available=total-held>=0, held<=total) (10000, 0, 10000)
PASS [voided exp+2h created omitted]: bob view at 2026-10-03T08:14:53.683647+00:00 consistent (balance=total, available=total-held>=0, held<=total) (2500, 0, 2500)
PASS [voided exp+2h created omitted]: cy view at 2026-10-03T08:14:53.683647+00:00 consistent (balance=total, available=total-held>=0, held<=total) (0, 0, 0)
PASS [voided exp+2h created omitted]: sum of totals at 2026-10-03T08:14:53.683647+00:00 == seeded total
PASS [voided exp+2h created omitted]: ada view at 2026-10-03T08:14:53.683648+00:00 consistent (balance=total, available=total-held>=0, held<=total) (10000, 0, 10000)
PASS [voided exp+2h created omitted]: bob view at 2026-10-03T08:14:53.683648+00:00 consistent (balance=total, available=total-held>=0, held<=total) (2500, 0, 2500)
PASS [voided exp+2h created omitted]: cy view at 2026-10-03T08:14:53.683648+00:00 consistent (balance=total, available=total-held>=0, held<=total) (0, 0, 0)
PASS [voided exp+2h created omitted]: sum of totals at 2026-10-03T08:14:53.683648+00:00 == seeded total
PASS [voided exp+2h created omitted]: ada view at 2026-10-03T08:14:53.683649+00:00 consistent (balance=total, available=total-held>=0, held<=total) (10000, 0, 10000)
PASS [voided exp+2h created omitted]: bob view at 2026-10-03T08:14:53.683649+00:00 consistent (balance=total, available=total-held>=0, held<=total) (2500, 0, 2500)
PASS [voided exp+2h created omitted]: cy view at 2026-10-03T08:14:53.683649+00:00 consistent (balance=total, available=total-held>=0, held<=total) (0, 0, 0)
PASS [voided exp+2h created omitted]: sum of totals at 2026-10-03T08:14:53.683649+00:00 == seeded total
PASS [voided exp+2h created omitted]: ada view at 2026-10-03T08:14:53.743027+00:00 consistent (balance=total, available=total-held>=0, held<=total) (9999, 0, 9999)
PASS [voided exp+2h created omitted]: bob view at 2026-10-03T08:14:53.743027+00:00 consistent (balance=total, available=total-held>=0, held<=total) (2500, 0, 2500)
PASS [voided exp+2h created omitted]: cy view at 2026-10-03T08:14:53.743027+00:00 consistent (balance=total, available=total-held>=0, held<=total) (1, 1, 0)
PASS [voided exp+2h created omitted]: sum of totals at 2026-10-03T08:14:53.743027+00:00 == seeded total
PASS [voided exp+2h created omitted]: ada view at 2026-10-03T08:14:53.743028+00:00 consistent (balance=total, available=total-held>=0, held<=total) (9999, 0, 9999)
PASS [voided exp+2h created omitted]: bob view at 2026-10-03T08:14:53.743028+00:00 consistent (balance=total, available=total-held>=0, held<=total) (2500, 0, 2500)
PASS [voided exp+2h created omitted]: cy view at 2026-10-03T08:14:53.743028+00:00 consistent (balance=total, available=total-held>=0, held<=total) (1, 1, 0)
PASS [voided exp+2h created omitted]: sum of totals at 2026-10-03T08:14:53.743028+00:00 == seeded total
PASS [voided exp+2h created omitted]: ada view at 2026-10-03T08:14:53.743029+00:00 consistent (balance=total, available=total-held>=0, held<=total) (9999, 0, 9999)
PASS [voided exp+2h created omitted]: bob view at 2026-10-03T08:14:53.743029+00:00 consistent (balance=total, available=total-held>=0, held<=total) (2500, 0, 2500)
PASS [voided exp+2h created omitted]: cy view at 2026-10-03T08:14:53.743029+00:00 consistent (balance=total, available=total-held>=0, held<=total) (1, 1, 0)
PASS [voided exp+2h created omitted]: sum of totals at 2026-10-03T08:14:53.743029+00:00 == seeded total
PASS [voided exp+2h created omitted]: ada view at 2026-10-03T10:14:53.671721+00:00 consistent (balance=total, available=total-held>=0, held<=total) (9999, 0, 9999)
PASS [voided exp+2h created omitted]: bob view at 2026-10-03T10:14:53.671721+00:00 consistent (balance=total, available=total-held>=0, held<=total) (2500, 0, 2500)
PASS [voided exp+2h created omitted]: cy view at 2026-10-03T10:14:53.671721+00:00 consistent (balance=total, available=total-held>=0, held<=total) (1, 0, 1)
PASS [voided exp+2h created omitted]: sum of totals at 2026-10-03T10:14:53.671721+00:00 == seeded total
PASS [voided exp+2h created omitted]: ada view at 2026-10-03T10:14:53.671722+00:00 consistent (balance=total, available=total-held>=0, held<=total) (9999, 0, 9999)
PASS [voided exp+2h created omitted]: bob view at 2026-10-03T10:14:53.671722+00:00 consistent (balance=total, available=total-held>=0, held<=total) (2500, 0, 2500)
PASS [voided exp+2h created omitted]: cy view at 2026-10-03T10:14:53.671722+00:00 consistent (balance=total, available=total-held>=0, held<=total) (1, 0, 1)
PASS [voided exp+2h created omitted]: sum of totals at 2026-10-03T10:14:53.671722+00:00 == seeded total
PASS [voided exp+2h created omitted]: ada view at 2026-10-03T10:14:53.671723+00:00 consistent (balance=total, available=total-held>=0, held<=total) (9999, 0, 9999)
PASS [voided exp+2h created omitted]: bob view at 2026-10-03T10:14:53.671723+00:00 consistent (balance=total, available=total-held>=0, held<=total) (2500, 0, 2500)
PASS [voided exp+2h created omitted]: cy view at 2026-10-03T10:14:53.671723+00:00 consistent (balance=total, available=total-held>=0, held<=total) (1, 0, 1)
PASS [voided exp+2h created omitted]: sum of totals at 2026-10-03T10:14:53.671723+00:00 == seeded total
PASS [voided exp+2h created omitted]: ada view at 1970-01-01T00:00:00.000000+00:00 consistent (balance=total, available=total-held>=0, held<=total) (10000, 0, 10000)
PASS [voided exp+2h created omitted]: bob view at 1970-01-01T00:00:00.000000+00:00 consistent (balance=total, available=total-held>=0, held<=total) (2500, 0, 2500)
PASS [voided exp+2h created omitted]: cy view at 1970-01-01T00:00:00.000000+00:00 consistent (balance=total, available=total-held>=0, held<=total) (0, 0, 0)
PASS [voided exp+2h created omitted]: sum of totals at 1970-01-01T00:00:00.000000+00:00 == seeded total
PASS [voided exp+2h created omitted]: ada view at 9999-12-31T23:59:59.000000+00:00 consistent (balance=total, available=total-held>=0, held<=total) (9999, 0, 9999)
PASS [voided exp+2h created omitted]: bob view at 9999-12-31T23:59:59.000000+00:00 consistent (balance=total, available=total-held>=0, held<=total) (2500, 0, 2500)
PASS [voided exp+2h created omitted]: cy view at 9999-12-31T23:59:59.000000+00:00 consistent (balance=total, available=total-held>=0, held<=total) (1, 0, 1)
PASS [voided exp+2h created omitted]: sum of totals at 9999-12-31T23:59:59.000000+00:00 == seeded total
PASS [voided exp+2h created omitted] a payment above available is refused (409 insufficient_funds) 9999
PASS [voided exp+2h created omitted] capture of a closed/expired seeded hold -> 409, never 201 (authorization_not_open)
PASS [voided exp+2h created omitted] after the capture attempt: balances conserved, all views still consistent
PASS [voided exp+2h created omitted] export -> 200
PASS [voided exp+2h created omitted] import #1 of its own export -> 204
PASS [voided exp+2h created omitted] import #1: balances/held/available and every authorization field (closed_at, expires_at, payment_ids, status, created_at) unchanged
PASS [voided exp+2h created omitted] import #1: next payment stamped at its own request time (clock not moved by imported values)
PASS [voided exp+2h created omitted] import #2 of its own export -> 204
PASS [voided exp+2h created omitted] import #2: balances/held/available and every authorization field (closed_at, expires_at, payment_ids, status, created_at) unchanged
PASS [voided exp+2h created omitted] import #2: next payment stamped at its own request time (clock not moved by imported values)
PASS [voided exp+2h created -3h] reset -> 204 or 422 (never 5xx)
PASS [voided exp+2h created -3h] clock: new payment created_at within its request window (+-30 ms), not ratcheted by seeded values
PASS [voided exp+2h created -3h] clock: new authorization (cy has 1) created_at within its request window
PASS [voided exp+2h created -3h] supplied created_at kept
PASS [voided exp+2h created -3h] closed_at is never in the future (an event time)
PASS [voided exp+2h created -3h] open status iff closed_at null (status shown voided)
PASS [voided exp+2h created -3h] current /me held == 2000 exactly for a live seeded open hold, else 0 (0, 9999)
PASS [voided exp+2h created -3h]: ada view at 2026-10-03T05:14:54.327906+00:00 consistent (balance=total, available=total-held>=0, held<=total) (10000, 0, 10000)
PASS [voided exp+2h created -3h]: bob view at 2026-10-03T05:14:54.327906+00:00 consistent (balance=total, available=total-held>=0, held<=total) (2500, 0, 2500)
PASS [voided exp+2h created -3h]: cy view at 2026-10-03T05:14:54.327906+00:00 consistent (balance=total, available=total-held>=0, held<=total) (0, 0, 0)
PASS [voided exp+2h created -3h]: sum of totals at 2026-10-03T05:14:54.327906+00:00 == seeded total
PASS [voided exp+2h created -3h]: ada view at 2026-10-03T05:14:54.327907+00:00 consistent (balance=total, available=total-held>=0, held<=total) (10000, 0, 10000)
PASS [voided exp+2h created -3h]: bob view at 2026-10-03T05:14:54.327907+00:00 consistent (balance=total, available=total-held>=0, held<=total) (2500, 0, 2500)
PASS [voided exp+2h created -3h]: cy view at 2026-10-03T05:14:54.327907+00:00 consistent (balance=total, available=total-held>=0, held<=total) (0, 0, 0)
PASS [voided exp+2h created -3h]: sum of totals at 2026-10-03T05:14:54.327907+00:00 == seeded total
PASS [voided exp+2h created -3h]: ada view at 2026-10-03T05:14:54.327908+00:00 consistent (balance=total, available=total-held>=0, held<=total) (10000, 0, 10000)
PASS [voided exp+2h created -3h]: bob view at 2026-10-03T05:14:54.327908+00:00 consistent (balance=total, available=total-held>=0, held<=total) (2500, 0, 2500)
PASS [voided exp+2h created -3h]: cy view at 2026-10-03T05:14:54.327908+00:00 consistent (balance=total, available=total-held>=0, held<=total) (0, 0, 0)
PASS [voided exp+2h created -3h]: sum of totals at 2026-10-03T05:14:54.327908+00:00 == seeded total
PASS [voided exp+2h created -3h]: ada view at 2026-10-03T08:14:54.327906+00:00 consistent (balance=total, available=total-held>=0, held<=total) (10000, 0, 10000)
PASS [voided exp+2h created -3h]: bob view at 2026-10-03T08:14:54.327906+00:00 consistent (balance=total, available=total-held>=0, held<=total) (2500, 0, 2500)
PASS [voided exp+2h created -3h]: cy view at 2026-10-03T08:14:54.327906+00:00 consistent (balance=total, available=total-held>=0, held<=total) (0, 0, 0)
PASS [voided exp+2h created -3h]: sum of totals at 2026-10-03T08:14:54.327906+00:00 == seeded total
PASS [voided exp+2h created -3h]: ada view at 2026-10-03T08:14:54.327907+00:00 consistent (balance=total, available=total-held>=0, held<=total) (10000, 0, 10000)
PASS [voided exp+2h created -3h]: bob view at 2026-10-03T08:14:54.327907+00:00 consistent (balance=total, available=total-held>=0, held<=total) (2500, 0, 2500)
PASS [voided exp+2h created -3h]: cy view at 2026-10-03T08:14:54.327907+00:00 consistent (balance=total, available=total-held>=0, held<=total) (0, 0, 0)
PASS [voided exp+2h created -3h]: sum of totals at 2026-10-03T08:14:54.327907+00:00 == seeded total
PASS [voided exp+2h created -3h]: ada view at 2026-10-03T08:14:54.327908+00:00 consistent (balance=total, available=total-held>=0, held<=total) (10000, 0, 10000)
PASS [voided exp+2h created -3h]: bob view at 2026-10-03T08:14:54.327908+00:00 consistent (balance=total, available=total-held>=0, held<=total) (2500, 0, 2500)
PASS [voided exp+2h created -3h]: cy view at 2026-10-03T08:14:54.327908+00:00 consistent (balance=total, available=total-held>=0, held<=total) (0, 0, 0)
PASS [voided exp+2h created -3h]: sum of totals at 2026-10-03T08:14:54.327908+00:00 == seeded total
PASS [voided exp+2h created -3h]: ada view at 2026-10-03T08:14:54.342599+00:00 consistent (balance=total, available=total-held>=0, held<=total) (10000, 0, 10000)
PASS [voided exp+2h created -3h]: bob view at 2026-10-03T08:14:54.342599+00:00 consistent (balance=total, available=total-held>=0, held<=total) (2500, 0, 2500)
PASS [voided exp+2h created -3h]: cy view at 2026-10-03T08:14:54.342599+00:00 consistent (balance=total, available=total-held>=0, held<=total) (0, 0, 0)
PASS [voided exp+2h created -3h]: sum of totals at 2026-10-03T08:14:54.342599+00:00 == seeded total
PASS [voided exp+2h created -3h]: ada view at 2026-10-03T08:14:54.342600+00:00 consistent (balance=total, available=total-held>=0, held<=total) (10000, 0, 10000)
PASS [voided exp+2h created -3h]: bob view at 2026-10-03T08:14:54.342600+00:00 consistent (balance=total, available=total-held>=0, held<=total) (2500, 0, 2500)
PASS [voided exp+2h created -3h]: cy view at 2026-10-03T08:14:54.342600+00:00 consistent (balance=total, available=total-held>=0, held<=total) (0, 0, 0)
PASS [voided exp+2h created -3h]: sum of totals at 2026-10-03T08:14:54.342600+00:00 == seeded total
PASS [voided exp+2h created -3h]: ada view at 2026-10-03T08:14:54.342601+00:00 consistent (balance=total, available=total-held>=0, held<=total) (10000, 0, 10000)
PASS [voided exp+2h created -3h]: bob view at 2026-10-03T08:14:54.342601+00:00 consistent (balance=total, available=total-held>=0, held<=total) (2500, 0, 2500)
PASS [voided exp+2h created -3h]: cy view at 2026-10-03T08:14:54.342601+00:00 consistent (balance=total, available=total-held>=0, held<=total) (0, 0, 0)
PASS [voided exp+2h created -3h]: sum of totals at 2026-10-03T08:14:54.342601+00:00 == seeded total
PASS [voided exp+2h created -3h]: ada view at 2026-10-03T08:14:54.448785+00:00 consistent (balance=total, available=total-held>=0, held<=total) (9999, 0, 9999)
PASS [voided exp+2h created -3h]: bob view at 2026-10-03T08:14:54.448785+00:00 consistent (balance=total, available=total-held>=0, held<=total) (2500, 0, 2500)
PASS [voided exp+2h created -3h]: cy view at 2026-10-03T08:14:54.448785+00:00 consistent (balance=total, available=total-held>=0, held<=total) (1, 1, 0)
PASS [voided exp+2h created -3h]: sum of totals at 2026-10-03T08:14:54.448785+00:00 == seeded total
PASS [voided exp+2h created -3h]: ada view at 2026-10-03T08:14:54.448786+00:00 consistent (balance=total, available=total-held>=0, held<=total) (9999, 0, 9999)
PASS [voided exp+2h created -3h]: bob view at 2026-10-03T08:14:54.448786+00:00 consistent (balance=total, available=total-held>=0, held<=total) (2500, 0, 2500)
PASS [voided exp+2h created -3h]: cy view at 2026-10-03T08:14:54.448786+00:00 consistent (balance=total, available=total-held>=0, held<=total) (1, 1, 0)
PASS [voided exp+2h created -3h]: sum of totals at 2026-10-03T08:14:54.448786+00:00 == seeded total
PASS [voided exp+2h created -3h]: ada view at 2026-10-03T08:14:54.448787+00:00 consistent (balance=total, available=total-held>=0, held<=total) (9999, 0, 9999)
PASS [voided exp+2h created -3h]: bob view at 2026-10-03T08:14:54.448787+00:00 consistent (balance=total, available=total-held>=0, held<=total) (2500, 0, 2500)
PASS [voided exp+2h created -3h]: cy view at 2026-10-03T08:14:54.448787+00:00 consistent (balance=total, available=total-held>=0, held<=total) (1, 1, 0)
PASS [voided exp+2h created -3h]: sum of totals at 2026-10-03T08:14:54.448787+00:00 == seeded total
PASS [voided exp+2h created -3h]: ada view at 2026-10-03T10:14:54.327906+00:00 consistent (balance=total, available=total-held>=0, held<=total) (9999, 0, 9999)
PASS [voided exp+2h created -3h]: bob view at 2026-10-03T10:14:54.327906+00:00 consistent (balance=total, available=total-held>=0, held<=total) (2500, 0, 2500)
PASS [voided exp+2h created -3h]: cy view at 2026-10-03T10:14:54.327906+00:00 consistent (balance=total, available=total-held>=0, held<=total) (1, 0, 1)
PASS [voided exp+2h created -3h]: sum of totals at 2026-10-03T10:14:54.327906+00:00 == seeded total
PASS [voided exp+2h created -3h]: ada view at 2026-10-03T10:14:54.327907+00:00 consistent (balance=total, available=total-held>=0, held<=total) (9999, 0, 9999)
PASS [voided exp+2h created -3h]: bob view at 2026-10-03T10:14:54.327907+00:00 consistent (balance=total, available=total-held>=0, held<=total) (2500, 0, 2500)
PASS [voided exp+2h created -3h]: cy view at 2026-10-03T10:14:54.327907+00:00 consistent (balance=total, available=total-held>=0, held<=total) (1, 0, 1)
PASS [voided exp+2h created -3h]: sum of totals at 2026-10-03T10:14:54.327907+00:00 == seeded total
PASS [voided exp+2h created -3h]: ada view at 2026-10-03T10:14:54.327908+00:00 consistent (balance=total, available=total-held>=0, held<=total) (9999, 0, 9999)
PASS [voided exp+2h created -3h]: bob view at 2026-10-03T10:14:54.327908+00:00 consistent (balance=total, available=total-held>=0, held<=total) (2500, 0, 2500)
PASS [voided exp+2h created -3h]: cy view at 2026-10-03T10:14:54.327908+00:00 consistent (balance=total, available=total-held>=0, held<=total) (1, 0, 1)
PASS [voided exp+2h created -3h]: sum of totals at 2026-10-03T10:14:54.327908+00:00 == seeded total
PASS [voided exp+2h created -3h]: ada view at 1970-01-01T00:00:00.000000+00:00 consistent (balance=total, available=total-held>=0, held<=total) (10000, 0, 10000)
PASS [voided exp+2h created -3h]: bob view at 1970-01-01T00:00:00.000000+00:00 consistent (balance=total, available=total-held>=0, held<=total) (2500, 0, 2500)
PASS [voided exp+2h created -3h]: cy view at 1970-01-01T00:00:00.000000+00:00 consistent (balance=total, available=total-held>=0, held<=total) (0, 0, 0)
PASS [voided exp+2h created -3h]: sum of totals at 1970-01-01T00:00:00.000000+00:00 == seeded total
PASS [voided exp+2h created -3h]: ada view at 9999-12-31T23:59:59.000000+00:00 consistent (balance=total, available=total-held>=0, held<=total) (9999, 0, 9999)
PASS [voided exp+2h created -3h]: bob view at 9999-12-31T23:59:59.000000+00:00 consistent (balance=total, available=total-held>=0, held<=total) (2500, 0, 2500)
PASS [voided exp+2h created -3h]: cy view at 9999-12-31T23:59:59.000000+00:00 consistent (balance=total, available=total-held>=0, held<=total) (1, 0, 1)
PASS [voided exp+2h created -3h]: sum of totals at 9999-12-31T23:59:59.000000+00:00 == seeded total
PASS [voided exp+2h created -3h] a payment above available is refused (409 insufficient_funds) 9999
PASS [voided exp+2h created -3h] capture of a closed/expired seeded hold -> 409, never 201 (authorization_not_open)
PASS [voided exp+2h created -3h] after the capture attempt: balances conserved, all views still consistent
PASS [voided exp+2h created -3h] export -> 200
PASS [voided exp+2h created -3h] import #1 of its own export -> 204
PASS [voided exp+2h created -3h] import #1: balances/held/available and every authorization field (closed_at, expires_at, payment_ids, status, created_at) unchanged
PASS [voided exp+2h created -3h] import #1: next payment stamped at its own request time (clock not moved by imported values)
PASS [voided exp+2h created -3h] import #2 of its own export -> 204
PASS [voided exp+2h created -3h] import #2: balances/held/available and every authorization field (closed_at, expires_at, payment_ids, status, created_at) unchanged
PASS [voided exp+2h created -3h] import #2: next payment stamped at its own request time (clock not moved by imported values)
PASS [voided exp+2h created +2h] reset -> 204 or 422 (never 5xx)
PASS [expired exp-2h created omitted] reset -> 204 or 422 (never 5xx)
PASS [expired exp-2h created omitted] clock: new payment created_at within its request window (+-30 ms), not ratcheted by seeded values
PASS [expired exp-2h created omitted] clock: new authorization (cy has 1) created_at within its request window
PASS [expired exp-2h created omitted] hold created_at omitted -> the reset instant (between request start and end), not a truncated second
PASS [expired exp-2h created omitted] closed_at is never in the future (an event time)
PASS [expired exp-2h created omitted] stored-expired with a past deadline: closed_at == expires_at (expiry takes effect at expires_at)
PASS [expired exp-2h created omitted] open status iff closed_at null (status shown expired)
PASS [expired exp-2h created omitted] current /me held == 2000 exactly for a live seeded open hold, else 0 (0, 9999)
PASS [expired exp-2h created omitted]: ada view at 2026-10-03T06:14:54.833771+00:00 consistent (balance=total, available=total-held>=0, held<=total) (10000, 0, 10000)
PASS [expired exp-2h created omitted]: bob view at 2026-10-03T06:14:54.833771+00:00 consistent (balance=total, available=total-held>=0, held<=total) (2500, 0, 2500)
PASS [expired exp-2h created omitted]: cy view at 2026-10-03T06:14:54.833771+00:00 consistent (balance=total, available=total-held>=0, held<=total) (0, 0, 0)
PASS [expired exp-2h created omitted]: sum of totals at 2026-10-03T06:14:54.833771+00:00 == seeded total
PASS [expired exp-2h created omitted]: ada view at 2026-10-03T06:14:54.833772+00:00 consistent (balance=total, available=total-held>=0, held<=total) (10000, 0, 10000)
PASS [expired exp-2h created omitted]: bob view at 2026-10-03T06:14:54.833772+00:00 consistent (balance=total, available=total-held>=0, held<=total) (2500, 0, 2500)
PASS [expired exp-2h created omitted]: cy view at 2026-10-03T06:14:54.833772+00:00 consistent (balance=total, available=total-held>=0, held<=total) (0, 0, 0)
PASS [expired exp-2h created omitted]: sum of totals at 2026-10-03T06:14:54.833772+00:00 == seeded total
PASS [expired exp-2h created omitted]: ada view at 2026-10-03T06:14:54.833773+00:00 consistent (balance=total, available=total-held>=0, held<=total) (10000, 0, 10000)
PASS [expired exp-2h created omitted]: bob view at 2026-10-03T06:14:54.833773+00:00 consistent (balance=total, available=total-held>=0, held<=total) (2500, 0, 2500)
PASS [expired exp-2h created omitted]: cy view at 2026-10-03T06:14:54.833773+00:00 consistent (balance=total, available=total-held>=0, held<=total) (0, 0, 0)
PASS [expired exp-2h created omitted]: sum of totals at 2026-10-03T06:14:54.833773+00:00 == seeded total
PASS [expired exp-2h created omitted]: ada view at 2026-10-03T08:14:54.833771+00:00 consistent (balance=total, available=total-held>=0, held<=total) (10000, 0, 10000)
PASS [expired exp-2h created omitted]: bob view at 2026-10-03T08:14:54.833771+00:00 consistent (balance=total, available=total-held>=0, held<=total) (2500, 0, 2500)
PASS [expired exp-2h created omitted]: cy view at 2026-10-03T08:14:54.833771+00:00 consistent (balance=total, available=total-held>=0, held<=total) (0, 0, 0)
PASS [expired exp-2h created omitted]: sum of totals at 2026-10-03T08:14:54.833771+00:00 == seeded total
PASS [expired exp-2h created omitted]: ada view at 2026-10-03T08:14:54.833772+00:00 consistent (balance=total, available=total-held>=0, held<=total) (10000, 0, 10000)
PASS [expired exp-2h created omitted]: bob view at 2026-10-03T08:14:54.833772+00:00 consistent (balance=total, available=total-held>=0, held<=total) (2500, 0, 2500)
PASS [expired exp-2h created omitted]: cy view at 2026-10-03T08:14:54.833772+00:00 consistent (balance=total, available=total-held>=0, held<=total) (0, 0, 0)
PASS [expired exp-2h created omitted]: sum of totals at 2026-10-03T08:14:54.833772+00:00 == seeded total
PASS [expired exp-2h created omitted]: ada view at 2026-10-03T08:14:54.833773+00:00 consistent (balance=total, available=total-held>=0, held<=total) (10000, 0, 10000)
PASS [expired exp-2h created omitted]: bob view at 2026-10-03T08:14:54.833773+00:00 consistent (balance=total, available=total-held>=0, held<=total) (2500, 0, 2500)
PASS [expired exp-2h created omitted]: cy view at 2026-10-03T08:14:54.833773+00:00 consistent (balance=total, available=total-held>=0, held<=total) (0, 0, 0)
PASS [expired exp-2h created omitted]: sum of totals at 2026-10-03T08:14:54.833773+00:00 == seeded total
PASS [expired exp-2h created omitted]: ada view at 2026-10-03T08:14:54.850773+00:00 consistent (balance=total, available=total-held>=0, held<=total) (10000, 0, 10000)
PASS [expired exp-2h created omitted]: bob view at 2026-10-03T08:14:54.850773+00:00 consistent (balance=total, available=total-held>=0, held<=total) (2500, 0, 2500)
PASS [expired exp-2h created omitted]: cy view at 2026-10-03T08:14:54.850773+00:00 consistent (balance=total, available=total-held>=0, held<=total) (0, 0, 0)
PASS [expired exp-2h created omitted]: sum of totals at 2026-10-03T08:14:54.850773+00:00 == seeded total
PASS [expired exp-2h created omitted]: ada view at 2026-10-03T08:14:54.850774+00:00 consistent (balance=total, available=total-held>=0, held<=total) (10000, 0, 10000)
PASS [expired exp-2h created omitted]: bob view at 2026-10-03T08:14:54.850774+00:00 consistent (balance=total, available=total-held>=0, held<=total) (2500, 0, 2500)
PASS [expired exp-2h created omitted]: cy view at 2026-10-03T08:14:54.850774+00:00 consistent (balance=total, available=total-held>=0, held<=total) (0, 0, 0)
PASS [expired exp-2h created omitted]: sum of totals at 2026-10-03T08:14:54.850774+00:00 == seeded total
PASS [expired exp-2h created omitted]: ada view at 2026-10-03T08:14:54.850775+00:00 consistent (balance=total, available=total-held>=0, held<=total) (10000, 0, 10000)
PASS [expired exp-2h created omitted]: bob view at 2026-10-03T08:14:54.850775+00:00 consistent (balance=total, available=total-held>=0, held<=total) (2500, 0, 2500)
PASS [expired exp-2h created omitted]: cy view at 2026-10-03T08:14:54.850775+00:00 consistent (balance=total, available=total-held>=0, held<=total) (0, 0, 0)
PASS [expired exp-2h created omitted]: sum of totals at 2026-10-03T08:14:54.850775+00:00 == seeded total
PASS [expired exp-2h created omitted]: ada view at 2026-10-03T08:14:54.864211+00:00 consistent (balance=total, available=total-held>=0, held<=total) (10000, 0, 10000)
PASS [expired exp-2h created omitted]: bob view at 2026-10-03T08:14:54.864211+00:00 consistent (balance=total, available=total-held>=0, held<=total) (2500, 0, 2500)
PASS [expired exp-2h created omitted]: cy view at 2026-10-03T08:14:54.864211+00:00 consistent (balance=total, available=total-held>=0, held<=total) (0, 0, 0)
PASS [expired exp-2h created omitted]: sum of totals at 2026-10-03T08:14:54.864211+00:00 == seeded total
PASS [expired exp-2h created omitted]: ada view at 2026-10-03T08:14:54.864212+00:00 consistent (balance=total, available=total-held>=0, held<=total) (10000, 0, 10000)
PASS [expired exp-2h created omitted]: bob view at 2026-10-03T08:14:54.864212+00:00 consistent (balance=total, available=total-held>=0, held<=total) (2500, 0, 2500)
PASS [expired exp-2h created omitted]: cy view at 2026-10-03T08:14:54.864212+00:00 consistent (balance=total, available=total-held>=0, held<=total) (0, 0, 0)
PASS [expired exp-2h created omitted]: sum of totals at 2026-10-03T08:14:54.864212+00:00 == seeded total
PASS [expired exp-2h created omitted]: ada view at 2026-10-03T08:14:54.864213+00:00 consistent (balance=total, available=total-held>=0, held<=total) (10000, 0, 10000)
PASS [expired exp-2h created omitted]: bob view at 2026-10-03T08:14:54.864213+00:00 consistent (balance=total, available=total-held>=0, held<=total) (2500, 0, 2500)
PASS [expired exp-2h created omitted]: cy view at 2026-10-03T08:14:54.864213+00:00 consistent (balance=total, available=total-held>=0, held<=total) (0, 0, 0)
PASS [expired exp-2h created omitted]: sum of totals at 2026-10-03T08:14:54.864213+00:00 == seeded total
PASS [expired exp-2h created omitted]: ada view at 2026-10-03T08:14:54.959279+00:00 consistent (balance=total, available=total-held>=0, held<=total) (9999, 0, 9999)
PASS [expired exp-2h created omitted]: bob view at 2026-10-03T08:14:54.959279+00:00 consistent (balance=total, available=total-held>=0, held<=total) (2500, 0, 2500)
PASS [expired exp-2h created omitted]: cy view at 2026-10-03T08:14:54.959279+00:00 consistent (balance=total, available=total-held>=0, held<=total) (1, 1, 0)
PASS [expired exp-2h created omitted]: sum of totals at 2026-10-03T08:14:54.959279+00:00 == seeded total
PASS [expired exp-2h created omitted]: ada view at 2026-10-03T08:14:54.959280+00:00 consistent (balance=total, available=total-held>=0, held<=total) (9999, 0, 9999)
PASS [expired exp-2h created omitted]: bob view at 2026-10-03T08:14:54.959280+00:00 consistent (balance=total, available=total-held>=0, held<=total) (2500, 0, 2500)
PASS [expired exp-2h created omitted]: cy view at 2026-10-03T08:14:54.959280+00:00 consistent (balance=total, available=total-held>=0, held<=total) (1, 1, 0)
PASS [expired exp-2h created omitted]: sum of totals at 2026-10-03T08:14:54.959280+00:00 == seeded total
PASS [expired exp-2h created omitted]: ada view at 2026-10-03T08:14:54.959281+00:00 consistent (balance=total, available=total-held>=0, held<=total) (9999, 0, 9999)
PASS [expired exp-2h created omitted]: bob view at 2026-10-03T08:14:54.959281+00:00 consistent (balance=total, available=total-held>=0, held<=total) (2500, 0, 2500)
PASS [expired exp-2h created omitted]: cy view at 2026-10-03T08:14:54.959281+00:00 consistent (balance=total, available=total-held>=0, held<=total) (1, 1, 0)
PASS [expired exp-2h created omitted]: sum of totals at 2026-10-03T08:14:54.959281+00:00 == seeded total
PASS [expired exp-2h created omitted]: ada view at 1970-01-01T00:00:00.000000+00:00 consistent (balance=total, available=total-held>=0, held<=total) (10000, 0, 10000)
PASS [expired exp-2h created omitted]: bob view at 1970-01-01T00:00:00.000000+00:00 consistent (balance=total, available=total-held>=0, held<=total) (2500, 0, 2500)
PASS [expired exp-2h created omitted]: cy view at 1970-01-01T00:00:00.000000+00:00 consistent (balance=total, available=total-held>=0, held<=total) (0, 0, 0)
PASS [expired exp-2h created omitted]: sum of totals at 1970-01-01T00:00:00.000000+00:00 == seeded total
PASS [expired exp-2h created omitted]: ada view at 9999-12-31T23:59:59.000000+00:00 consistent (balance=total, available=total-held>=0, held<=total) (9999, 0, 9999)
PASS [expired exp-2h created omitted]: bob view at 9999-12-31T23:59:59.000000+00:00 consistent (balance=total, available=total-held>=0, held<=total) (2500, 0, 2500)
PASS [expired exp-2h created omitted]: cy view at 9999-12-31T23:59:59.000000+00:00 consistent (balance=total, available=total-held>=0, held<=total) (1, 0, 1)
PASS [expired exp-2h created omitted]: sum of totals at 9999-12-31T23:59:59.000000+00:00 == seeded total
PASS [expired exp-2h created omitted] a payment above available is refused (409 insufficient_funds) 9999
PASS [expired exp-2h created omitted] capture of a closed/expired seeded hold -> 409, never 201 (authorization_expired)
PASS [expired exp-2h created omitted] after the capture attempt: balances conserved, all views still consistent
PASS [expired exp-2h created omitted] export -> 200
PASS [expired exp-2h created omitted] import #1 of its own export -> 204
PASS [expired exp-2h created omitted] import #1: balances/held/available and every authorization field (closed_at, expires_at, payment_ids, status, created_at) unchanged
PASS [expired exp-2h created omitted] import #1: next payment stamped at its own request time (clock not moved by imported values)
PASS [expired exp-2h created omitted] import #2 of its own export -> 204
PASS [expired exp-2h created omitted] import #2: balances/held/available and every authorization field (closed_at, expires_at, payment_ids, status, created_at) unchanged
PASS [expired exp-2h created omitted] import #2: next payment stamped at its own request time (clock not moved by imported values)
PASS [expired exp-2h created -3h] reset -> 204 or 422 (never 5xx)
PASS [expired exp-2h created -3h] clock: new payment created_at within its request window (+-30 ms), not ratcheted by seeded values
PASS [expired exp-2h created -3h] clock: new authorization (cy has 1) created_at within its request window
PASS [expired exp-2h created -3h] supplied created_at kept
PASS [expired exp-2h created -3h] closed_at is never in the future (an event time)
PASS [expired exp-2h created -3h] stored-expired with a past deadline: closed_at == expires_at (expiry takes effect at expires_at)
PASS [expired exp-2h created -3h] open status iff closed_at null (status shown expired)
PASS [expired exp-2h created -3h] current /me held == 2000 exactly for a live seeded open hold, else 0 (0, 9999)
PASS [expired exp-2h created -3h]: ada view at 2026-10-03T05:14:55.427920+00:00 consistent (balance=total, available=total-held>=0, held<=total) (10000, 0, 10000)
PASS [expired exp-2h created -3h]: bob view at 2026-10-03T05:14:55.427920+00:00 consistent (balance=total, available=total-held>=0, held<=total) (2500, 0, 2500)
PASS [expired exp-2h created -3h]: cy view at 2026-10-03T05:14:55.427920+00:00 consistent (balance=total, available=total-held>=0, held<=total) (0, 0, 0)
PASS [expired exp-2h created -3h]: sum of totals at 2026-10-03T05:14:55.427920+00:00 == seeded total
PASS [expired exp-2h created -3h]: ada view at 2026-10-03T05:14:55.427921+00:00 consistent (balance=total, available=total-held>=0, held<=total) (10000, 0, 10000)
PASS [expired exp-2h created -3h]: bob view at 2026-10-03T05:14:55.427921+00:00 consistent (balance=total, available=total-held>=0, held<=total) (2500, 0, 2500)
PASS [expired exp-2h created -3h]: cy view at 2026-10-03T05:14:55.427921+00:00 consistent (balance=total, available=total-held>=0, held<=total) (0, 0, 0)
PASS [expired exp-2h created -3h]: sum of totals at 2026-10-03T05:14:55.427921+00:00 == seeded total
PASS [expired exp-2h created -3h]: ada view at 2026-10-03T05:14:55.427922+00:00 consistent (balance=total, available=total-held>=0, held<=total) (10000, 0, 10000)
PASS [expired exp-2h created -3h]: bob view at 2026-10-03T05:14:55.427922+00:00 consistent (balance=total, available=total-held>=0, held<=total) (2500, 0, 2500)
PASS [expired exp-2h created -3h]: cy view at 2026-10-03T05:14:55.427922+00:00 consistent (balance=total, available=total-held>=0, held<=total) (0, 0, 0)
PASS [expired exp-2h created -3h]: sum of totals at 2026-10-03T05:14:55.427922+00:00 == seeded total
PASS [expired exp-2h created -3h]: ada view at 2026-10-03T06:14:55.427920+00:00 consistent (balance=total, available=total-held>=0, held<=total) (10000, 0, 10000)
PASS [expired exp-2h created -3h]: bob view at 2026-10-03T06:14:55.427920+00:00 consistent (balance=total, available=total-held>=0, held<=total) (2500, 0, 2500)
PASS [expired exp-2h created -3h]: cy view at 2026-10-03T06:14:55.427920+00:00 consistent (balance=total, available=total-held>=0, held<=total) (0, 0, 0)
PASS [expired exp-2h created -3h]: sum of totals at 2026-10-03T06:14:55.427920+00:00 == seeded total
PASS [expired exp-2h created -3h]: ada view at 2026-10-03T06:14:55.427921+00:00 consistent (balance=total, available=total-held>=0, held<=total) (10000, 0, 10000)
PASS [expired exp-2h created -3h]: bob view at 2026-10-03T06:14:55.427921+00:00 consistent (balance=total, available=total-held>=0, held<=total) (2500, 0, 2500)
PASS [expired exp-2h created -3h]: cy view at 2026-10-03T06:14:55.427921+00:00 consistent (balance=total, available=total-held>=0, held<=total) (0, 0, 0)
PASS [expired exp-2h created -3h]: sum of totals at 2026-10-03T06:14:55.427921+00:00 == seeded total
PASS [expired exp-2h created -3h]: ada view at 2026-10-03T06:14:55.427922+00:00 consistent (balance=total, available=total-held>=0, held<=total) (10000, 0, 10000)
PASS [expired exp-2h created -3h]: bob view at 2026-10-03T06:14:55.427922+00:00 consistent (balance=total, available=total-held>=0, held<=total) (2500, 0, 2500)
PASS [expired exp-2h created -3h]: cy view at 2026-10-03T06:14:55.427922+00:00 consistent (balance=total, available=total-held>=0, held<=total) (0, 0, 0)
PASS [expired exp-2h created -3h]: sum of totals at 2026-10-03T06:14:55.427922+00:00 == seeded total
PASS [expired exp-2h created -3h]: ada view at 2026-10-03T08:14:55.427920+00:00 consistent (balance=total, available=total-held>=0, held<=total) (10000, 0, 10000)
PASS [expired exp-2h created -3h]: bob view at 2026-10-03T08:14:55.427920+00:00 consistent (balance=total, available=total-held>=0, held<=total) (2500, 0, 2500)
PASS [expired exp-2h created -3h]: cy view at 2026-10-03T08:14:55.427920+00:00 consistent (balance=total, available=total-held>=0, held<=total) (0, 0, 0)
PASS [expired exp-2h created -3h]: sum of totals at 2026-10-03T08:14:55.427920+00:00 == seeded total
PASS [expired exp-2h created -3h]: ada view at 2026-10-03T08:14:55.427921+00:00 consistent (balance=total, available=total-held>=0, held<=total) (10000, 0, 10000)
PASS [expired exp-2h created -3h]: bob view at 2026-10-03T08:14:55.427921+00:00 consistent (balance=total, available=total-held>=0, held<=total) (2500, 0, 2500)
PASS [expired exp-2h created -3h]: cy view at 2026-10-03T08:14:55.427921+00:00 consistent (balance=total, available=total-held>=0, held<=total) (0, 0, 0)
PASS [expired exp-2h created -3h]: sum of totals at 2026-10-03T08:14:55.427921+00:00 == seeded total
PASS [expired exp-2h created -3h]: ada view at 2026-10-03T08:14:55.427922+00:00 consistent (balance=total, available=total-held>=0, held<=total) (10000, 0, 10000)
PASS [expired exp-2h created -3h]: bob view at 2026-10-03T08:14:55.427922+00:00 consistent (balance=total, available=total-held>=0, held<=total) (2500, 0, 2500)
PASS [expired exp-2h created -3h]: cy view at 2026-10-03T08:14:55.427922+00:00 consistent (balance=total, available=total-held>=0, held<=total) (0, 0, 0)
PASS [expired exp-2h created -3h]: sum of totals at 2026-10-03T08:14:55.427922+00:00 == seeded total
PASS [expired exp-2h created -3h]: ada view at 2026-10-03T08:14:55.440293+00:00 consistent (balance=total, available=total-held>=0, held<=total) (10000, 0, 10000)
PASS [expired exp-2h created -3h]: bob view at 2026-10-03T08:14:55.440293+00:00 consistent (balance=total, available=total-held>=0, held<=total) (2500, 0, 2500)
PASS [expired exp-2h created -3h]: cy view at 2026-10-03T08:14:55.440293+00:00 consistent (balance=total, available=total-held>=0, held<=total) (0, 0, 0)
PASS [expired exp-2h created -3h]: sum of totals at 2026-10-03T08:14:55.440293+00:00 == seeded total
PASS [expired exp-2h created -3h]: ada view at 2026-10-03T08:14:55.440294+00:00 consistent (balance=total, available=total-held>=0, held<=total) (10000, 0, 10000)
PASS [expired exp-2h created -3h]: bob view at 2026-10-03T08:14:55.440294+00:00 consistent (balance=total, available=total-held>=0, held<=total) (2500, 0, 2500)
PASS [expired exp-2h created -3h]: cy view at 2026-10-03T08:14:55.440294+00:00 consistent (balance=total, available=total-held>=0, held<=total) (0, 0, 0)
PASS [expired exp-2h created -3h]: sum of totals at 2026-10-03T08:14:55.440294+00:00 == seeded total
PASS [expired exp-2h created -3h]: ada view at 2026-10-03T08:14:55.440295+00:00 consistent (balance=total, available=total-held>=0, held<=total) (10000, 0, 10000)
PASS [expired exp-2h created -3h]: bob view at 2026-10-03T08:14:55.440295+00:00 consistent (balance=total, available=total-held>=0, held<=total) (2500, 0, 2500)
PASS [expired exp-2h created -3h]: cy view at 2026-10-03T08:14:55.440295+00:00 consistent (balance=total, available=total-held>=0, held<=total) (0, 0, 0)
PASS [expired exp-2h created -3h]: sum of totals at 2026-10-03T08:14:55.440295+00:00 == seeded total
PASS [expired exp-2h created -3h]: ada view at 2026-10-03T08:14:55.597959+00:00 consistent (balance=total, available=total-held>=0, held<=total) (9999, 0, 9999)
PASS [expired exp-2h created -3h]: bob view at 2026-10-03T08:14:55.597959+00:00 consistent (balance=total, available=total-held>=0, held<=total) (2500, 0, 2500)
PASS [expired exp-2h created -3h]: cy view at 2026-10-03T08:14:55.597959+00:00 consistent (balance=total, available=total-held>=0, held<=total) (1, 1, 0)
PASS [expired exp-2h created -3h]: sum of totals at 2026-10-03T08:14:55.597959+00:00 == seeded total
PASS [expired exp-2h created -3h]: ada view at 2026-10-03T08:14:55.597960+00:00 consistent (balance=total, available=total-held>=0, held<=total) (9999, 0, 9999)
PASS [expired exp-2h created -3h]: bob view at 2026-10-03T08:14:55.597960+00:00 consistent (balance=total, available=total-held>=0, held<=total) (2500, 0, 2500)
PASS [expired exp-2h created -3h]: cy view at 2026-10-03T08:14:55.597960+00:00 consistent (balance=total, available=total-held>=0, held<=total) (1, 1, 0)
PASS [expired exp-2h created -3h]: sum of totals at 2026-10-03T08:14:55.597960+00:00 == seeded total
PASS [expired exp-2h created -3h]: ada view at 2026-10-03T08:14:55.597961+00:00 consistent (balance=total, available=total-held>=0, held<=total) (9999, 0, 9999)
PASS [expired exp-2h created -3h]: bob view at 2026-10-03T08:14:55.597961+00:00 consistent (balance=total, available=total-held>=0, held<=total) (2500, 0, 2500)
PASS [expired exp-2h created -3h]: cy view at 2026-10-03T08:14:55.597961+00:00 consistent (balance=total, available=total-held>=0, held<=total) (1, 1, 0)
PASS [expired exp-2h created -3h]: sum of totals at 2026-10-03T08:14:55.597961+00:00 == seeded total
PASS [expired exp-2h created -3h]: ada view at 1970-01-01T00:00:00.000000+00:00 consistent (balance=total, available=total-held>=0, held<=total) (10000, 0, 10000)
PASS [expired exp-2h created -3h]: bob view at 1970-01-01T00:00:00.000000+00:00 consistent (balance=total, available=total-held>=0, held<=total) (2500, 0, 2500)
PASS [expired exp-2h created -3h]: cy view at 1970-01-01T00:00:00.000000+00:00 consistent (balance=total, available=total-held>=0, held<=total) (0, 0, 0)
PASS [expired exp-2h created -3h]: sum of totals at 1970-01-01T00:00:00.000000+00:00 == seeded total
PASS [expired exp-2h created -3h]: ada view at 9999-12-31T23:59:59.000000+00:00 consistent (balance=total, available=total-held>=0, held<=total) (9999, 0, 9999)
PASS [expired exp-2h created -3h]: bob view at 9999-12-31T23:59:59.000000+00:00 consistent (balance=total, available=total-held>=0, held<=total) (2500, 0, 2500)
PASS [expired exp-2h created -3h]: cy view at 9999-12-31T23:59:59.000000+00:00 consistent (balance=total, available=total-held>=0, held<=total) (1, 0, 1)
PASS [expired exp-2h created -3h]: sum of totals at 9999-12-31T23:59:59.000000+00:00 == seeded total
PASS [expired exp-2h created -3h] a payment above available is refused (409 insufficient_funds) 9999
PASS [expired exp-2h created -3h] capture of a closed/expired seeded hold -> 409, never 201 (authorization_expired)
PASS [expired exp-2h created -3h] after the capture attempt: balances conserved, all views still consistent
PASS [expired exp-2h created -3h] export -> 200
PASS [expired exp-2h created -3h] import #1 of its own export -> 204
PASS [expired exp-2h created -3h] import #1: balances/held/available and every authorization field (closed_at, expires_at, payment_ids, status, created_at) unchanged
PASS [expired exp-2h created -3h] import #1: next payment stamped at its own request time (clock not moved by imported values)
PASS [expired exp-2h created -3h] import #2 of its own export -> 204
PASS [expired exp-2h created -3h] import #2: balances/held/available and every authorization field (closed_at, expires_at, payment_ids, status, created_at) unchanged
PASS [expired exp-2h created -3h] import #2: next payment stamped at its own request time (clock not moved by imported values)
PASS [expired exp-2h created +2h] reset -> 204 or 422 (never 5xx)
PASS [expired exp+2h created omitted] reset -> 204 or 422 (never 5xx)
PASS [expired exp+2h created omitted] clock: new payment created_at within its request window (+-30 ms), not ratcheted by seeded values
PASS [expired exp+2h created omitted] clock: new authorization (cy has 1) created_at within its request window
PASS [expired exp+2h created omitted] hold created_at omitted -> the reset instant (between request start and end), not a truncated second
PASS [expired exp+2h created omitted] closed_at is never in the future (an event time)
PASS [expired exp+2h created omitted] open status iff closed_at null (status shown expired)
PASS [expired exp+2h created omitted] current /me held == 2000 exactly for a live seeded open hold, else 0 (0, 9999)
PASS [expired exp+2h created omitted]: ada view at 2026-10-03T08:14:56.032535+00:00 consistent (balance=total, available=total-held>=0, held<=total) (10000, 0, 10000)
PASS [expired exp+2h created omitted]: bob view at 2026-10-03T08:14:56.032535+00:00 consistent (balance=total, available=total-held>=0, held<=total) (2500, 0, 2500)
PASS [expired exp+2h created omitted]: cy view at 2026-10-03T08:14:56.032535+00:00 consistent (balance=total, available=total-held>=0, held<=total) (0, 0, 0)
PASS [expired exp+2h created omitted]: sum of totals at 2026-10-03T08:14:56.032535+00:00 == seeded total
PASS [expired exp+2h created omitted]: ada view at 2026-10-03T08:14:56.032536+00:00 consistent (balance=total, available=total-held>=0, held<=total) (10000, 0, 10000)
PASS [expired exp+2h created omitted]: bob view at 2026-10-03T08:14:56.032536+00:00 consistent (balance=total, available=total-held>=0, held<=total) (2500, 0, 2500)
PASS [expired exp+2h created omitted]: cy view at 2026-10-03T08:14:56.032536+00:00 consistent (balance=total, available=total-held>=0, held<=total) (0, 0, 0)
PASS [expired exp+2h created omitted]: sum of totals at 2026-10-03T08:14:56.032536+00:00 == seeded total
PASS [expired exp+2h created omitted]: ada view at 2026-10-03T08:14:56.032537+00:00 consistent (balance=total, available=total-held>=0, held<=total) (10000, 0, 10000)
PASS [expired exp+2h created omitted]: bob view at 2026-10-03T08:14:56.032537+00:00 consistent (balance=total, available=total-held>=0, held<=total) (2500, 0, 2500)
PASS [expired exp+2h created omitted]: cy view at 2026-10-03T08:14:56.032537+00:00 consistent (balance=total, available=total-held>=0, held<=total) (0, 0, 0)
PASS [expired exp+2h created omitted]: sum of totals at 2026-10-03T08:14:56.032537+00:00 == seeded total
PASS [expired exp+2h created omitted]: ada view at 2026-10-03T08:14:56.056947+00:00 consistent (balance=total, available=total-held>=0, held<=total) (10000, 0, 10000)
PASS [expired exp+2h created omitted]: bob view at 2026-10-03T08:14:56.056947+00:00 consistent (balance=total, available=total-held>=0, held<=total) (2500, 0, 2500)
PASS [expired exp+2h created omitted]: cy view at 2026-10-03T08:14:56.056947+00:00 consistent (balance=total, available=total-held>=0, held<=total) (0, 0, 0)
PASS [expired exp+2h created omitted]: sum of totals at 2026-10-03T08:14:56.056947+00:00 == seeded total
PASS [expired exp+2h created omitted]: ada view at 2026-10-03T08:14:56.056948+00:00 consistent (balance=total, available=total-held>=0, held<=total) (10000, 0, 10000)
PASS [expired exp+2h created omitted]: bob view at 2026-10-03T08:14:56.056948+00:00 consistent (balance=total, available=total-held>=0, held<=total) (2500, 0, 2500)
PASS [expired exp+2h created omitted]: cy view at 2026-10-03T08:14:56.056948+00:00 consistent (balance=total, available=total-held>=0, held<=total) (0, 0, 0)
PASS [expired exp+2h created omitted]: sum of totals at 2026-10-03T08:14:56.056948+00:00 == seeded total
PASS [expired exp+2h created omitted]: ada view at 2026-10-03T08:14:56.056949+00:00 consistent (balance=total, available=total-held>=0, held<=total) (10000, 0, 10000)
PASS [expired exp+2h created omitted]: bob view at 2026-10-03T08:14:56.056949+00:00 consistent (balance=total, available=total-held>=0, held<=total) (2500, 0, 2500)
PASS [expired exp+2h created omitted]: cy view at 2026-10-03T08:14:56.056949+00:00 consistent (balance=total, available=total-held>=0, held<=total) (0, 0, 0)
PASS [expired exp+2h created omitted]: sum of totals at 2026-10-03T08:14:56.056949+00:00 == seeded total
PASS [expired exp+2h created omitted]: ada view at 2026-10-03T08:14:56.069171+00:00 consistent (balance=total, available=total-held>=0, held<=total) (10000, 0, 10000)
PASS [expired exp+2h created omitted]: bob view at 2026-10-03T08:14:56.069171+00:00 consistent (balance=total, available=total-held>=0, held<=total) (2500, 0, 2500)
PASS [expired exp+2h created omitted]: cy view at 2026-10-03T08:14:56.069171+00:00 consistent (balance=total, available=total-held>=0, held<=total) (0, 0, 0)
PASS [expired exp+2h created omitted]: sum of totals at 2026-10-03T08:14:56.069171+00:00 == seeded total
PASS [expired exp+2h created omitted]: ada view at 2026-10-03T08:14:56.069172+00:00 consistent (balance=total, available=total-held>=0, held<=total) (10000, 0, 10000)
PASS [expired exp+2h created omitted]: bob view at 2026-10-03T08:14:56.069172+00:00 consistent (balance=total, available=total-held>=0, held<=total) (2500, 0, 2500)
PASS [expired exp+2h created omitted]: cy view at 2026-10-03T08:14:56.069172+00:00 consistent (balance=total, available=total-held>=0, held<=total) (0, 0, 0)
PASS [expired exp+2h created omitted]: sum of totals at 2026-10-03T08:14:56.069172+00:00 == seeded total
PASS [expired exp+2h created omitted]: ada view at 2026-10-03T08:14:56.069173+00:00 consistent (balance=total, available=total-held>=0, held<=total) (10000, 0, 10000)
PASS [expired exp+2h created omitted]: bob view at 2026-10-03T08:14:56.069173+00:00 consistent (balance=total, available=total-held>=0, held<=total) (2500, 0, 2500)
PASS [expired exp+2h created omitted]: cy view at 2026-10-03T08:14:56.069173+00:00 consistent (balance=total, available=total-held>=0, held<=total) (0, 0, 0)
PASS [expired exp+2h created omitted]: sum of totals at 2026-10-03T08:14:56.069173+00:00 == seeded total
PASS [expired exp+2h created omitted]: ada view at 2026-10-03T08:14:56.188486+00:00 consistent (balance=total, available=total-held>=0, held<=total) (9999, 0, 9999)
PASS [expired exp+2h created omitted]: bob view at 2026-10-03T08:14:56.188486+00:00 consistent (balance=total, available=total-held>=0, held<=total) (2500, 0, 2500)
PASS [expired exp+2h created omitted]: cy view at 2026-10-03T08:14:56.188486+00:00 consistent (balance=total, available=total-held>=0, held<=total) (1, 1, 0)
PASS [expired exp+2h created omitted]: sum of totals at 2026-10-03T08:14:56.188486+00:00 == seeded total
PASS [expired exp+2h created omitted]: ada view at 2026-10-03T08:14:56.188487+00:00 consistent (balance=total, available=total-held>=0, held<=total) (9999, 0, 9999)
PASS [expired exp+2h created omitted]: bob view at 2026-10-03T08:14:56.188487+00:00 consistent (balance=total, available=total-held>=0, held<=total) (2500, 0, 2500)
PASS [expired exp+2h created omitted]: cy view at 2026-10-03T08:14:56.188487+00:00 consistent (balance=total, available=total-held>=0, held<=total) (1, 1, 0)
PASS [expired exp+2h created omitted]: sum of totals at 2026-10-03T08:14:56.188487+00:00 == seeded total
PASS [expired exp+2h created omitted]: ada view at 2026-10-03T08:14:56.188488+00:00 consistent (balance=total, available=total-held>=0, held<=total) (9999, 0, 9999)
PASS [expired exp+2h created omitted]: bob view at 2026-10-03T08:14:56.188488+00:00 consistent (balance=total, available=total-held>=0, held<=total) (2500, 0, 2500)
PASS [expired exp+2h created omitted]: cy view at 2026-10-03T08:14:56.188488+00:00 consistent (balance=total, available=total-held>=0, held<=total) (1, 1, 0)
PASS [expired exp+2h created omitted]: sum of totals at 2026-10-03T08:14:56.188488+00:00 == seeded total
PASS [expired exp+2h created omitted]: ada view at 2026-10-03T10:14:56.032535+00:00 consistent (balance=total, available=total-held>=0, held<=total) (9999, 0, 9999)
PASS [expired exp+2h created omitted]: bob view at 2026-10-03T10:14:56.032535+00:00 consistent (balance=total, available=total-held>=0, held<=total) (2500, 0, 2500)
PASS [expired exp+2h created omitted]: cy view at 2026-10-03T10:14:56.032535+00:00 consistent (balance=total, available=total-held>=0, held<=total) (1, 0, 1)
PASS [expired exp+2h created omitted]: sum of totals at 2026-10-03T10:14:56.032535+00:00 == seeded total
PASS [expired exp+2h created omitted]: ada view at 2026-10-03T10:14:56.032536+00:00 consistent (balance=total, available=total-held>=0, held<=total) (9999, 0, 9999)
PASS [expired exp+2h created omitted]: bob view at 2026-10-03T10:14:56.032536+00:00 consistent (balance=total, available=total-held>=0, held<=total) (2500, 0, 2500)
PASS [expired exp+2h created omitted]: cy view at 2026-10-03T10:14:56.032536+00:00 consistent (balance=total, available=total-held>=0, held<=total) (1, 0, 1)
PASS [expired exp+2h created omitted]: sum of totals at 2026-10-03T10:14:56.032536+00:00 == seeded total
PASS [expired exp+2h created omitted]: ada view at 2026-10-03T10:14:56.032537+00:00 consistent (balance=total, available=total-held>=0, held<=total) (9999, 0, 9999)
PASS [expired exp+2h created omitted]: bob view at 2026-10-03T10:14:56.032537+00:00 consistent (balance=total, available=total-held>=0, held<=total) (2500, 0, 2500)
PASS [expired exp+2h created omitted]: cy view at 2026-10-03T10:14:56.032537+00:00 consistent (balance=total, available=total-held>=0, held<=total) (1, 0, 1)
PASS [expired exp+2h created omitted]: sum of totals at 2026-10-03T10:14:56.032537+00:00 == seeded total
PASS [expired exp+2h created omitted]: ada view at 1970-01-01T00:00:00.000000+00:00 consistent (balance=total, available=total-held>=0, held<=total) (10000, 0, 10000)
PASS [expired exp+2h created omitted]: bob view at 1970-01-01T00:00:00.000000+00:00 consistent (balance=total, available=total-held>=0, held<=total) (2500, 0, 2500)
PASS [expired exp+2h created omitted]: cy view at 1970-01-01T00:00:00.000000+00:00 consistent (balance=total, available=total-held>=0, held<=total) (0, 0, 0)
PASS [expired exp+2h created omitted]: sum of totals at 1970-01-01T00:00:00.000000+00:00 == seeded total
PASS [expired exp+2h created omitted]: ada view at 9999-12-31T23:59:59.000000+00:00 consistent (balance=total, available=total-held>=0, held<=total) (9999, 0, 9999)
PASS [expired exp+2h created omitted]: bob view at 9999-12-31T23:59:59.000000+00:00 consistent (balance=total, available=total-held>=0, held<=total) (2500, 0, 2500)
PASS [expired exp+2h created omitted]: cy view at 9999-12-31T23:59:59.000000+00:00 consistent (balance=total, available=total-held>=0, held<=total) (1, 0, 1)
PASS [expired exp+2h created omitted]: sum of totals at 9999-12-31T23:59:59.000000+00:00 == seeded total
PASS [expired exp+2h created omitted] a payment above available is refused (409 insufficient_funds) 9999
PASS [expired exp+2h created omitted] capture of a closed/expired seeded hold -> 409, never 201 (authorization_expired)
PASS [expired exp+2h created omitted] after the capture attempt: balances conserved, all views still consistent
PASS [expired exp+2h created omitted] export -> 200
PASS [expired exp+2h created omitted] import #1 of its own export -> 204
PASS [expired exp+2h created omitted] import #1: balances/held/available and every authorization field (closed_at, expires_at, payment_ids, status, created_at) unchanged
PASS [expired exp+2h created omitted] import #1: next payment stamped at its own request time (clock not moved by imported values)
PASS [expired exp+2h created omitted] import #2 of its own export -> 204
PASS [expired exp+2h created omitted] import #2: balances/held/available and every authorization field (closed_at, expires_at, payment_ids, status, created_at) unchanged
PASS [expired exp+2h created omitted] import #2: next payment stamped at its own request time (clock not moved by imported values)
PASS [expired exp+2h created -3h] reset -> 204 or 422 (never 5xx)
PASS [expired exp+2h created -3h] clock: new payment created_at within its request window (+-30 ms), not ratcheted by seeded values
PASS [expired exp+2h created -3h] clock: new authorization (cy has 1) created_at within its request window
PASS [expired exp+2h created -3h] supplied created_at kept
PASS [expired exp+2h created -3h] closed_at is never in the future (an event time)
PASS [expired exp+2h created -3h] open status iff closed_at null (status shown expired)
PASS [expired exp+2h created -3h] current /me held == 2000 exactly for a live seeded open hold, else 0 (0, 9999)
PASS [expired exp+2h created -3h]: ada view at 2026-10-03T05:14:57.090562+00:00 consistent (balance=total, available=total-held>=0, held<=total) (10000, 0, 10000)
PASS [expired exp+2h created -3h]: bob view at 2026-10-03T05:14:57.090562+00:00 consistent (balance=total, available=total-held>=0, held<=total) (2500, 0, 2500)
PASS [expired exp+2h created -3h]: cy view at 2026-10-03T05:14:57.090562+00:00 consistent (balance=total, available=total-held>=0, held<=total) (0, 0, 0)
PASS [expired exp+2h created -3h]: sum of totals at 2026-10-03T05:14:57.090562+00:00 == seeded total
PASS [expired exp+2h created -3h]: ada view at 2026-10-03T05:14:57.090563+00:00 consistent (balance=total, available=total-held>=0, held<=total) (10000, 0, 10000)
PASS [expired exp+2h created -3h]: bob view at 2026-10-03T05:14:57.090563+00:00 consistent (balance=total, available=total-held>=0, held<=total) (2500, 0, 2500)
PASS [expired exp+2h created -3h]: cy view at 2026-10-03T05:14:57.090563+00:00 consistent (balance=total, available=total-held>=0, held<=total) (0, 0, 0)
PASS [expired exp+2h created -3h]: sum of totals at 2026-10-03T05:14:57.090563+00:00 == seeded total
PASS [expired exp+2h created -3h]: ada view at 2026-10-03T05:14:57.090564+00:00 consistent (balance=total, available=total-held>=0, held<=total) (10000, 0, 10000)
PASS [expired exp+2h created -3h]: bob view at 2026-10-03T05:14:57.090564+00:00 consistent (balance=total, available=total-held>=0, held<=total) (2500, 0, 2500)
PASS [expired exp+2h created -3h]: cy view at 2026-10-03T05:14:57.090564+00:00 consistent (balance=total, available=total-held>=0, held<=total) (0, 0, 0)
PASS [expired exp+2h created -3h]: sum of totals at 2026-10-03T05:14:57.090564+00:00 == seeded total
PASS [expired exp+2h created -3h]: ada view at 2026-10-03T08:14:57.090562+00:00 consistent (balance=total, available=total-held>=0, held<=total) (10000, 0, 10000)
PASS [expired exp+2h created -3h]: bob view at 2026-10-03T08:14:57.090562+00:00 consistent (balance=total, available=total-held>=0, held<=total) (2500, 0, 2500)
PASS [expired exp+2h created -3h]: cy view at 2026-10-03T08:14:57.090562+00:00 consistent (balance=total, available=total-held>=0, held<=total) (0, 0, 0)
PASS [expired exp+2h created -3h]: sum of totals at 2026-10-03T08:14:57.090562+00:00 == seeded total
PASS [expired exp+2h created -3h]: ada view at 2026-10-03T08:14:57.090563+00:00 consistent (balance=total, available=total-held>=0, held<=total) (10000, 0, 10000)
PASS [expired exp+2h created -3h]: bob view at 2026-10-03T08:14:57.090563+00:00 consistent (balance=total, available=total-held>=0, held<=total) (2500, 0, 2500)
PASS [expired exp+2h created -3h]: cy view at 2026-10-03T08:14:57.090563+00:00 consistent (balance=total, available=total-held>=0, held<=total) (0, 0, 0)
PASS [expired exp+2h created -3h]: sum of totals at 2026-10-03T08:14:57.090563+00:00 == seeded total
PASS [expired exp+2h created -3h]: ada view at 2026-10-03T08:14:57.090564+00:00 consistent (balance=total, available=total-held>=0, held<=total) (10000, 0, 10000)
PASS [expired exp+2h created -3h]: bob view at 2026-10-03T08:14:57.090564+00:00 consistent (balance=total, available=total-held>=0, held<=total) (2500, 0, 2500)
PASS [expired exp+2h created -3h]: cy view at 2026-10-03T08:14:57.090564+00:00 consistent (balance=total, available=total-held>=0, held<=total) (0, 0, 0)
PASS [expired exp+2h created -3h]: sum of totals at 2026-10-03T08:14:57.090564+00:00 == seeded total
PASS [expired exp+2h created -3h]: ada view at 2026-10-03T08:14:57.091067+00:00 consistent (balance=total, available=total-held>=0, held<=total) (10000, 0, 10000)
PASS [expired exp+2h created -3h]: bob view at 2026-10-03T08:14:57.091067+00:00 consistent (balance=total, available=total-held>=0, held<=total) (2500, 0, 2500)
PASS [expired exp+2h created -3h]: cy view at 2026-10-03T08:14:57.091067+00:00 consistent (balance=total, available=total-held>=0, held<=total) (0, 0, 0)
PASS [expired exp+2h created -3h]: sum of totals at 2026-10-03T08:14:57.091067+00:00 == seeded total
PASS [expired exp+2h created -3h]: ada view at 2026-10-03T08:14:57.091068+00:00 consistent (balance=total, available=total-held>=0, held<=total) (10000, 0, 10000)
PASS [expired exp+2h created -3h]: bob view at 2026-10-03T08:14:57.091068+00:00 consistent (balance=total, available=total-held>=0, held<=total) (2500, 0, 2500)
PASS [expired exp+2h created -3h]: cy view at 2026-10-03T08:14:57.091068+00:00 consistent (balance=total, available=total-held>=0, held<=total) (0, 0, 0)
PASS [expired exp+2h created -3h]: sum of totals at 2026-10-03T08:14:57.091068+00:00 == seeded total
PASS [expired exp+2h created -3h]: ada view at 2026-10-03T08:14:57.091069+00:00 consistent (balance=total, available=total-held>=0, held<=total) (10000, 0, 10000)
PASS [expired exp+2h created -3h]: bob view at 2026-10-03T08:14:57.091069+00:00 consistent (balance=total, available=total-held>=0, held<=total) (2500, 0, 2500)
PASS [expired exp+2h created -3h]: cy view at 2026-10-03T08:14:57.091069+00:00 consistent (balance=total, available=total-held>=0, held<=total) (0, 0, 0)
PASS [expired exp+2h created -3h]: sum of totals at 2026-10-03T08:14:57.091069+00:00 == seeded total
PASS [expired exp+2h created -3h]: ada view at 2026-10-03T08:14:57.103565+00:00 consistent (balance=total, available=total-held>=0, held<=total) (10000, 0, 10000)
PASS [expired exp+2h created -3h]: bob view at 2026-10-03T08:14:57.103565+00:00 consistent (balance=total, available=total-held>=0, held<=total) (2500, 0, 2500)
PASS [expired exp+2h created -3h]: cy view at 2026-10-03T08:14:57.103565+00:00 consistent (balance=total, available=total-held>=0, held<=total) (0, 0, 0)
PASS [expired exp+2h created -3h]: sum of totals at 2026-10-03T08:14:57.103565+00:00 == seeded total
PASS [expired exp+2h created -3h]: ada view at 2026-10-03T08:14:57.103566+00:00 consistent (balance=total, available=total-held>=0, held<=total) (10000, 0, 10000)
PASS [expired exp+2h created -3h]: bob view at 2026-10-03T08:14:57.103566+00:00 consistent (balance=total, available=total-held>=0, held<=total) (2500, 0, 2500)
PASS [expired exp+2h created -3h]: cy view at 2026-10-03T08:14:57.103566+00:00 consistent (balance=total, available=total-held>=0, held<=total) (0, 0, 0)
PASS [expired exp+2h created -3h]: sum of totals at 2026-10-03T08:14:57.103566+00:00 == seeded total
PASS [expired exp+2h created -3h]: ada view at 2026-10-03T08:14:57.103567+00:00 consistent (balance=total, available=total-held>=0, held<=total) (10000, 0, 10000)
PASS [expired exp+2h created -3h]: bob view at 2026-10-03T08:14:57.103567+00:00 consistent (balance=total, available=total-held>=0, held<=total) (2500, 0, 2500)
PASS [expired exp+2h created -3h]: cy view at 2026-10-03T08:14:57.103567+00:00 consistent (balance=total, available=total-held>=0, held<=total) (0, 0, 0)
PASS [expired exp+2h created -3h]: sum of totals at 2026-10-03T08:14:57.103567+00:00 == seeded total
PASS [expired exp+2h created -3h]: ada view at 2026-10-03T08:14:57.162300+00:00 consistent (balance=total, available=total-held>=0, held<=total) (9999, 0, 9999)
PASS [expired exp+2h created -3h]: bob view at 2026-10-03T08:14:57.162300+00:00 consistent (balance=total, available=total-held>=0, held<=total) (2500, 0, 2500)
PASS [expired exp+2h created -3h]: cy view at 2026-10-03T08:14:57.162300+00:00 consistent (balance=total, available=total-held>=0, held<=total) (1, 1, 0)
PASS [expired exp+2h created -3h]: sum of totals at 2026-10-03T08:14:57.162300+00:00 == seeded total
PASS [expired exp+2h created -3h]: ada view at 2026-10-03T08:14:57.162301+00:00 consistent (balance=total, available=total-held>=0, held<=total) (9999, 0, 9999)
PASS [expired exp+2h created -3h]: bob view at 2026-10-03T08:14:57.162301+00:00 consistent (balance=total, available=total-held>=0, held<=total) (2500, 0, 2500)
PASS [expired exp+2h created -3h]: cy view at 2026-10-03T08:14:57.162301+00:00 consistent (balance=total, available=total-held>=0, held<=total) (1, 1, 0)
PASS [expired exp+2h created -3h]: sum of totals at 2026-10-03T08:14:57.162301+00:00 == seeded total
PASS [expired exp+2h created -3h]: ada view at 2026-10-03T08:14:57.162302+00:00 consistent (balance=total, available=total-held>=0, held<=total) (9999, 0, 9999)
PASS [expired exp+2h created -3h]: bob view at 2026-10-03T08:14:57.162302+00:00 consistent (balance=total, available=total-held>=0, held<=total) (2500, 0, 2500)
PASS [expired exp+2h created -3h]: cy view at 2026-10-03T08:14:57.162302+00:00 consistent (balance=total, available=total-held>=0, held<=total) (1, 1, 0)
PASS [expired exp+2h created -3h]: sum of totals at 2026-10-03T08:14:57.162302+00:00 == seeded total
PASS [expired exp+2h created -3h]: ada view at 2026-10-03T10:14:57.090562+00:00 consistent (balance=total, available=total-held>=0, held<=total) (9999, 0, 9999)
PASS [expired exp+2h created -3h]: bob view at 2026-10-03T10:14:57.090562+00:00 consistent (balance=total, available=total-held>=0, held<=total) (2500, 0, 2500)
PASS [expired exp+2h created -3h]: cy view at 2026-10-03T10:14:57.090562+00:00 consistent (balance=total, available=total-held>=0, held<=total) (1, 0, 1)
PASS [expired exp+2h created -3h]: sum of totals at 2026-10-03T10:14:57.090562+00:00 == seeded total
PASS [expired exp+2h created -3h]: ada view at 2026-10-03T10:14:57.090563+00:00 consistent (balance=total, available=total-held>=0, held<=total) (9999, 0, 9999)
PASS [expired exp+2h created -3h]: bob view at 2026-10-03T10:14:57.090563+00:00 consistent (balance=total, available=total-held>=0, held<=total) (2500, 0, 2500)
PASS [expired exp+2h created -3h]: cy view at 2026-10-03T10:14:57.090563+00:00 consistent (balance=total, available=total-held>=0, held<=total) (1, 0, 1)
PASS [expired exp+2h created -3h]: sum of totals at 2026-10-03T10:14:57.090563+00:00 == seeded total
PASS [expired exp+2h created -3h]: ada view at 2026-10-03T10:14:57.090564+00:00 consistent (balance=total, available=total-held>=0, held<=total) (9999, 0, 9999)
PASS [expired exp+2h created -3h]: bob view at 2026-10-03T10:14:57.090564+00:00 consistent (balance=total, available=total-held>=0, held<=total) (2500, 0, 2500)
PASS [expired exp+2h created -3h]: cy view at 2026-10-03T10:14:57.090564+00:00 consistent (balance=total, available=total-held>=0, held<=total) (1, 0, 1)
PASS [expired exp+2h created -3h]: sum of totals at 2026-10-03T10:14:57.090564+00:00 == seeded total
PASS [expired exp+2h created -3h]: ada view at 1970-01-01T00:00:00.000000+00:00 consistent (balance=total, available=total-held>=0, held<=total) (10000, 0, 10000)
PASS [expired exp+2h created -3h]: bob view at 1970-01-01T00:00:00.000000+00:00 consistent (balance=total, available=total-held>=0, held<=total) (2500, 0, 2500)
PASS [expired exp+2h created -3h]: cy view at 1970-01-01T00:00:00.000000+00:00 consistent (balance=total, available=total-held>=0, held<=total) (0, 0, 0)
PASS [expired exp+2h created -3h]: sum of totals at 1970-01-01T00:00:00.000000+00:00 == seeded total
PASS [expired exp+2h created -3h]: ada view at 9999-12-31T23:59:59.000000+00:00 consistent (balance=total, available=total-held>=0, held<=total) (9999, 0, 9999)
PASS [expired exp+2h created -3h]: bob view at 9999-12-31T23:59:59.000000+00:00 consistent (balance=total, available=total-held>=0, held<=total) (2500, 0, 2500)
PASS [expired exp+2h created -3h]: cy view at 9999-12-31T23:59:59.000000+00:00 consistent (balance=total, available=total-held>=0, held<=total) (1, 0, 1)
PASS [expired exp+2h created -3h]: sum of totals at 9999-12-31T23:59:59.000000+00:00 == seeded total
PASS [expired exp+2h created -3h] a payment above available is refused (409 insufficient_funds) 9999
PASS [expired exp+2h created -3h] capture of a closed/expired seeded hold -> 409, never 201 (authorization_expired)
PASS [expired exp+2h created -3h] after the capture attempt: balances conserved, all views still consistent
PASS [expired exp+2h created -3h] export -> 200
PASS [expired exp+2h created -3h] import #1 of its own export -> 204
PASS [expired exp+2h created -3h] import #1: balances/held/available and every authorization field (closed_at, expires_at, payment_ids, status, created_at) unchanged
PASS [expired exp+2h created -3h] import #1: next payment stamped at its own request time (clock not moved by imported values)
PASS [expired exp+2h created -3h] import #2 of its own export -> 204
PASS [expired exp+2h created -3h] import #2: balances/held/available and every authorization field (closed_at, expires_at, payment_ids, status, created_at) unchanged
PASS [expired exp+2h created -3h] import #2: next payment stamped at its own request time (clock not moved by imported values)
PASS [expired exp+2h created +2h] reset -> 204 or 422 (never 5xx)
PASS funded seed: seeded payment and seeded hold both default to the reset instant; the payment is not later than the hold it funds
PASS funded seed: ada view at 2026-10-03T08:14:57.728702+00:00 consistent (balance=total, available=total-held>=0, held<=total) (10000, 0, 10000)
PASS funded seed: bob view at 2026-10-03T08:14:57.728702+00:00 consistent (balance=total, available=total-held>=0, held<=total) (0, 0, 0)
PASS funded seed: cy view at 2026-10-03T08:14:57.728702+00:00 consistent (balance=total, available=total-held>=0, held<=total) (0, 0, 0)
PASS funded seed: sum of totals at 2026-10-03T08:14:57.728702+00:00 == seeded total
PASS funded seed: ada view at 2026-10-03T08:14:57.728703+00:00 consistent (balance=total, available=total-held>=0, held<=total) (8000, 0, 8000)
PASS funded seed: bob view at 2026-10-03T08:14:57.728703+00:00 consistent (balance=total, available=total-held>=0, held<=total) (2000, 1500, 500)
PASS funded seed: cy view at 2026-10-03T08:14:57.728703+00:00 consistent (balance=total, available=total-held>=0, held<=total) (0, 0, 0)
PASS funded seed: sum of totals at 2026-10-03T08:14:57.728703+00:00 == seeded total
PASS funded seed: ada view at 2026-10-03T08:14:57.728704+00:00 consistent (balance=total, available=total-held>=0, held<=total) (8000, 0, 8000)
PASS funded seed: bob view at 2026-10-03T08:14:57.728704+00:00 consistent (balance=total, available=total-held>=0, held<=total) (2000, 1500, 500)
PASS funded seed: cy view at 2026-10-03T08:14:57.728704+00:00 consistent (balance=total, available=total-held>=0, held<=total) (0, 0, 0)
PASS funded seed: sum of totals at 2026-10-03T08:14:57.728704+00:00 == seeded total
PASS funded seed: ada view at 2026-10-03T08:14:57.728702+00:00 consistent (balance=total, available=total-held>=0, held<=total) (10000, 0, 10000)
PASS funded seed: bob view at 2026-10-03T08:14:57.728702+00:00 consistent (balance=total, available=total-held>=0, held<=total) (0, 0, 0)
PASS funded seed: cy view at 2026-10-03T08:14:57.728702+00:00 consistent (balance=total, available=total-held>=0, held<=total) (0, 0, 0)
PASS funded seed: sum of totals at 2026-10-03T08:14:57.728702+00:00 == seeded total
PASS funded seed: ada view at 2026-10-03T08:14:57.728703+00:00 consistent (balance=total, available=total-held>=0, held<=total) (8000, 0, 8000)
PASS funded seed: bob view at 2026-10-03T08:14:57.728703+00:00 consistent (balance=total, available=total-held>=0, held<=total) (2000, 1500, 500)
PASS funded seed: cy view at 2026-10-03T08:14:57.728703+00:00 consistent (balance=total, available=total-held>=0, held<=total) (0, 0, 0)
PASS funded seed: sum of totals at 2026-10-03T08:14:57.728703+00:00 == seeded total
PASS funded seed: ada view at 2026-10-03T08:14:57.728704+00:00 consistent (balance=total, available=total-held>=0, held<=total) (8000, 0, 8000)
PASS funded seed: bob view at 2026-10-03T08:14:57.728704+00:00 consistent (balance=total, available=total-held>=0, held<=total) (2000, 1500, 500)
PASS funded seed: cy view at 2026-10-03T08:14:57.728704+00:00 consistent (balance=total, available=total-held>=0, held<=total) (0, 0, 0)
PASS funded seed: sum of totals at 2026-10-03T08:14:57.728704+00:00 == seeded total
PASS funded seed: at as_of = authorization.created_at bob has total 2000 held 1500 available 500
PASS funded seed (payment 1h ago): view at hold creation total 2000 held 1500 available 500
INFO host wall-clock steps seen during this run: [('08:14:46.571615', -13.9), ('08:14:46.586570', -15.0), ('08:14:46.602557', -15.1), ('08:14:46.618239', -14.0), ('08:14:46.633459', -14.9), ('08:14:46.649480', -14.0), ('08:14:46.665143', -14.9), ('08:14:46.680711', -15.0), ('08:14:46.696299', -13.9), ('08:14:46.712115', -15.0), ('08:14:46.727560', -15.0), ('08:14:46.743268', -14.0), ('08:14:46.758257', -15.0), ('08:14:46.774386', -14.0), ('08:14:46.790385', -15.0), ('08:14:46.805204', -15.0), ('08:14:46.821204', -14.0), ('08:14:46.837249', -15.0), ('08:14:46.852350', -15.4), ('08:14:46.867667', -14.0), ('08:14:46.883216', -15.0), ('08:14:46.899859', -13.8), ('08:14:46.915171', -15.0), ('08:14:46.930555', -15.0), ('08:14:46.946474', -13.9), ('08:14:46.961356', -15.1), ('08:14:46.977601', -15.0), ('08:14:46.992961', -14.0), ('08:14:47.009171', -14.9), ('08:14:47.024066', -14.0), ('08:14:47.039663', -15.0), ('08:14:47.055414', -15.0), ('08:14:47.070834', -14.0), ('08:14:47.086496', -15.3), ('08:14:47.102080', -15.0), ('08:14:47.117835', -14.1), ('08:14:47.133686', -15.0), ('08:14:47.148815', -13.8), ('08:14:47.165042', -15.3), ('08:14:47.181023', -15.0), ('08:14:47.196461', -14.0), ('08:14:47.212012', -15.0), ('08:14:47.227104', -15.0), ('08:14:47.243061', -14.0), ('08:14:47.258758', -14.9), ('08:14:47.274151', -14.2), ('08:14:47.289741', -15.0), ('08:14:47.306466', -14.5), ('08:14:47.321267', -14.0), ('08:14:47.337164', -15.0), ('08:14:47.352071', -15.0), ('08:14:47.367555', -14.3), ('08:14:47.383528', -15.4), ('08:14:47.399306', -13.9), ('08:14:47.415183', -15.0), ('08:14:47.431000', -15.0), ('08:14:47.446579', -14.0), ('08:14:47.461690', -15.0), ('08:14:47.477119', -15.0), ('08:14:47.493457', -14.0), ('08:14:47.508855', -15.0), ('08:14:47.524756', -14.0), ('08:14:47.539962', -15.0), ('08:14:47.555768', -14.9), ('08:14:47.571016', -13.8), ('08:14:47.586920', -15.0), ('08:14:47.597391', 2.1), ('08:14:47.602239', -15.0), ('08:14:47.617972', -14.0), ('08:14:47.634027', -15.0), ('08:14:47.648961', -14.0), ('08:14:47.665338', -15.0), ('08:14:47.680850', -15.0), ('08:14:47.696309', -14.0), ('08:14:47.711597', -15.0), ('08:14:47.727680', -14.8), ('08:14:47.743408', -14.0), ('08:14:47.759049', -15.0), ('08:14:47.774269', -14.0), ('08:14:47.790188', -15.0), ('08:14:47.805694', -14.9), ('08:14:47.821538', -14.0), ('08:14:47.836412', -14.6), ('08:14:47.852520', -15.0), ('08:14:47.867883', -13.9), ('08:14:47.883872', -15.0), ('08:14:47.899387', -14.0), ('08:14:47.915059', -15.0), ('08:14:47.930873', -14.9), ('08:14:47.945854', -14.0), ('08:14:47.962263', -15.0), ('08:14:47.978356', -14.5), ('08:14:47.992933', -13.9), ('08:14:48.008165', -15.0), ('08:14:48.024114', -14.0), ('08:14:48.039696', -15.0), ('08:14:48.055533', -15.0), ('08:14:48.071431', -14.0), ('08:14:48.087101', -15.0), ('08:14:48.102518', -15.0), ('08:14:48.117637', -14.5), ('08:14:48.134752', -14.3), ('08:14:48.149293', -14.0), ('08:14:48.164563', -15.0), ('08:14:48.181251', -14.6), ('08:14:48.195951', -14.0), ('08:14:48.211500', -15.0), ('08:14:48.226952', -15.0), ('08:14:48.243010', -13.8), ('08:14:48.258615', -15.0), ('08:14:48.274831', -13.7), ('08:14:48.290126', -15.0), ('08:14:48.305322', -14.5), ('08:14:48.321681', -13.6), ('08:14:48.336413', -14.9), ('08:14:48.352092', -15.1), ('08:14:48.368132', -14.0), ('08:14:48.383495', -15.0), ('08:14:48.398868', -14.0), ('08:14:48.414437', -15.4), ('08:14:48.431047', -15.0), ('08:14:48.446177', -13.5), ('08:14:48.461756', -15.0), ('08:14:48.477346', -15.0), ('08:14:48.493192', -14.2), ('08:14:48.508586', -14.9), ('08:14:48.524998', -13.6), ('08:14:48.540155', -15.0), ('08:14:48.555357', -15.0), ('08:14:48.571575', -14.0), ('08:14:48.586859', -15.0), ('08:14:48.602431', -15.4), ('08:14:48.618148', -14.2), ('08:14:48.633626', -15.0), ('08:14:48.649284', -13.7), ('08:14:48.664939', -15.0), ('08:14:48.680145', -15.0), ('08:14:48.696274', -14.0), ('08:14:48.711634', -15.0), ('08:14:48.727425', -15.0), ('08:14:48.742847', -13.7), ('08:14:48.758205', -15.0), ('08:14:48.774309', -13.6), ('08:14:48.789563', -15.2), ('08:14:48.805841', -14.6), ('08:14:48.821422', -14.1), ('08:14:48.836468', -15.0), ('08:14:48.852460', -15.0), ('08:14:48.868098', -14.3), ('08:14:48.883302', -15.0), ('08:14:48.898929', -14.0), ('08:14:48.914824', -15.5), ('08:14:48.930851', -14.9), ('08:14:48.946186', -14.3), ('08:14:48.962348', -14.9), ('08:14:48.977395', -15.4), ('08:14:48.993204', -13.5), ('08:14:49.008970', -15.0), ('08:14:49.024308', -14.0), ('08:14:49.039737', -15.0), ('08:14:49.055770', -15.0), ('08:14:49.070914', -13.8), ('08:14:49.086697', -15.0), ('08:14:49.102712', -14.6), ('08:14:49.117777', -14.0), ('08:14:49.134051', -14.7), ('08:14:49.149813', -13.5), ('08:14:49.164837', -15.1), ('08:14:49.180682', -15.0), ('08:14:49.196182', -14.0), ('08:14:49.211999', -15.0), ('08:14:49.227161', -15.0), ('08:14:49.242670', -14.0), ('08:14:49.258714', -15.3), ('08:14:49.274686', -13.8), ('08:14:49.289480', -15.0), ('08:14:49.305584', -15.0), ('08:14:49.320820', -14.0), ('08:14:49.336875', -14.5), ('08:14:49.352046', -14.9), ('08:14:49.368345', -14.0), ('08:14:49.383700', -15.0), ('08:14:49.399630', -14.0), ('08:14:49.414547', -14.6), ('08:14:49.430457', -15.0), ('08:14:49.446530', -14.0), ('08:14:49.461576', -15.0), ('08:14:49.478085', -14.6), ('08:14:49.493022', -14.0), ('08:14:49.509237', -14.9), ('08:14:49.523884', -13.9), ('08:14:49.539698', -15.0), ('08:14:49.555802', -15.1), ('08:14:49.570854', -14.0), ('08:14:49.586854', -15.0), ('08:14:49.603246', -14.5), ('08:14:49.617865', -13.9), ('08:14:49.634217', -14.6), ('08:14:49.649077', -14.0), ('08:14:49.665377', -14.9), ('08:14:49.680063', -15.0), ('08:14:49.696544', -14.0), ('08:14:49.712117', -15.0), ('08:14:49.727594', -15.2), ('08:14:49.743510', -13.6), ('08:14:49.759041', -15.0), ('08:14:49.774741', -13.9), ('08:14:49.790966', -14.2), ('08:14:49.805214', -15.0), ('08:14:49.821021', -14.0), ('08:14:49.837028', -15.0), ('08:14:49.852240', -15.5), ('08:14:49.867730', -14.0), ('08:14:49.883369', -15.4), ('08:14:49.898839', -14.0), ('08:14:49.915126', -15.0), ('08:14:49.930737', -15.0), ('08:14:49.946328', -14.0), ('08:14:49.961547', -15.0), ('08:14:49.977229', -14.9), ('08:14:49.993045', -14.0), ('08:14:50.008567', -14.9), ('08:14:50.024420', -14.0), ('08:14:50.040566', -14.6), ('08:14:50.055231', -15.0), ('08:14:50.070818', -14.0), ('08:14:50.086321', -15.0), ('08:14:50.102191', -14.7), ('08:14:50.117674', -13.9), ('08:14:50.134115', -15.0), ('08:14:50.148793', -14.0), ('08:14:50.164966', -15.0), ('08:14:50.180438', -15.0), ('08:14:50.195924', -14.0), ('08:14:50.211871', -15.0), ('08:14:50.227033', -15.0), ('08:14:50.243238', -14.0), ('08:14:50.258522', -15.0), ('08:14:50.274596', -14.0), ('08:14:50.290126', -14.8), ('08:14:50.305403', -15.0), ('08:14:50.320802', -14.0), ('08:14:50.336365', -15.0), ('08:14:50.352521', -14.6), ('08:14:50.368030', -14.0), ('08:14:50.383497', -15.0), ('08:14:50.399139', -14.5), ('08:14:50.415396', -15.0), ('08:14:50.431017', -15.0), ('08:14:50.446385', -13.5), ('08:14:50.462455', -14.5), ('08:14:50.477999', -14.6), ('08:14:50.492683', -14.4), ('08:14:50.509092', -15.0), ('08:14:50.524545', -14.2), ('08:14:50.540027', -14.8), ('08:14:50.555744', -15.0), ('08:14:50.570889', -13.5), ('08:14:50.586690', -15.5), ('08:14:50.602031', -15.5), ('08:14:50.618140', -14.0), ('08:14:50.633706', -15.0), ('08:14:50.648871', -13.9), ('08:14:50.664449', -15.0), ('08:14:50.680876', -15.0), ('08:14:50.695965', -14.0), ('08:14:50.711954', -14.9), ('08:14:50.727684', -15.0), ('08:14:50.732925', 2.4), ('08:14:50.742938', -14.0), ('08:14:50.758187', -15.0), ('08:14:50.774725', -14.0), ('08:14:50.790205', -15.0), ('08:14:50.806082', -14.7), ('08:14:50.821096', -14.5), ('08:14:50.837041', -15.0), ('08:14:50.852153', -15.0), ('08:14:50.868428', -13.9), ('08:14:50.884266', -14.6), ('08:14:50.898857', -14.0), ('08:14:50.915058', -15.0), ('08:14:50.931295', -14.6), ('08:14:50.946506', -14.0), ('08:14:50.961383', -15.5), ('08:14:50.977166', -15.4), ('08:14:50.993185', -14.1), ('08:14:51.009209', -14.0), ('08:14:51.024398', -14.0), ('08:14:51.039748', -15.0), ('08:14:51.055115', -15.0), ('08:14:51.071505', -14.2), ('08:14:51.086821', -14.6), ('08:14:51.101952', -14.9), ('08:14:51.118424', -14.0), ('08:14:51.133669', -15.3), ('08:14:51.149283', -13.9), ('08:14:51.165163', -15.0), ('08:14:51.180802', -14.9), ('08:14:51.195711', -14.5), ('08:14:51.212230', -14.9), ('08:14:51.227569', -15.2), ('08:14:51.243013', -13.9), ('08:14:51.258953', -15.0), ('08:14:51.274720', -14.0), ('08:14:51.289727', -15.0), ('08:14:51.306011', -14.9), ('08:14:51.320747', -13.8), ('08:14:51.337144', -15.0), ('08:14:51.352143', -15.0), ('08:14:51.367733', -14.0), ('08:14:51.384055', -15.0), ('08:14:51.398879', -14.0), ('08:14:51.414641', -15.0), ('08:14:51.430562', -14.7), ('08:14:51.446512', -14.0), ('08:14:51.461794', -15.0), ('08:14:51.477506', -15.1), ('08:14:51.492710', -14.0), ('08:14:51.508837', -15.0), ('08:14:51.523942', -13.9), ('08:14:51.540532', -14.8), ('08:14:51.555835', -15.0), ('08:14:51.571161', -14.0), ('08:14:51.586450', -15.0), ('08:14:51.601997', -15.2), ('08:14:51.617807', -14.1), ('08:14:51.633692', -14.9), ('08:14:51.649135', -13.9), ('08:14:51.664480', -15.2), ('08:14:51.680672', -14.7), ('08:14:51.696209', -13.9), ('08:14:51.711476', -14.9), ('08:14:51.726929', -15.0), ('08:14:51.743526', -13.4), ('08:14:51.758950', -14.9), ('08:14:51.773820', -14.0), ('08:14:51.790084', -14.9), ('08:14:51.805220', -14.7), ('08:14:51.820792', -14.5), ('08:14:51.837014', -14.9), ('08:14:51.851979', -14.3), ('08:14:51.868536', -13.7), ('08:14:51.883995', -14.8), ('08:14:51.899202', -14.3), ('08:14:51.914575', -14.1), ('08:14:51.930943', -14.6), ('08:14:51.946008', -13.9), ('08:14:51.962056', -14.8), ('08:14:51.977457', -15.1), ('08:14:51.992759', -14.5), ('08:14:52.008620', -15.0), ('08:14:52.024032', -14.3), ('08:14:52.040429', -14.9), ('08:14:52.055779', -14.5), ('08:14:52.071349', -13.6), ('08:14:52.086729', -14.9), ('08:14:52.102434', -15.0), ('08:14:52.111988', 2.1), ('08:14:52.118261', -14.0), ('08:14:52.133609', -14.9), ('08:14:52.149769', -14.0), ('08:14:52.164974', -14.9), ('08:14:52.180607', -14.9), ('08:14:52.195834', -14.5), ('08:14:52.212055', -15.0), ('08:14:52.227121', -15.0), ('08:14:52.242594', -14.2), ('08:14:52.258200', -15.5), ('08:14:52.274030', -14.5), ('08:14:52.289416', -15.4), ('08:14:52.305734', -15.0), ('08:14:52.321619', -14.0), ('08:14:52.337058', -14.8), ('08:14:52.352787', -14.7), ('08:14:52.367741', -13.7), ('08:14:52.383567', -15.0), ('08:14:52.399365', -14.0), ('08:14:52.415071', -15.0), ('08:14:52.430698', -15.1), ('08:14:52.446445', -14.1), ('08:14:52.462215', -15.0), ('08:14:52.477936', -14.9), ('08:14:52.493197', -12.4), ('08:14:52.508822', -14.8), ('08:14:52.524075', -14.1), ('08:14:52.539904', -15.0), ('08:14:52.555130', -15.4), ('08:14:52.571104', -14.1), ('08:14:52.587601', -14.6), ('08:14:52.602892', -14.9), ('08:14:52.617825', -14.2), ('08:14:52.634193', -14.9), ('08:14:52.648941', -14.0), ('08:14:52.665187', -15.0), ('08:14:52.681331', -14.7), ('08:14:52.696198', -13.5), ('08:14:52.711539', -15.0), ('08:14:52.727904', -14.9), ('08:14:52.742627', -14.2), ('08:14:52.758934', -15.2), ('08:14:52.774671', -14.0), ('08:14:52.789824', -15.2), ('08:14:52.805049', -15.0), ('08:14:52.821567', -13.9), ('08:14:52.837150', -15.0), ('08:14:52.852447', -15.1), ('08:14:52.867600', -13.9), ('08:14:52.883780', -15.0), ('08:14:52.899154', -14.0), ('08:14:52.915583', -14.7), ('08:14:52.930131', -14.8), ('08:14:52.945969', -13.8), ('08:14:52.961784', -15.3), ('08:14:52.977886', -15.0), ('08:14:52.992709', -14.5), ('08:14:53.008426', -15.4), ('08:14:53.024075', -14.0), ('08:14:53.040402', -14.9), ('08:14:53.055836', -15.0), ('08:14:53.071253', -14.0), ('08:14:53.086595', -15.4), ('08:14:53.102777', -15.0), ('08:14:53.118576', -13.8), ('08:14:53.133756', -15.0), ('08:14:53.149779', -14.0), ('08:14:53.164850', -15.4), ('08:14:53.181140', -14.8), ('08:14:53.196291', -14.0), ('08:14:53.211534', -14.9), ('08:14:53.227226', -15.1), ('08:14:53.242729', -14.0), ('08:14:53.258980', -15.0), ('08:14:53.274611', -14.0), ('08:14:53.290372', -14.9), ('08:14:53.305775', -15.0), ('08:14:53.321557', -14.0), ('08:14:53.337268', -15.0), ('08:14:53.352870', -14.9), ('08:14:53.368123', -14.1), ('08:14:53.384364', -14.7), ('08:14:53.399081', -14.0), ('08:14:53.415289', -14.9), ('08:14:53.430119', -15.0), ('08:14:53.446018', -13.8), ('08:14:53.461385', -15.0), ('08:14:53.477289', -15.1), ('08:14:53.492653', -14.0), ('08:14:53.508507', -15.3), ('08:14:53.524095', -14.0), ('08:14:53.539746', -15.0), ('08:14:53.555923', -15.1), ('08:14:53.571397', -13.9), ('08:14:53.587026', -15.1), ('08:14:53.602771', -14.7), ('08:14:53.617977', -14.4), ('08:14:53.633285', -15.0), ('08:14:53.649539', -14.0), ('08:14:53.664769', -15.0), ('08:14:53.680787', -15.1), ('08:14:53.695804', -14.2), ('08:14:53.712248', -14.8), ('08:14:53.727810', -14.9), ('08:14:53.743028', -14.0), ('08:14:53.758793', -15.0), ('08:14:53.774506', -14.0), ('08:14:53.790143', -15.1), ('08:14:53.805148', -15.2), ('08:14:53.820772', -13.9), ('08:14:53.837140', -15.0), ('08:14:53.852924', -14.8), ('08:14:53.868020', -14.1), ('08:14:53.883192', -14.9), ('08:14:53.899156', -14.0), ('08:14:53.915208', -15.0), ('08:14:53.930264', -14.9), ('08:14:53.946241', -14.0), ('08:14:53.962191', -15.0), ('08:14:53.977072', -15.0), ('08:14:53.992877', -14.0), ('08:14:54.009037', -15.0), ('08:14:54.024451', -14.0), ('08:14:54.039515', -15.3), ('08:14:54.055261', -15.0), ('08:14:54.071627', -13.9), ('08:14:54.086422', -14.9), ('08:14:54.102749', -15.0), ('08:14:54.117573', -14.0), ('08:14:54.133659', -15.0), ('08:14:54.149538', -14.0), ('08:14:54.165118', -15.0), ('08:14:54.180948', -15.0), ('08:14:54.196099', -14.3), ('08:14:54.211429', -14.8), ('08:14:54.227116', -15.4), ('08:14:54.243411', -14.0), ('08:14:54.258496', -15.1), ('08:14:54.274628', -13.9), ('08:14:54.289510', -15.2), ('08:14:54.305337', -15.0), ('08:14:54.321387', -13.9), ('08:14:54.336591', -15.5), ('08:14:54.352202', -15.0), ('08:14:54.368360', -14.0), ('08:14:54.383474', -15.4), ('08:14:54.399138', -13.9), ('08:14:54.415210', -15.1), ('08:14:54.430737', -14.9), ('08:14:54.446046', -14.0), ('08:14:54.461363', -14.8), ('08:14:54.477170', -15.2), ('08:14:54.492699', -14.1), ('08:14:54.508845', -15.2), ('08:14:54.523819', -14.1), ('08:14:54.540276', -15.0), ('08:14:54.555144', -15.0), ('08:14:54.570821', -14.0), ('08:14:54.586917', -14.9), ('08:14:54.602071', -14.8), ('08:14:54.617862', -14.1), ('08:14:54.633352', -14.9), ('08:14:54.649651', -13.9), ('08:14:54.665143', -14.9), ('08:14:54.680139', -14.8), ('08:14:54.696458', -14.0), ('08:14:54.712065', -14.9), ('08:14:54.727060', -14.7), ('08:14:54.743448', -14.0), ('08:14:54.759512', -14.5), ('08:14:54.774443', -14.0), ('08:14:54.789529', -15.2), ('08:14:54.805635', -15.3), ('08:14:54.821541', -13.6), ('08:14:54.837205', -15.0), ('08:14:54.852630', -14.9), ('08:14:54.867601', -14.2), ('08:14:54.883481', -14.9), ('08:14:54.899691', -14.0), ('08:14:54.914527', -15.0), ('08:14:54.930273', -14.6), ('08:14:54.946633', -13.9), ('08:14:54.959835', 2.1), ('08:14:54.961869', -15.0), ('08:14:54.977036', -15.0), ('08:14:54.993030', -14.2), ('08:14:55.008345', -15.0), ('08:14:55.024307', -13.9), ('08:14:55.039614', -15.0), ('08:14:55.056030', -15.0), ('08:14:55.070883', -14.0), ('08:14:55.086792', -15.3), ('08:14:55.102799', -15.0), ('08:14:55.117890', -13.9), ('08:14:55.133269', -15.0), ('08:14:55.149509', -14.0), ('08:14:55.164800', -14.7), ('08:14:55.180524', -15.0), ('08:14:55.197029', -13.5), ('08:14:55.212002', -15.0), ('08:14:55.227864', -15.0), ('08:14:55.242816', -14.4), ('08:14:55.258475', -14.9), ('08:14:55.274613', -14.0), ('08:14:55.289512', -14.5), ('08:14:55.305728', -14.2), ('08:14:55.321493', -14.0), ('08:14:55.337771', -14.4), ('08:14:55.352493', -15.0), ('08:14:55.368085', -14.5), ('08:14:55.383363', -15.1), ('08:14:55.399739', -14.0), ('08:14:55.414619', -14.8), ('08:14:55.430162', -14.8), ('08:14:55.445922', -14.5), ('08:14:55.461307', -15.0), ('08:14:55.469355', 2.0), ('08:14:55.472626', 3.3), ('08:14:55.478961', -11.5), ('08:14:55.483890', 4.9), ('08:14:55.486420', 2.5), ('08:14:55.489483', 3.1), ('08:14:55.492328', 2.8), ('08:14:55.493153', -14.2), ('08:14:55.508849', -15.0), ('08:14:55.524096', -14.0), ('08:14:55.540296', -15.0), ('08:14:55.555679', -15.0), ('08:14:55.570735', -14.0), ('08:14:55.586827', -15.0), ('08:14:55.597960', 2.0), ('08:14:55.600259', 2.3), ('08:14:55.602019', -15.3), ('08:14:55.617582', -14.3), ('08:14:55.633826', -15.0), ('08:14:55.648824', -13.9), ('08:14:55.664993', -14.9), ('08:14:55.681161', -14.7), ('08:14:55.696219', -14.4), ('08:14:55.712047', -15.0), ('08:14:55.727079', -15.1), ('08:14:55.742859', -14.0), ('08:14:55.758486', -15.2), ('08:14:55.774593', -13.7), ('08:14:55.789525', -15.0), ('08:14:55.805233', -15.1), ('08:14:55.821330', -13.4), ('08:14:55.837027', -15.0), ('08:14:55.852486', -14.9), ('08:14:55.867558', -14.3), ('08:14:55.883397', -14.8), ('08:14:55.899174', -13.9), ('08:14:55.915006', -14.9), ('08:14:55.930804', -15.0), ('08:14:55.946253', -14.0), ('08:14:55.962268', -15.0), ('08:14:55.976991', -15.4), ('08:14:55.993301', -14.2), ('08:14:56.009089', -14.9), ('08:14:56.024544', -14.0), ('08:14:56.039950', -14.7), ('08:14:56.055931', -15.0), ('08:14:56.071284', -13.8), ('08:14:56.087042', -15.0), ('08:14:56.101944', -15.3), ('08:14:56.117631', -14.4), ('08:14:56.133504', -15.4), ('08:14:56.149435', -14.0), ('08:14:56.164513', -15.0), ('08:14:56.181083', -14.9), ('08:14:56.196810', -13.4), ('08:14:56.212238', -15.0), ('08:14:56.226956', -15.1), ('08:14:56.243345', -14.0), ('08:14:56.258378', -14.8), ('08:14:56.274250', -13.7), ('08:14:56.290001', -14.8), ('08:14:56.305580', -14.8), ('08:14:56.321429', -12.8), ('08:14:56.336595', -15.0), ('08:14:56.352065', -14.9), ('08:14:56.368611', -13.9), ('08:14:56.383363', -15.0), ('08:14:56.399600', -14.0), ('08:14:56.415191', -14.9), ('08:14:56.430561', -14.8), ('08:14:56.445995', -14.0), ('08:14:56.461777', -15.0), ('08:14:56.477185', -14.6), ('08:14:56.492991', -13.9), ('08:14:56.508545', -14.9), ('08:14:56.524575', -14.0), ('08:14:56.540399', -15.0), ('08:14:56.556117', -14.9), ('08:14:56.571057', -13.6), ('08:14:56.586940', -15.0), ('08:14:56.601959', -14.7), ('08:14:56.617558', -13.8), ('08:14:56.633859', -15.0), ('08:14:56.649269', -14.0), ('08:14:56.665336', -15.0), ('08:14:56.680707', -14.6), ('08:14:56.696169', -14.0), ('08:14:56.711317', -15.0), ('08:14:56.727758', -14.9), ('08:14:56.742660', -14.2), ('08:14:56.758874', -15.0), ('08:14:56.774593', -14.0), ('08:14:56.789487', -14.8), ('08:14:56.805893', -15.0), ('08:14:56.821195', -13.9), ('08:14:56.836427', -15.0), ('08:14:56.852995', -14.9), ('08:14:56.867963', -13.9), ('08:14:56.883410', -15.5), ('08:14:56.899055', -14.0), ('08:14:56.914633', -15.0), ('08:14:56.930594', -15.0), ('08:14:56.946503', -13.3), ('08:14:56.961929', -15.0), ('08:14:56.977666', -14.2), ('08:14:56.992789', -13.9), ('08:14:57.008187', -15.0), ('08:14:57.024130', -14.2), ('08:14:57.039567', -14.7), ('08:14:57.055941', -14.6), ('08:14:57.070989', -13.4), ('08:14:57.086626', -15.1), ('08:14:57.102386', -15.0), ('08:14:57.118496', -13.9), ('08:14:57.133782', -15.0), ('08:14:57.149716', -13.7), ('08:14:57.165313', -15.0), ('08:14:57.180518', -15.0), ('08:14:57.195778', -13.9), ('08:14:57.212240', -15.0), ('08:14:57.227306', -15.0), ('08:14:57.243260', -14.0), ('08:14:57.259163', -14.9), ('08:14:57.274461', -14.0), ('08:14:57.289733', -15.0), ('08:14:57.305732', -14.9), ('08:14:57.320783', -14.0), ('08:14:57.336862', -15.0), ('08:14:57.352224', -15.0), ('08:14:57.367820', -14.0), ('08:14:57.383900', -14.9), ('08:14:57.399538', -14.2), ('08:14:57.415356', -15.0), ('08:14:57.430646', -14.9), ('08:14:57.445871', -14.0), ('08:14:57.461507', -15.0), ('08:14:57.477725', -14.7), ('08:14:57.493346', -13.9), ('08:14:57.508424', -15.4), ('08:14:57.523887', -14.0), ('08:14:57.539647', -14.9), ('08:14:57.555192', -15.0), ('08:14:57.571424', -14.0), ('08:14:57.587274', -15.0), ('08:14:57.602081', -15.1), ('08:14:57.617784', -13.8), ('08:14:57.633581', -15.0), ('08:14:57.649524', -13.9), ('08:14:57.665005', -15.0), ('08:14:57.680048', -15.0), ('08:14:57.696249', -14.0), ('08:14:57.712257', -14.9), ('08:14:57.727664', -15.0), ('08:14:57.743026', -13.6), ('08:14:57.758252', -15.5), ('08:14:57.774629', -13.9), ('08:14:57.790396', -14.8), ('08:14:57.805141', -15.0), ('08:14:57.821293', -13.9), ('08:14:57.836533', -15.0), ('08:14:57.852982', -14.9), ('08:14:57.867542', -14.0), ('08:14:57.883516', -15.5), ('08:14:57.898914', -14.5), ('08:14:57.914646', -14.5), ('08:14:57.930523', -14.9)]
== r3_seedmatrix (24 cases): 1407 pass, 0 fail, 1504 requests, 0 5xx, max latency 0.065s, p99 0.030s
